"UIUC On-Campus Student Enrollment by Curriculum, Sex, Race/Ethnicity, and Residency",,,,,,,,,,,,,,,,,,,,,SPRING 2008,,,,,,,,"PUBLICATION DATE:  November 25, 2009",,,,,,,,,,,,,Division of Management Information,,,,,,*** This report is derived from the Registration Census 10-day student statistics.  Any Codebook changes made after ,,,,,,,,,,,,,,,,,,,,,the tenth day of class will not be reflected.  Students obtaining a second bachelor's degree are no longer counted separately.,,,,,,,,,,,,,,,Term/Year Code,Coll,Dept,Degree,Major code,Major Name,Conc code,Concentration Name (if any),Total,By Gender,,,By Self-reported Race/Ethnicity,,,,,,,By Residency,,Academic Program Code,,,,,,,,,Men,Women,Unknown,Caucasian,Asian American,African American,Hispanic,Native American,International,Unknown,Illinois,Non-Illinois,,,,,,,,,,,,,,,,,,,,,,120081 , , , , ,***Campus total*** , , ,39120,20635,18445,40,24053,4448,2323,2346,107,4914,929,29885,9235,120081 , , , , ,Undergraduate , , ,29139,15308,13796,35,19231,3774,1896,2008,85,1552,593,26089,3050,120081 , , , , ,Graduate , , ,8990,4904,4081,5,4216,584,381,301,17,3340,151,3055,5935,120081 , , , , ,Professional , , ,991,423,568,0,606,90,46,37,5,22,185,741,250,,,,,,,,,,,,,,,,,,,,,,120081 ,KL ,  ,  ,  ,"Agr, Cons, Env Sci ",  ,  ,  ,  ,  ,  ,  ,  ,  ,  ,  ,  ,  ,  ,  , 120081 ,KL ,470 ,BS ,0009 ,"Agribusiness, Farm & Financial ",0010 ,Agri-Accounting ,24,16,8,0,20,1,2,1,0,0,0,24,0,10KL0010BS120081 ,KL ,470 ,BS ,0009 ,"Agribusiness, Farm & Financial ",0011 ,Agri-Finance ,12,10,2,0,12,0,0,0,0,0,0,10,2,10KL0011BS120081 ,KL ,470 ,BS ,0009 ,"Agribusiness, Farm & Financial ",0012 ,Farm Management ,10,10,0,0,8,1,0,0,0,0,1,10,0,10KL0012BS120081 ,KL ,470 ,BS ,0009 ,"Agribusiness, Farm & Financial ",0013 ,Agribusiness Markets & Mgmt ,33,25,7,1,31,0,1,0,0,1,0,32,1,10KL0013BS120081 ,KL ,470 ,BS ,0014 ,Consumer and Textile Marketing ,  ,  ,7,0,7,0,6,1,0,0,0,0,0,7,0,10KL0014BS120081 ,KL ,470 ,BS ,0017 ,"Intl, Resource, Consumer Econ ",0018 ,Consumer Economics & Finance ,21,13,8,0,17,0,1,2,0,0,1,21,0,10KL0018BS120081 ,KL ,470 ,BS ,0017 ,"Intl, Resource, Consumer Econ ",0019 ,Env & Natural Resource Mgmt ,7,2,5,0,6,0,1,0,0,0,0,6,1,10KL0019BS120081 ,KL ,470 ,BS ,0017 ,"Intl, Resource, Consumer Econ ",0021 ,"Policy, Intl Trade, & Dvlpmt ",18,11,7,0,10,7,1,0,0,0,0,17,1,10KL0021BS120081 ,KL ,470 ,BS ,0176 ,Agr & Consumer Economics ,5003 ,Agri-Accounting ,56,34,22,0,38,8,4,3,0,2,1,55,1,10KL5003BS120081 ,KL ,470 ,BS ,0176 ,Agr & Consumer Economics ,5004 ,Agri-Finance ,98,68,30,0,65,22,6,2,0,2,1,92,6,10KL5004BS120081 ,KL ,470 ,BS ,0176 ,Agr & Consumer Economics ,5005 ,Farm Management ,23,21,2,0,23,0,0,0,0,0,0,23,0,10KL5005BS120081 ,KL ,470 ,BS ,0176 ,Agr & Consumer Economics ,5006 ,Agribusiness Markets & Mgmt ,142,93,49,0,123,6,6,4,0,2,1,136,6,10KL5006BS120081 ,KL ,470 ,BS ,0176 ,Agr & Consumer Economics ,5007 ,Consumer Economics & Finance ,124,85,39,0,100,9,4,7,0,1,3,118,6,10KL5007BS120081 ,KL ,470 ,BS ,0176 ,Agr & Consumer Economics ,5008 ,Envirnmntal Economics & Policy ,19,14,5,0,14,1,0,2,0,2,0,16,3,10KL5008BS120081 ,KL ,470 ,BS ,0176 ,Agr & Consumer Economics ,5009 ,Individually Planned Curricula ,1,1,0,0,1,0,0,0,0,0,0,1,0,10KL5009BS120081 ,KL ,470 ,BS ,0176 ,Agr & Consumer Economics ,5010 ,"Policy, Intl Trade, & Dvlpmt ",35,22,13,0,19,9,0,2,0,1,4,34,1,10KL5010BS120081 ,KL ,470 ,BS ,0176 ,Agr & Consumer Economics ,5011 ,Public Policy and Law ,19,13,6,0,16,0,0,2,0,0,1,19,0,10KL5011BS120081 ,KL ,470 ,MS ,0176 ,Agr & Consumer Economics ,  ,  ,18,12,6,0,9,1,1,2,0,5,0,5,13,10KS0176MS120081 ,KL ,470 ,PHD ,0176 ,Agr & Consumer Economics ,  ,  ,49,26,23,0,12,1,1,0,0,35,0,5,44,10KS0176PHD120081 ,KL ,483 ,NDEG ,0067 ,Nondegree ,  ,  ,13,5,8,0,2,1,0,0,0,10,0,3,10,10KL0067NDEG120081 ,KL ,538 ,BS ,0002 ,Animal Sciences ,0005 ,Animal Business Mgt and Ind ,17,11,6,0,16,0,1,0,0,0,0,17,0,10KL0005BS120081 ,KL ,538 ,BS ,0002 ,Animal Sciences ,0006 ,"Companion,Rec,Lab An Sci ",96,13,83,0,83,6,1,3,0,2,1,94,2,10KL0006BS120081 ,KL ,538 ,BS ,0002 ,Animal Sciences ,0007 ,Food Animal Science ,33,18,15,0,32,0,0,1,0,0,0,33,0,10KL0007BS120081 ,KL ,538 ,BS ,0002 ,Animal Sciences ,0008 ,"Science, Biotech & Pre-VetMed ",364,80,283,1,304,19,11,18,2,4,6,356,8,10KL0008BS120081 ,KL ,538 ,MS ,0002 ,Animal Sciences ,  ,  ,45,26,19,0,30,0,1,1,0,13,0,27,18,10KS0002MS120081 ,KL ,538 ,MS ,4026 ,Bioinformatics ,5099 ,Animal Science ,1,0,1,0,1,0,0,0,0,0,0,1,0,10KS5099MS120081 ,KL ,538 ,PHD ,0002 ,Animal Sciences ,  ,  ,53,26,27,0,24,2,0,1,0,26,0,17,36,10KS0002PHD120081 ,KL ,698 ,BS ,0037 ,Food Science & Human Nutrition ,0038 ,Food Science ,67,22,45,0,39,14,3,2,0,9,0,57,10,10KL0038BS120081 ,KL ,698 ,BS ,0037 ,Food Science & Human Nutrition ,0039 ,Food Industry and Business ,34,13,21,0,22,6,2,1,0,3,0,30,4,10KL0039BS120081 ,KL ,698 ,BS ,0037 ,Food Science & Human Nutrition ,0040 ,Human Nutrition ,93,26,67,0,60,18,8,7,0,0,0,92,1,10KL0040BS120081 ,KL ,698 ,BS ,0037 ,Food Science & Human Nutrition ,0041 ,Dietetics ,78,3,75,0,65,5,0,4,0,2,2,76,2,10KL0041BS120081 ,KL ,698 ,BS ,0037 ,Food Science & Human Nutrition ,0042 ,Hospitality Management ,79,21,58,0,59,9,1,7,0,2,1,76,3,10KL0042BS120081 ,KL ,698 ,MS ,0037 ,Food Science & Human Nutrition ,  ,  ,25,6,19,0,14,1,0,1,0,9,0,9,16,10KS0037MS120081 ,KL ,698 ,NDEG ,0037 ,Food Science & Human Nutrition ,  ,  ,1,0,1,0,1,0,0,0,0,0,0,1,0,10KS0037NDEG120081 ,KL ,698 ,PHD ,0037 ,Food Science & Human Nutrition ,  ,  ,30,12,18,0,5,1,0,0,0,22,2,4,26,10KS0037PHD120081 ,KL ,741 ,BS ,0025 ,Technical Systems Management ,  ,  ,90,85,4,1,76,2,7,3,0,1,1,89,1,10KL0025BS120081 ,KL ,741 ,BSAG ,0029 ,Agr Engineering & Agr Science ,  ,  ,39,34,5,0,35,2,1,0,0,0,1,38,1,10KL0029BSAG120081 ,KL ,793 ,BS ,0043 ,Agr & Environmental Cmc & Educ ,0044 ,Agricultural Communications ,7,1,6,0,6,0,1,0,0,0,0,7,0,10KL0044BS120081 ,KL ,793 ,BS ,0043 ,Agr & Environmental Cmc & Educ ,0046 ,Agricultural Leadership ,6,0,6,0,5,0,1,0,0,0,0,6,0,10KL0046BS120081 ,KL ,793 ,BS ,0043 ,Agr & Environmental Cmc & Educ ,0047 ,Agricultural Education ,21,8,13,0,18,0,2,0,0,1,0,20,1,10KL0047BS120081 ,KL ,793 ,BS ,0043 ,Agr & Environmental Cmc & Educ ,5033 ,"Agr, Cons, Env Sci Communictn ",48,10,38,0,43,1,2,2,0,0,0,48,0,10KL5033BS120081 ,KL ,793 ,BS ,0048 ,Human Development & Family St ,0049 ,Child and Adolescent Dev ,129,5,124,0,103,5,8,9,0,2,2,123,6,10KL0049BS120081 ,KL ,793 ,BS ,0048 ,Human Development & Family St ,0050 ,Family Studies ,66,6,60,0,49,5,5,7,0,0,0,65,1,10KL0050BS120081 ,KL ,793 ,MS ,0181 ,Agricultural Education ,  ,  ,3,1,2,0,3,0,0,0,0,0,0,3,0,10KS0181MS120081 ,KL ,793 ,MS ,0183 ,Human & Community Development ,  ,  ,3,1,2,0,2,1,0,0,0,0,0,1,2,10KS0183MS120081 ,KL ,793 ,NDEG ,0183 ,Human & Community Development ,  ,  ,1,0,1,0,0,0,0,1,0,0,0,1,0,10KS0183NDEG120081 ,KL ,793 ,PHD ,0183 ,Human & Community Development ,  ,  ,23,4,19,0,10,2,5,1,0,5,0,6,17,10KS0183PHD120081 ,KL ,802 ,BS ,0030 ,Crop Sciences ,0031 ,Agroecology ,3,2,1,0,3,0,0,0,0,0,0,3,0,10KL0031BS120081 ,KL ,802 ,BS ,0030 ,Crop Sciences ,0033 ,Crops ,17,15,2,0,15,0,0,2,0,0,0,17,0,10KL0033BS120081 ,KL ,802 ,BS ,0030 ,Crop Sciences ,0034 ,Crop Agribusiness ,21,19,2,0,21,0,0,0,0,0,0,21,0,10KL0034BS120081 ,KL ,802 ,BS ,0030 ,Crop Sciences ,0035 ,Plant Biotech & Molecular Bio ,25,14,11,0,22,1,0,2,0,0,0,23,2,10KL0035BS120081 ,KL ,802 ,BS ,0030 ,Crop Sciences ,0036 ,Biological Sciences ,12,6,6,0,7,2,2,1,0,0,0,11,1,10KL0036BS120081 ,KL ,802 ,MS ,0030 ,Crop Sciences ,  ,  ,36,21,15,0,20,3,4,0,0,9,0,20,16,10KS0030MS120081 ,KL ,802 ,PHD ,0030 ,Crop Sciences ,  ,  ,26,14,12,0,9,1,0,1,0,15,0,4,22,10KS0030PHD120081 ,KL ,875 ,BS ,0051 ,Natural Resrcs & Environ Sci ,0052 ,Biological Sciences ,1,0,1,0,0,0,0,1,0,0,0,1,0,10KL0052BS120081 ,KL ,875 ,BS ,0051 ,Natural Resrcs & Environ Sci ,0057 ,Fish and Wildlife Conservation ,73,40,32,1,66,4,0,2,0,0,1,73,0,10KL0057BS120081 ,KL ,875 ,BS ,0051 ,Natural Resrcs & Environ Sci ,3870 ,Forest Science ,15,11,4,0,13,1,0,1,0,0,0,14,1,10KL3870BS120081 ,KL ,875 ,BS ,0051 ,Natural Resrcs & Environ Sci ,3871 ,Human Dimensions ,35,9,26,0,28,3,0,2,0,0,2,34,1,10KL3871BS120081 ,KL ,875 ,BS ,0051 ,Natural Resrcs & Environ Sci ,3872 ,Resource Ecology ,44,18,26,0,38,1,1,2,0,0,2,44,0,10KL3872BS120081 ,KL ,875 ,BS ,0051 ,Natural Resrcs & Environ Sci ,3873 ,Soil and Water Science ,12,6,6,0,10,2,0,0,0,0,0,10,2,10KL3873BS120081 ,KL ,875 ,BS ,0063 ,Horticulture ,  ,  ,1,1,0,0,1,0,0,0,0,0,0,1,0,10KL0063BSX120081 ,KL ,875 ,BS ,0063 ,Horticulture ,0064 ,Horticulture Science ,3,1,2,0,2,0,0,0,0,0,1,3,0,10KL0064BS120081 ,KL ,875 ,BS ,0063 ,Horticulture ,0065 ,Production and Management ,54,37,17,0,51,0,0,2,0,1,0,52,2,10KL0065BS120081 ,KL ,875 ,BS ,0063 ,Horticulture ,0066 ,Urban Forestry ,2,1,1,0,2,0,0,0,0,0,0,2,0,10KL0066BS120081 ,KL ,875 ,MS ,0190 ,Natural Res & Env Sciences ,  ,  ,50,29,21,0,44,1,0,1,0,3,1,32,18,10KS0190MS120081 ,KL ,875 ,NDEG ,0190 ,Natural Res & Env Sciences ,  ,  ,2,1,1,0,2,0,0,0,0,0,0,2,0,10KS0190NDEG120081 ,KL ,875 ,PHD ,0190 ,Natural Res & Env Sciences ,  ,  ,37,20,17,0,19,3,0,0,0,15,0,16,21,10KS0190PHD120081 ,KL ,971 ,MS ,0191 ,Nutritional Sciences ,  ,  ,25,4,21,0,16,3,1,3,0,2,0,14,11,10KS0191MS120081 ,KL ,971 ,PHD ,0191 ,Nutritional Sciences ,  ,  ,35,11,24,0,19,4,2,3,0,7,0,12,23,10KS0191PHD120081 ,KL ,  ,  ,  ,"Agr, Cons, Env Sci ",  ,***College total*** ,2710,1193,1513,4,2045,196,98,119,2,214,36,2340,370,  ,,,,,,,,,,,,,,,,,,,,, ,,,,,,,,,,,,,,,,,,,,,120081 ,KM ,  ,  ,  ,Business ,  ,  ,  ,  ,  ,  ,  ,  ,  ,  ,  ,  ,  ,  ,  , 120081 ,KM ,230 ,MBA ,9875 ,Business Administration (MBA) ,  ,  ,195,137,58,0,62,15,7,6,0,102,3,72,123,10KS9875MBA120081 ,KM ,230 ,MBA ,9875 ,Business Administration (MBA) ,4064 ,MBA ,106,78,28,0,69,16,5,1,0,8,7,104,2,10KS4064MBA120081 ,KM ,260 ,BS ,0075 ,Finance ,  ,  ,583,415,167,1,391,96,18,23,1,47,7,497,86,10KM0075BS120081 ,KM ,260 ,MS ,0075 ,Finance ,  ,  ,2,0,2,0,0,1,0,0,0,1,0,1,1,10KS0075MS120081 ,KM ,260 ,MS ,0075 ,Finance ,3927 ,International Program ,114,61,53,0,1,7,0,1,0,105,0,3,111,10KS3927MS120081 ,KM ,260 ,NDEG ,0075 ,Finance ,  ,  ,8,5,2,1,0,0,0,0,0,8,0,0,8,10KS0075NDEG120081 ,KM ,260 ,PHD ,0075 ,Finance ,  ,  ,19,12,7,0,3,1,1,1,0,13,0,4,15,10KS0075PHD120081 ,KM ,346 ,BS ,0071 ,Accountancy ,  ,  ,573,315,256,2,323,98,25,49,1,64,13,478,95,10KM0071BS120081 ,KM ,346 ,BS ,0071 ,Accountancy ,0072 ,Accountancy (BS/Master Prg) ,214,115,98,1,134,43,4,12,0,18,3,187,27,10KM0072BS120081 ,KM ,346 ,MAS ,0071 ,Accountancy ,  ,  ,199,100,99,0,155,23,2,5,0,13,1,174,25,10KS0071MAS120081 ,KM ,346 ,MS ,0071 ,Accountancy ,0193 ,Tax ,1,1,0,0,0,0,1,0,0,0,0,1,0,10KS0193MS120081 ,KM ,346 ,MS ,0071 ,Accountancy ,0193 ,Tax ,16,8,5,3,8,1,0,0,0,1,6,11,5,10KS0193MS2120081 ,KM ,346 ,MS ,0071 ,Accountancy ,3928 ,International Program ,70,28,42,0,4,5,0,0,0,61,0,6,64,10KS3928MS120081 ,KM ,346 ,NDEG ,0071 ,Accountancy ,0073 ,Accountancy Postb ,28,17,11,0,17,3,2,3,0,3,0,25,3,10KM0073NDEG120081 ,KM ,346 ,PHD ,0071 ,Accountancy ,  ,  ,21,12,9,0,7,1,1,0,0,12,0,4,17,10KS0071PHD120081 ,KM ,902 ,BS ,0079 ,Business Administration ,0080 ,Marketing ,190,67,123,0,119,22,18,24,1,5,1,170,20,10KM0080BS120081 ,KM ,902 ,BS ,0079 ,Business Administration ,0081 ,Organizational Administration ,56,21,35,0,44,3,5,3,0,0,1,49,7,10KM0081BS120081 ,KM ,902 ,BS ,0079 ,Business Administration ,0082 ,Production ,1,1,0,0,1,0,0,0,0,0,0,1,0,10KM0082BS120081 ,KM ,902 ,BS ,0079 ,Business Administration ,0083 ,Management Science ,12,9,3,0,7,1,1,1,0,2,0,10,2,10KM0083BS120081 ,KM ,902 ,BS ,0079 ,Business Administration ,0085 ,Management Info Systems ,30,21,9,0,19,7,4,0,0,0,0,26,4,10KM0085BS120081 ,KM ,902 ,BS ,0079 ,Business Administration ,0086 ,Entrepreneurship ,45,30,15,0,31,3,6,2,0,2,1,43,2,10KM0086BS120081 ,KM ,902 ,BS ,0079 ,Business Administration ,0087 ,Food and Agribusiness Mgt ,1,1,0,0,0,0,0,1,0,0,0,1,0,10KM0087BS120081 ,KM ,902 ,BS ,1432 ,Marketing ,  ,  ,18,4,14,0,13,2,1,1,0,1,0,15,3,10KM1432BS120081 ,KM ,902 ,BS ,1432 ,Marketing ,  ,  ,17,2,15,0,11,3,2,0,1,0,0,16,1,10KM8037BS120081 ,KM ,902 ,BS ,5070 ,Information Sys & Info Tech ,  ,  ,7,5,2,0,4,1,0,2,0,0,0,6,1,10KM5070BS120081 ,KM ,902 ,BS ,5070 ,Information Sys & Info Tech ,  ,  ,2,1,1,0,2,0,0,0,0,0,0,2,0,10KM8037BS120081 ,KM ,902 ,BS ,5071 ,Supply Chain Management ,  ,  ,18,14,4,0,16,2,0,0,0,0,0,14,4,10KM5071BS120081 ,KM ,902 ,BS ,5071 ,Supply Chain Management ,  ,  ,1,1,0,0,1,0,0,0,0,0,0,1,0,10KM8037BS120081 ,KM ,902 ,BS ,5072 ,Business Process Management ,  ,  ,1,1,0,0,0,1,0,0,0,0,0,1,0,10KM5072BS120081 ,KM ,902 ,BS ,5073 ,Management ,0086 ,Entrepreneurship ,6,3,3,0,3,0,1,0,1,1,0,5,1,10KM5073BS120081 ,KM ,902 ,BS ,5073 ,Management ,0086 ,Entrepreneurship ,1,0,1,0,1,0,0,0,0,0,0,1,0,10KM8037BS120081 ,KM ,902 ,BS ,5073 ,Management ,5074 ,International Business ,2,1,1,0,0,0,0,2,0,0,0,1,1,10KM5073BS120081 ,KM ,902 ,BS ,5073 ,Management ,5074 ,International Business ,1,0,1,0,1,0,0,0,0,0,0,1,0,10KM8037BS120081 ,KM ,902 ,BS ,5073 ,Management ,5075 ,General Management ,4,3,1,0,2,1,1,0,0,0,0,4,0,10KM5073BS120081 ,KM ,902 ,BS ,5073 ,Management ,5075 ,General Management ,4,1,3,0,2,1,1,0,0,0,0,4,0,10KM8037BS120081 ,KM ,902 ,MS ,0079 ,Business Administration ,4063 ,Technology Mangement ,48,37,11,0,4,1,0,0,0,43,0,5,43,10KS4063MS120081 ,KM ,902 ,PHD ,0079 ,Business Administration ,  ,  ,47,26,21,0,12,3,0,1,0,31,0,5,42,10KS0079PHD120081 ,KM ,938 ,MBA ,9875 ,Business Administration (MBA) ,3924 ,Executive Program ,104,85,19,0,60,4,5,2,0,1,32,92,12,10KS3924MBA2120081 ,KM ,952 ,NDEG ,0067 ,Nondegree ,  ,  ,24,16,8,0,0,0,0,0,0,23,1,0,24,10KM0067NDEG120081 ,KM ,952 ,NONE ,0070 ,Curric Unassigned ,  ,  ,842,490,352,0,492,107,68,98,3,58,16,739,103,10KM0070NONE120081 ,KM ,  ,  ,  ,Business ,  ,***College total*** ,3631,2144,1479,8,2019,472,179,238,8,623,92,2779,852,  ,,,,,,,,,,,,,,,,,,,,, ,,,,,,,,,,,,,,,,,,,,,120081 ,KN ,  ,  ,  ,Education ,  ,  ,  ,  ,  ,  ,  ,  ,  ,  ,  ,  ,  ,  ,  , 120081 ,KN ,335 ,NDEG ,0067 ,Nondegree ,  ,  ,1,0,1,0,0,0,0,0,0,1,0,1,0,10KN0067NDEG120081 ,KN ,335 ,NONE ,4089 ,Pre-Early Chld/Elem Ed/Spec Ed ,  ,  ,244,15,229,0,193,10,12,22,1,2,4,237,7,10KN4089NONE120081 ,KN ,570 ,BS ,0093 ,Special Education ,  ,  ,66,8,58,0,61,1,1,2,0,0,1,65,1,10KN0093BS120081 ,KN ,570 ,CAS ,0093 ,Special Education ,  ,  ,1,1,0,0,1,0,0,0,0,0,0,1,0,10KS0093CAS120081 ,KN ,570 ,EDM ,0093 ,Special Education ,  ,  ,33,6,27,0,28,0,1,1,0,2,1,30,3,10KS0093EDM120081 ,KN ,570 ,EDM ,0093 ,Special Education ,  ,  ,2,0,2,0,2,0,0,0,0,0,0,2,0,10KS0093EDMX120081 ,KN ,570 ,MA ,0093 ,Special Education ,  ,  ,4,1,3,0,1,1,0,0,0,1,1,2,2,10KS0093MA120081 ,KN ,570 ,MS ,0093 ,Special Education ,  ,  ,7,0,7,0,7,0,0,0,0,0,0,6,1,10KS0093MS120081 ,KN ,570 ,NDEG ,0093 ,Special Education ,  ,  ,1,0,1,0,1,0,0,0,0,0,0,1,0,10KS0093NDEG120081 ,KN ,570 ,PHD ,0093 ,Special Education ,  ,  ,28,7,21,0,16,2,3,1,0,6,0,15,13,10KS0093PHD120081 ,KN ,613 ,BS ,0094 ,Early Childhood Education ,3957 ,ECh: Anthropology ,1,0,1,0,1,0,0,0,0,0,0,1,0,10KN3957BS120081 ,KN ,613 ,BS ,0094 ,Early Childhood Education ,3962 ,ECh: Dance ,1,0,1,0,1,0,0,0,0,0,0,1,0,10KN3962BS120081 ,KN ,613 ,BS ,0094 ,Early Childhood Education ,3967 ,ECh: History ,4,0,4,0,3,0,0,1,0,0,0,4,0,10KN3967BS120081 ,KN ,613 ,BS ,0094 ,Early Childhood Education ,3968 ,ECh: Language arts ,15,0,15,0,11,0,2,1,0,0,1,15,0,10KN3968BS120081 ,KN ,613 ,BS ,0094 ,Early Childhood Education ,3969 ,ECh: Linguistics ,1,0,1,0,1,0,0,0,0,0,0,1,0,10KN3969BS120081 ,KN ,613 ,BS ,0094 ,Early Childhood Education ,3970 ,ECh: Mathematics ,4,0,4,0,4,0,0,0,0,0,0,4,0,10KN3970BS120081 ,KN ,613 ,BS ,0094 ,Early Childhood Education ,3975 ,ECh: Psychology ,10,0,9,1,9,0,0,0,0,0,1,10,0,10KN3975BS120081 ,KN ,613 ,BS ,0094 ,Early Childhood Education ,3976 ,ECh: Sociology ,6,0,6,0,5,0,1,0,0,0,0,6,0,10KN3976BS120081 ,KN ,613 ,BS ,0094 ,Early Childhood Education ,4006 ,ECh: French ,1,0,1,0,1,0,0,0,0,0,0,1,0,10KN4006BS120081 ,KN ,613 ,BS ,0094 ,Early Childhood Education ,4010 ,ECh: Italian ,1,0,1,0,1,0,0,0,0,0,0,1,0,10KN4010BS120081 ,KN ,613 ,BS ,0094 ,Early Childhood Education ,4014 ,ECh: Spanish ,16,0,16,0,9,1,1,5,0,0,0,16,0,10KN4014BS120081 ,KN ,613 ,BS ,0095 ,Elementary Education ,3936 ,EIEd: Anthropology ,1,0,1,0,1,0,0,0,0,0,0,1,0,10KN3936BS120081 ,KN ,613 ,BS ,0095 ,Elementary Education ,3937 ,EIEd: Art ,2,0,2,0,2,0,0,0,0,0,0,2,0,10KN3937BS120081 ,KN ,613 ,BS ,0095 ,Elementary Education ,3939 ,EIEd: Biology ,1,1,0,0,1,0,0,0,0,0,0,1,0,10KN3939BS120081 ,KN ,613 ,BS ,0095 ,Elementary Education ,3942 ,EIEd: Earth Science ,1,0,1,0,0,0,0,1,0,0,0,1,0,10KN3942BS120081 ,KN ,613 ,BS ,0095 ,Elementary Education ,3946 ,EIEd: History ,15,2,13,0,14,0,0,1,0,0,0,15,0,10KN3946BS120081 ,KN ,613 ,BS ,0095 ,Elementary Education ,3947 ,EIEd: Language Arts ,56,1,55,0,47,4,4,0,0,1,0,55,1,10KN3947BS120081 ,KN ,613 ,BS ,0095 ,Elementary Education ,3949 ,EIEd: Mathematics ,77,7,70,0,63,8,1,3,1,0,1,77,0,10KN3949BS120081 ,KN ,613 ,BS ,0095 ,Elementary Education ,3950 ,EIEd: Music ,1,0,1,0,1,0,0,0,0,0,0,1,0,10KN3950BS120081 ,KN ,613 ,BS ,0095 ,Elementary Education ,3954 ,ElEd: Psychology ,36,3,33,0,30,1,2,0,0,1,2,36,0,10KN3954BS120081 ,KN ,613 ,BS ,0095 ,Elementary Education ,3955 ,ElEd: Sociology ,10,1,9,0,7,2,0,0,1,0,0,10,0,10KN3955BS120081 ,KN ,613 ,BS ,0095 ,Elementary Education ,3995 ,EIEd: Chinese ,1,0,1,0,0,1,0,0,0,0,0,1,0,10KN3995BS120081 ,KN ,613 ,BS ,0095 ,Elementary Education ,3996 ,EIEd: French ,4,0,4,0,4,0,0,0,0,0,0,4,0,10KN3996BS120081 ,KN ,613 ,BS ,0095 ,Elementary Education ,4000 ,EIEd: Italian ,1,0,1,0,1,0,0,0,0,0,0,1,0,10KN4000BS120081 ,KN ,613 ,BS ,0095 ,Elementary Education ,4004 ,EIEd: Spanish ,51,2,49,0,38,2,2,7,1,1,0,51,0,10KN4004BS120081 ,KN ,613 ,CAS ,0095 ,Elementary Education ,  ,  ,1,0,1,0,0,0,1,0,0,0,0,1,0,10KS0095CAS120081 ,KN ,613 ,EDD ,0095 ,Elementary Education ,  ,  ,1,1,0,0,1,0,0,0,0,0,0,1,0,10KS0095EDD120081 ,KN ,613 ,EDD ,0215 ,Secondary & Continuing Educ ,  ,  ,1,0,1,0,0,0,1,0,0,0,0,1,0,10KS0215EDD120081 ,KN ,613 ,EDM ,0095 ,Elementary Education ,  ,  ,33,2,31,0,22,2,4,2,0,2,1,30,3,10KS0095EDM120081 ,KN ,613 ,EDM ,0095 ,Elementary Education ,0211 ,Elementary Ed - Cert ,10,0,10,0,8,2,0,0,0,0,0,10,0,10KS0211EDM120081 ,KN ,613 ,EDM ,0215 ,Secondary & Continuing Educ ,  ,  ,10,3,7,0,9,0,0,0,0,1,0,9,1,10KS0215EDM120081 ,KN ,613 ,EDM ,0215 ,Secondary & Continuing Educ ,0216 ,English Certification ,3,1,2,0,3,0,0,0,0,0,0,3,0,10KS0216EDM120081 ,KN ,613 ,EDM ,0215 ,Secondary & Continuing Educ ,0217 ,Social Studies Certification ,4,3,1,0,3,0,0,0,0,0,1,4,0,10KS0217EDM120081 ,KN ,613 ,EDM ,0215 ,Secondary & Continuing Educ ,0218 ,Sciences Certification ,8,4,4,0,5,1,1,1,0,0,0,8,0,10KS0218EDM120081 ,KN ,613 ,EDM ,0215 ,Secondary & Continuing Educ ,0219 ,Mathematics Certification ,6,2,4,0,4,2,0,0,0,0,0,6,0,10KS0219EDM120081 ,KN ,613 ,EDM ,1144 ,Curriculum and Instruction ,  ,  ,2,0,2,0,2,0,0,0,0,0,0,2,0,10KS1144EDM120081 ,KN ,613 ,EDM ,4098 ,Early Childhood Education ,0212 ,Teacher Certification ,1,0,1,0,1,0,0,0,0,0,0,1,0,10KS0212EDM120081 ,KN ,613 ,EDM ,5082 ,Early Childhood Education ,  ,  ,1,0,1,0,1,0,0,0,0,0,0,1,0,10KS5082EDM120081 ,KN ,613 ,EDM ,8527 ,Secondary Education ,  ,  ,3,1,2,0,3,0,0,0,0,0,0,3,0,10KS8527EDM120081 ,KN ,613 ,MA ,0095 ,Elementary Education ,  ,  ,5,0,5,0,2,1,0,0,0,2,0,3,2,10KS0095MA120081 ,KN ,613 ,MA ,0215 ,Secondary & Continuing Educ ,  ,  ,2,0,2,0,1,0,0,0,0,1,0,1,1,10KS0215MA120081 ,KN ,613 ,MS ,0095 ,Elementary Education ,  ,  ,4,0,4,0,2,0,0,1,0,1,0,3,1,10KS0095MS120081 ,KN ,613 ,MS ,0215 ,Secondary & Continuing Educ ,  ,  ,4,3,1,0,1,0,1,0,0,2,0,2,2,10KS0215MS120081 ,KN ,613 ,PHD ,0095 ,Elementary Education ,  ,  ,43,4,39,0,9,1,3,1,0,29,0,11,32,10KS0095PHD120081 ,KN ,613 ,PHD ,0215 ,Secondary & Continuing Educ ,  ,  ,76,28,48,0,27,5,7,2,0,35,0,22,54,10KS0215PHD120081 ,KN ,613 ,PHD ,1144 ,Curriculum and Instruction ,  ,  ,1,1,0,0,1,0,0,0,0,0,0,1,0,10KS1144PHD120081 ,KN ,616 ,NDEG ,0210 ,Educational Psychology ,  ,  ,2,0,2,0,1,0,0,1,0,0,0,2,0,10KS0210NDEG120081 ,KN ,616 ,PHD ,0210 ,Educational Psychology ,  ,  ,116,31,85,0,40,9,13,6,0,48,0,25,91,10KS0210PHD120081 ,KN ,640 ,EDD ,0220 ,Educational Policy Studies ,  ,  ,1,0,1,0,0,0,0,1,0,0,0,0,1,10KS0220EDD120081 ,KN ,640 ,EDM ,0220 ,Educational Policy Studies ,  ,  ,3,1,2,0,0,0,1,1,0,1,0,1,2,10KS0220EDM120081 ,KN ,640 ,EDM ,0220 ,Educational Policy Studies ,  ,  ,3,1,2,0,1,0,2,0,0,0,0,3,0,10KS0220EDMU120081 ,KN ,640 ,MA ,0220 ,Educational Policy Studies ,  ,  ,17,8,9,0,5,0,7,4,0,0,1,13,4,10KS0220MA120081 ,KN ,640 ,PHD ,0220 ,Educational Policy Studies ,  ,  ,108,36,72,0,20,7,36,22,6,17,0,53,55,10KS0220PHD120081 ,KN ,674 ,CAS ,0209 ,Ed Organization and Leadership ,  ,  ,7,0,7,0,6,0,1,0,0,0,0,7,0,10KS0209CAS120081 ,KN ,674 ,EDD ,0209 ,Ed Organization and Leadership ,  ,  ,49,21,28,0,36,1,8,2,0,0,2,49,0,10KS0209EDD120081 ,KN ,674 ,EDD ,0209 ,Ed Organization and Leadership ,  ,  ,2,1,1,0,0,0,1,0,0,0,1,2,0,10KS0209EDDX120081 ,KN ,674 ,EDM ,0209 ,Ed Organization and Leadership ,  ,  ,70,18,52,0,58,2,7,2,0,0,1,67,3,10KS0209EDM120081 ,KN ,674 ,MS ,0209 ,Ed Organization and Leadership ,  ,  ,3,2,1,0,2,1,0,0,0,0,0,3,0,10KS0209MS120081 ,KN ,674 ,PHD ,0209 ,Ed Organization and Leadership ,  ,  ,22,11,11,0,16,0,4,0,0,2,0,16,6,10KS0209PHD120081 ,KN ,760 ,EDD ,4096 ,Human Resource Education ,  ,  ,9,5,4,0,5,0,3,0,0,1,0,8,1,10KS4096EDD120081 ,KN ,760 ,EDM ,4096 ,Human Resource Education ,  ,  ,31,9,22,0,15,2,7,0,0,7,0,22,9,10KS4096EDM120081 ,KN ,760 ,EDM ,4096 ,Human Resource Education ,  ,  ,1,0,1,0,0,0,1,0,0,0,0,1,0,10KS4096EDMU120081 ,KN ,760 ,MS ,4096 ,Human Resource Education ,  ,  ,2,0,2,0,0,0,1,0,0,1,0,2,0,10KS4096MS120081 ,KN ,760 ,PHD ,4096 ,Human Resource Education ,  ,  ,45,23,22,0,13,0,5,0,0,26,1,18,27,10KS4096PHD120081 ,KN ,  ,  ,  ,Education ,  ,***College total*** ,1414,275,1138,1,888,69,145,91,10,191,20,1091,323,  ,,,,,,,,,,,,,,,,,,,,, ,,,,,,,,,,,,,,,,,,,,,120081 ,KP ,  ,  ,  ,Engineering ,  ,  ,  ,  ,  ,  ,  ,  ,  ,  ,  ,  ,  ,  ,  , 120081 ,KP ,227 ,BS ,0102 ,Agricultural Engineering ,  ,  ,37,32,5,0,35,0,0,1,0,1,0,35,2,10KP0102BS120081 ,KP ,227 ,MS ,0102 ,Agricultural Engineering ,  ,  ,24,20,4,0,15,0,1,0,0,8,0,13,11,10KS0102MS120081 ,KP ,227 ,NDEG ,0067 ,Nondegree ,  ,  ,83,63,20,0,4,1,0,1,1,76,0,6,77,10KP0067NDEG120081 ,KP ,227 ,PHD ,0102 ,Agricultural Engineering ,  ,  ,23,20,3,0,2,1,0,0,0,20,0,1,22,10KS0102PHD120081 ,KP ,244 ,BS ,0121 ,Engineering Physics ,  ,  ,124,110,14,0,91,17,1,7,0,4,4,99,25,10KP0121BS120081 ,KP ,244 ,MS ,0240 ,Physics ,  ,  ,1,1,0,0,1,0,0,0,0,0,0,1,0,10KS0240MS120081 ,KP ,244 ,NDEG ,0240 ,Physics ,  ,  ,1,1,0,0,1,0,0,0,0,0,0,1,0,10KS0240NDEG120081 ,KP ,244 ,PHD ,0240 ,Physics ,  ,  ,286,246,40,0,122,14,2,4,0,141,3,25,261,10KS0240PHD120081 ,KP ,251 ,BS ,0106 ,Civil Engineering ,  ,  ,521,401,119,1,402,51,12,22,1,24,9,464,57,10KP0106BS120081 ,KP ,251 ,MS ,0106 ,Civil Engineering ,  ,  ,118,91,27,0,71,7,0,4,0,34,2,54,64,10KS0106MS120081 ,KP ,251 ,MS ,0231 ,Environ Engr in Civil Engr ,  ,  ,29,13,16,0,12,3,0,2,0,12,0,7,22,10KS0231MS120081 ,KP ,251 ,MS ,0232 ,Environ Science in Civil Engr ,  ,  ,6,3,3,0,3,1,0,0,0,2,0,1,5,10KS0232MS120081 ,KP ,251 ,NDEG ,0106 ,Civil Engineering ,  ,  ,2,0,2,0,1,1,0,0,0,0,0,2,0,10KS0106NDEG120081 ,KP ,251 ,PHD ,0106 ,Civil Engineering ,  ,  ,149,131,18,0,27,4,1,4,0,111,2,12,137,10KS0106PHD120081 ,KP ,251 ,PHD ,0231 ,Environ Engr in Civil Engr ,  ,  ,34,19,15,0,5,3,0,0,0,26,0,2,32,10KS0231PHD120081 ,KP ,251 ,PHD ,0232 ,Environ Science in Civil Engr ,  ,  ,8,3,5,0,1,2,0,0,0,5,0,1,7,10KS0232PHD120081 ,KP ,343 ,BS ,0408 ,Bioengineering ,  ,  ,103,62,41,0,63,33,0,1,0,5,1,96,7,10KP0408BS120081 ,KP ,343 ,MS ,0408 ,Bioengineering ,  ,  ,5,2,3,0,3,0,0,0,0,2,0,3,2,10KS0408MS120081 ,KP ,343 ,PHD ,0408 ,Bioengineering ,  ,  ,23,12,11,0,8,3,1,0,0,11,0,6,17,10KS0408PHD120081 ,KP ,422 ,BS ,0124 ,General Engineering ,  ,  ,549,437,112,0,420,78,5,17,0,21,8,492,57,10KP0124BS120081 ,KP ,422 ,BS ,0127 ,Industrial Engineering ,  ,  ,63,44,19,0,35,11,2,2,0,12,1,47,16,10KP0127BS120081 ,KP ,422 ,MS ,0124 ,General Engineering ,  ,  ,6,6,0,0,3,0,0,0,0,3,0,3,3,10KS0124MS120081 ,KP ,422 ,MS ,0127 ,Industrial Engineering ,  ,  ,8,3,5,0,2,0,0,0,0,6,0,1,7,10KS0127MS120081 ,KP ,422 ,MS ,3846 ,Systems & Entrepreneurial Engr ,  ,  ,4,3,1,0,2,0,0,0,0,2,0,1,3,10KS3846MS120081 ,KP ,422 ,PHD ,0127 ,Industrial Engineering ,  ,  ,16,11,5,0,4,0,0,0,0,12,0,1,15,10KS0127PHD120081 ,KP ,422 ,PHD ,3846 ,Systems & Entrepreneurial Engr ,  ,  ,25,23,2,0,2,1,2,2,0,18,0,4,21,10KS3846PHD120081 ,KP ,434 ,BS ,0112 ,Computer Science ,  ,  ,549,490,58,1,333,109,11,18,1,66,11,386,163,10KP0112BS120081 ,KP ,434 ,BS ,0112 ,Computer Science ,1854 ,CS:BS/MS Program ,4,3,1,0,2,1,0,0,0,1,0,3,1,10KP1854BS120081 ,KP ,434 ,MCS ,0112 ,Computer Science ,  ,  ,15,11,4,0,2,1,0,0,0,12,0,1,14,10KS0112MCS120081 ,KP ,434 ,MCS ,0112 ,Computer Science ,  ,  ,1,1,0,0,1,0,0,0,0,0,0,1,0,10KS0112MCSU120081 ,KP ,434 ,MS ,0112 ,Computer Science ,  ,  ,18,14,4,0,4,3,0,0,0,11,0,4,14,10KS0112MS120081 ,KP ,434 ,MS ,0112 ,Computer Science ,1854 ,CS:BS/MS Program ,5,5,0,0,3,1,0,1,0,0,0,5,0,10KS1854MS120081 ,KP ,434 ,MS ,4026 ,Bioinformatics ,4028 ,Computer Science ,3,2,1,0,1,0,0,0,0,2,0,1,2,10KS4028MS120081 ,KP ,434 ,PHD ,0112 ,Computer Science ,  ,  ,316,269,47,0,74,22,4,1,0,214,1,26,290,10KS0112PHD120081 ,KP ,615 ,BS ,4048 ,Aerospace Engineering ,  ,  ,368,321,47,0,274,45,7,14,2,15,11,314,54,10KP4048BS120081 ,KP ,615 ,MS ,4048 ,Aerospace Engineering ,  ,  ,51,45,5,1,22,4,1,1,0,21,2,20,31,10KS4048MS120081 ,KP ,615 ,PHD ,4048 ,Aerospace Engineering ,  ,  ,34,30,4,0,14,1,2,2,0,15,0,7,27,10KS4048PHD120081 ,KP ,917 ,BS ,0118 ,Engineering Mechanics ,  ,  ,46,34,12,0,35,7,0,1,0,1,2,41,5,10KP0118BS120081 ,KP ,917 ,BS ,0133 ,Mechanical Engineering ,  ,  ,767,675,90,2,555,99,19,30,0,47,17,651,116,10KP0133BS120081 ,KP ,917 ,BS ,0133 ,Mechanical Engineering ,4018 ,BS/MS Mechanical Engineering ,12,11,1,0,8,3,0,0,0,1,0,10,2,10KP4018BS120081 ,KP ,917 ,MS ,0133 ,Mechanical Engineering ,  ,  ,84,72,12,0,43,4,0,0,0,35,2,23,61,10KS0133MS120081 ,KP ,917 ,MS ,0133 ,Mechanical Engineering ,4018 ,BS/MS Mechanical Engineering ,14,13,1,0,11,1,0,0,0,2,0,11,3,10KS4018MS120081 ,KP ,917 ,MS ,0242 ,Theoretical & Applied Mechans ,  ,  ,11,11,0,0,9,0,0,0,0,2,0,3,8,10KS0242MS120081 ,KP ,917 ,PHD ,0133 ,Mechanical Engineering ,  ,  ,118,102,16,0,26,3,3,2,0,84,0,14,104,10KS0133PHD120081 ,KP ,917 ,PHD ,0242 ,Theoretical & Applied Mechans ,  ,  ,39,32,7,0,12,1,0,1,0,25,0,7,32,10KS0242PHD120081 ,KP ,919 ,BS ,0130 ,Materials Science & Engr ,  ,  ,233,184,49,0,159,43,7,4,1,13,6,191,42,10KP0130BS120081 ,KP ,919 ,MS ,0130 ,Materials Science & Engr ,  ,  ,4,2,2,0,2,1,0,0,0,1,0,1,3,10KS0130MS120081 ,KP ,919 ,MS ,0130 ,Materials Science & Engr ,5012 ,BS/MS Materials Science & Eng ,1,1,0,0,1,0,0,0,0,0,0,0,1,10KS5012MS120081 ,KP ,919 ,PHD ,0130 ,Materials Science & Engr ,  ,  ,155,114,41,0,49,19,1,2,0,84,0,13,142,10KS0130PHD120081 ,KP ,933 ,BS ,0109 ,Computer Engineering ,  ,  ,401,362,37,2,228,86,16,25,0,42,4,294,107,10KP0109BS120081 ,KP ,933 ,BS ,0115 ,Electrical Engineering ,  ,  ,718,638,80,0,304,221,11,30,0,138,14,465,253,10KP0115BS120081 ,KP ,933 ,MS ,0115 ,Electrical Engineering ,  ,  ,1,1,0,0,1,0,0,0,0,0,0,0,1,10KS0115MS120081 ,KP ,933 ,MS ,1200 ,Electrical & Computer Engr ,  ,  ,232,203,29,0,80,40,3,6,0,100,3,56,176,10KS1200MS120081 ,KP ,933 ,NDEG ,1200 ,Electrical & Computer Engr ,  ,  ,3,2,1,0,0,1,0,0,0,2,0,1,2,10KS1200NDEG120081 ,KP ,933 ,PHD ,0115 ,Electrical Engineering ,  ,  ,5,4,1,0,3,1,0,0,0,1,0,3,2,10KS0115PHD120081 ,KP ,933 ,PHD ,1200 ,Electrical & Computer Engr ,  ,  ,260,229,31,0,68,27,3,6,0,154,2,35,225,10KS1200PHD120081 ,KP ,973 ,BS ,0139 ,Nuclear Engineering ,  ,  ,96,78,18,0,70,13,1,5,2,3,2,79,17,10KP0139BS120081 ,KP ,973 ,MS ,0139 ,Nuclear Engineering ,  ,  ,16,12,4,0,13,1,0,0,0,2,0,9,7,10KS0139MS120081 ,KP ,973 ,PHD ,0139 ,Nuclear Engineering ,  ,  ,47,38,9,0,14,4,1,1,0,27,0,11,36,10KS0139PHD120081 ,KP ,  ,  ,  ,Engineering ,  ,***College total*** ,6875,5766,1102,7,3756,993,117,217,8,1677,107,4064,2811,  ,,,,,,,,,,,,,,,,,,,,, ,,,,,,,,,,,,,,,,,,,,,120081 ,KR ,  ,  ,  ,Fine & Applied Arts ,  ,  ,  ,  ,  ,  ,  ,  ,  ,  ,  ,  ,  ,  ,  , 120081 ,KR ,447 ,NDEG ,0067 ,Nondegree ,  ,  ,18,6,12,0,3,1,1,0,0,12,1,5,13,10KR0067NDEG120081 ,KR ,495 ,AMUSD ,0265 ,Music ,  ,  ,210,92,118,0,86,10,3,3,1,97,10,49,161,10KS0265AMUS120081 ,KR ,495 ,BA ,0265 ,Music ,  ,  ,16,10,6,0,9,3,0,1,0,0,3,14,2,10KR0265BA120081 ,KR ,495 ,BME ,0168 ,Music Education ,3930 ,Choral Music ,57,27,30,0,47,7,1,2,0,0,0,56,1,10KR3930BME120081 ,KR ,495 ,BME ,0168 ,Music Education ,3931 ,Instrumental Music ,140,72,68,0,121,7,2,5,0,0,5,132,8,10KR3931BME120081 ,KR ,495 ,BME ,0168 ,Music Education ,3932 ,Elementary General Music ,8,2,6,0,6,2,0,0,0,0,0,8,0,10KR3932BME120081 ,KR ,495 ,BMUS ,0157 ,Voice ,  ,  ,24,6,18,0,20,0,2,0,0,1,1,21,3,10KR0157BMUS120081 ,KR ,495 ,BMUS ,0158 ,Instrumental Music ,  ,  ,111,55,56,0,83,12,2,5,1,5,3,83,28,10KR0158BMUS120081 ,KR ,495 ,BMUS ,0159 ,Music Composition ,  ,  ,7,6,1,0,5,0,0,0,0,1,1,5,2,10KR0159BMUS120081 ,KR ,495 ,BMUS ,0160 ,Music History ,  ,  ,2,1,1,0,1,0,0,1,0,0,0,1,1,10KR0160BMUS120081 ,KR ,495 ,BMUS ,0161 ,Open Studies ,  ,  ,7,4,3,0,5,0,0,1,0,1,0,5,2,10KR0161BMUS120081 ,KR ,495 ,BMUS ,5045 ,Jazz Performance ,  ,  ,21,20,1,0,18,2,0,0,0,0,1,16,5,10KR5045BMUS120081 ,KR ,495 ,EDD ,0168 ,Music Education ,  ,  ,15,10,5,0,11,0,1,0,0,3,0,4,11,10KS0168EDD120081 ,KR ,495 ,MME ,0168 ,Music Education ,  ,  ,7,4,3,0,6,1,0,0,0,0,0,3,4,10KS0168MME120081 ,KR ,495 ,MMUS ,0265 ,Music ,  ,  ,109,56,53,0,71,7,0,6,0,21,4,30,79,10KS0265MMUS120081 ,KR ,495 ,MS ,0168 ,Music Education ,  ,  ,1,0,1,0,0,1,0,0,0,0,0,1,0,10KS0168MS120081 ,KR ,495 ,NDEG ,0265 ,Music ,  ,  ,2,1,1,0,2,0,0,0,0,0,0,2,0,10KS0265NDEG120081 ,KR ,495 ,PHD ,0168 ,Music Education ,  ,  ,1,1,0,0,1,0,0,0,0,0,0,0,1,10KS0168PHD120081 ,KR ,495 ,PHD ,0265 ,Music ,  ,  ,1,1,0,0,1,0,0,0,0,0,0,0,1,10KS0265PHD120081 ,KR ,495 ,PHD ,1481 ,Musicology ,  ,  ,18,9,9,0,10,0,1,0,0,7,0,2,16,10KS1481PHD120081 ,KR ,526 ,BFA ,0148 ,Graphic Design ,  ,  ,71,22,49,0,43,20,0,3,0,4,1,60,11,10KR0148BFA120081 ,KR ,526 ,BFA ,0149 ,Crafts ,3933 ,Ceramics ,8,2,6,0,4,1,0,3,0,0,0,8,0,10KR3933BFA120081 ,KR ,526 ,BFA ,0149 ,Crafts ,3935 ,Metals ,11,2,9,0,8,1,0,1,1,0,0,11,0,10KR3935BFA120081 ,KR ,526 ,BFA ,0150 ,History of Art ,  ,  ,11,1,10,0,10,0,0,0,0,0,1,11,0,10KR0150BFA120081 ,KR ,526 ,BFA ,0151 ,Photography ,  ,  ,27,13,14,0,23,1,0,3,0,0,0,26,1,10KR0151BFA120081 ,KR ,526 ,BFA ,0152 ,Industrial Design ,  ,  ,97,52,45,0,62,16,3,6,0,9,1,83,14,10KR0152BFA120081 ,KR ,526 ,BFA ,0153 ,Painting ,  ,  ,36,10,26,0,27,2,1,4,0,0,2,34,2,10KR0153BFA120081 ,KR ,526 ,BFA ,0154 ,Sculpture ,  ,  ,12,3,9,0,11,1,0,0,0,0,0,12,0,10KR0154BFA120081 ,KR ,526 ,BFA ,0169 ,Art Education ,  ,  ,68,8,60,0,60,3,0,3,1,1,0,68,0,10KR0169BFA120081 ,KR ,526 ,BFA ,5128 ,New Media ,  ,  ,7,5,2,0,4,2,1,0,0,0,0,7,0,10KR5128BFA120081 ,KR ,526 ,MA ,0169 ,Art Education ,  ,  ,15,2,13,0,13,1,0,1,0,0,0,15,0,10KS0169MA120081 ,KR ,526 ,MA ,0250 ,Art History ,  ,  ,15,3,12,0,9,1,0,0,0,4,1,4,11,10KS0250MA120081 ,KR ,526 ,MFA ,0252 ,Art and Design ,  ,  ,7,4,3,0,5,1,0,1,0,0,0,1,6,10KS0252MFA120081 ,KR ,526 ,MFA ,0252 ,Art and Design ,0254 ,Graphic Design ,1,0,1,0,0,1,0,0,0,0,0,1,0,10KS0254MFA120081 ,KR ,526 ,MFA ,0252 ,Art and Design ,0255 ,Industrial Design ,6,2,4,0,1,0,0,0,0,5,0,1,5,10KS0255MFA120081 ,KR ,526 ,MFA ,0252 ,Art and Design ,0256 ,Metals ,5,1,4,0,1,1,0,0,0,3,0,0,5,10KS0256MFA120081 ,KR ,526 ,MFA ,0252 ,Art and Design ,0257 ,Painting ,9,5,4,0,2,1,1,1,1,3,0,2,7,10KS0257MFA120081 ,KR ,526 ,MFA ,0252 ,Art and Design ,0258 ,Photography ,5,3,2,0,5,0,0,0,0,0,0,1,4,10KS0258MFA120081 ,KR ,526 ,MFA ,0252 ,Art and Design ,0260 ,Sculpture ,6,4,2,0,6,0,0,0,0,0,0,3,3,10KS0260MFA120081 ,KR ,526 ,NDEG ,0252 ,Art and Design ,  ,  ,2,1,1,0,2,0,0,0,0,0,0,2,0,10KS0252NDEG120081 ,KR ,526 ,NONE ,4090 ,Art Foundation ,  ,  ,128,40,88,0,90,18,3,9,0,8,0,114,14,10KR4090NONE120081 ,KR ,526 ,PHD ,0169 ,Art Education ,  ,  ,11,2,9,0,2,2,0,0,0,7,0,2,9,10KS0169PHD120081 ,KR ,526 ,PHD ,0250 ,Art History ,  ,  ,22,4,18,0,14,0,1,3,0,4,0,7,15,10KS0250PHD120081 ,KR ,569 ,BLA ,0156 ,Landscape Architecture ,  ,  ,111,75,36,0,90,7,5,6,0,2,1,104,7,10KR0156BLA120081 ,KR ,569 ,MLA ,0156 ,Landscape Architecture ,  ,  ,23,10,13,0,19,0,0,1,0,3,0,14,9,10KS0156MLA120081 ,KR ,569 ,PHD ,0156 ,Landscape Architecture ,  ,  ,8,4,4,0,5,0,1,0,0,2,0,2,6,10KS0156PHD120081 ,KR ,733 ,BA ,0155 ,Urban Planning ,  ,  ,108,66,42,0,81,2,9,8,1,5,2,100,8,10KR0155BA120081 ,KR ,733 ,MUP ,0155 ,Urban Planning ,  ,  ,42,16,26,0,24,1,4,1,0,10,2,27,15,10KS0155MUP120081 ,KR ,733 ,NDEG ,0155 ,Urban Planning ,  ,  ,2,2,0,0,1,0,1,0,0,0,0,1,1,10KS0155NDEG120081 ,KR ,733 ,PHD ,0274 ,Regional Planning ,  ,  ,21,11,10,0,7,3,0,1,0,10,0,1,20,10KS0274PHD120081 ,KR ,767 ,BS ,0146 ,Architectural Studies ,  ,  ,525,287,238,0,369,63,17,40,2,28,6,471,54,10KR0146BS120081 ,KR ,767 ,MARCH ,0249 ,Architecture ,0246 ,Architecture - 1yr ,3,1,2,0,1,1,0,0,0,1,0,1,2,10KS0246MARC120081 ,KR ,767 ,MARCH ,0249 ,Architecture ,0247 ,Architecture - 2 Yr ,150,96,54,0,99,8,4,9,0,28,2,94,56,10KS0247MARC120081 ,KR ,767 ,MARCH ,0249 ,Architecture ,0248 ,Architecture Track 3 ,38,21,17,0,31,2,0,2,0,2,1,30,8,10KS0248MARC120081 ,KR ,767 ,NDEG ,0249 ,Architecture ,  ,  ,1,0,1,0,0,0,0,0,0,1,0,0,1,10KS0249NDEG120081 ,KR ,767 ,PHD ,0249 ,Architecture ,  ,  ,13,6,7,0,3,0,0,0,0,10,0,2,11,10KS0249PHD120081 ,KR ,801 ,BFA ,0261 ,Dance ,  ,  ,65,8,57,0,51,1,7,2,0,2,2,47,18,10KR0261BFA120081 ,KR ,801 ,MFA ,0261 ,Dance ,  ,  ,12,2,10,0,9,0,0,0,0,3,0,5,7,10KS0261MFA120081 ,KR ,883 ,BFA ,0162 ,Theatre ,0163 ,Professional Studio in Acting ,11,6,5,0,11,0,0,0,0,0,0,10,1,10KR0163BFA120081 ,KR ,883 ,BFA ,0162 ,Theatre ,3979 ,Scene Design ,1,0,1,0,1,0,0,0,0,0,0,1,0,10KR3979BFA120081 ,KR ,883 ,BFA ,0162 ,Theatre ,3980 ,Stage Management ,6,2,4,0,5,0,0,1,0,0,0,6,0,10KR3980BFA120081 ,KR ,883 ,BFA ,0162 ,Theatre ,3985 ,Theatre Studies ,21,4,17,0,16,0,2,1,0,1,1,18,3,10KR3985BFA120081 ,KR ,883 ,BFA ,0162 ,Theatre ,3994 ,Theatre Technology & Lighting ,3,3,0,0,3,0,0,0,0,0,0,2,1,10KR3994BFA120081 ,KR ,883 ,BFA ,0162 ,Theatre ,4081 ,Acting ,39,19,20,0,31,0,4,2,0,0,2,33,6,10KR4081BFA120081 ,KR ,883 ,BFA ,0162 ,Theatre ,4083 ,Scenic Technology ,3,3,0,0,3,0,0,0,0,0,0,3,0,10KR4083BFA120081 ,KR ,883 ,BFA ,0162 ,Theatre ,4084 ,Lighting Design ,5,5,0,0,5,0,0,0,0,0,0,5,0,10KR4084BFA120081 ,KR ,883 ,BFA ,0162 ,Theatre ,4086 ,Scenic Design ,5,1,4,0,5,0,0,0,0,0,0,5,0,10KR4086BFA120081 ,KR ,883 ,MA ,0162 ,Theatre ,  ,  ,4,1,3,0,2,0,0,0,0,2,0,2,2,10KS0162MA120081 ,KR ,883 ,MFA ,0162 ,Theatre ,0271 ,Design and Technology ,35,12,23,0,27,0,2,4,0,2,0,4,31,10KS0271MFA120081 ,KR ,883 ,MFA ,0162 ,Theatre ,0272 ,Acting ,10,6,4,0,7,0,3,0,0,0,0,0,10,10KS0272MFA120081 ,KR ,883 ,NONE ,0162 ,Theatre ,4080 ,Theatre Foundations ,23,9,14,0,18,1,1,1,0,0,2,22,1,10KR4080NONE120081 ,KR ,883 ,PHD ,0162 ,Theatre ,  ,  ,10,5,5,0,8,1,0,0,0,1,0,4,6,10KS0162PHD120081 ,KR ,  ,  ,  ,Fine & Applied Arts ,  ,***College total*** ,2653,1253,1400,0,1840,216,83,141,8,309,56,1924,729,  ,,,,,,,,,,,,,,,,,,,,, ,,,,,,,,,,,,,,,,,,,,,120081 ,KS ,  ,  ,  ,Graduate College ,  ,  ,  ,  ,  ,  ,  ,  ,  ,  ,  ,  ,  ,  ,  , 120081 ,KS ,486 ,NDEG ,0067 ,Nondegree ,  ,  ,2,1,1,0,0,1,1,0,0,0,0,1,1,10KS0067NDEG120081 ,KS ,  ,  ,  ,Graduate College ,  ,***College total*** ,2,1,1,0,0,1,1,0,0,0,0,1,1,  ,,,,,,,,,,,,,,,,,,,,, ,,,,,,,,,,,,,,,,,,,,,120081 ,KT ,  ,  ,  ,Communications ,  ,  ,  ,  ,  ,  ,  ,  ,  ,  ,  ,  ,  ,  ,  , 120081 ,KT ,238 ,BS ,0382 ,Media Studies ,  ,  ,114,37,77,0,86,5,9,8,0,4,2,105,9,10KT0382BS120081 ,KT ,238 ,PHD ,0279 ,Communications ,  ,  ,53,24,29,0,19,3,6,7,0,18,0,9,44,10KS0279PHD120081 ,KT ,408 ,BS ,0277 ,Advertising ,  ,  ,445,117,328,0,344,32,28,21,3,11,6,417,28,10KT0277BS120081 ,KT ,408 ,MS ,0277 ,Advertising ,  ,  ,27,7,20,0,9,2,1,0,0,14,1,8,19,10KS0277MS120081 ,KT ,642 ,BSJ ,0380 ,News-Editorial ,  ,  ,169,58,111,0,122,18,14,13,0,0,2,163,6,10KT0380BSJ120081 ,KT ,642 ,BSJ ,0381 ,Broadcast Journalism ,  ,  ,96,28,68,0,72,6,12,5,0,0,1,92,4,10KT0381BSJ120081 ,KT ,642 ,MS ,0278 ,Journalism ,  ,  ,22,13,9,0,17,0,1,1,0,3,0,16,6,10KS0278MS120081 ,KT ,934 ,NDEG ,0067 ,Nondegree ,  ,  ,4,0,4,0,0,0,0,0,0,4,0,0,4,10KT0067NDEG120081 ,KT ,934 ,NONE ,0390 ,General Curriculum ,  ,  ,74,21,53,0,59,2,5,4,0,2,2,69,5,10KT0390NONE120081 ,KT ,  ,  ,  ,Communications ,  ,***College total*** ,1004,305,699,0,728,68,76,59,3,56,14,879,125,  ,,,,,,,,,,,,,,,,,,,,, ,,,,,,,,,,,,,,,,,,,,,120081 ,KU ,  ,  ,  ,Law ,  ,  ,  ,  ,  ,  ,  ,  ,  ,  ,  ,  ,  ,  ,  , 120081 ,KU ,853 ,JD ,0385 ,Law ,  ,  ,567,337,230,0,322,72,44,32,3,19,75,384,183,10KU0385JD120081 ,KU ,853 ,JSD ,0281 ,Law ,  ,  ,9,5,4,0,0,0,0,0,0,9,0,0,9,10KS0281JSD120081 ,KU ,853 ,LLM ,0281 ,Law ,  ,  ,42,17,25,0,0,0,1,0,0,41,0,3,39,10KS0281LLM120081 ,KU ,  ,  ,  ,Law ,  ,***College total*** ,618,359,259,0,322,72,45,32,3,69,75,387,231,  ,,,,,,,,,,,,,,,,,,,,, ,,,,,,,,,,,,,,,,,,,,,120081 ,KV ,  ,  ,  ,Liberal Arts & Sci ,  ,  ,  ,  ,  ,  ,  ,  ,  ,  ,  ,  ,  ,  ,  , 120081 ,KV ,241 ,BALAS ,0340 ,Anthropology ,  ,  ,140,47,93,0,101,10,9,16,0,2,2,134,6,10KV0340BALA120081 ,KV ,241 ,BALAS ,0340 ,Anthropology ,  ,  ,7,3,4,0,5,0,0,1,0,0,1,7,0,10KV8037BALA120081 ,KV ,241 ,BALAS ,0340 ,Anthropology ,5043 ,Socioculturl & Linguistic Anth ,5,1,4,0,3,0,1,1,0,0,0,5,0,10KV5043BALA120081 ,KV ,241 ,BALAS ,0340 ,Anthropology ,5043 ,Socioculturl & Linguistic Anth ,1,0,1,0,1,0,0,0,0,0,0,1,0,10KV8037BALA120081 ,KV ,241 ,MA ,0340 ,Anthropology ,  ,  ,1,0,1,0,1,0,0,0,0,0,0,1,0,10KS0340MA120081 ,KV ,241 ,PHD ,0340 ,Anthropology ,  ,  ,65,25,40,0,36,2,1,11,1,14,0,12,53,10KS0340PHD120081 ,KV ,253 ,BSLAS ,0334 ,Atmospheric Sciences ,  ,  ,20,12,8,0,19,0,0,1,0,0,0,19,1,10KV0334BSLA120081 ,KV ,253 ,MS ,0334 ,Atmospheric Sciences ,  ,  ,17,10,7,0,14,1,1,0,0,0,1,5,12,10KS0334MS120081 ,KV ,253 ,PHD ,0334 ,Atmospheric Sciences ,  ,  ,28,15,13,0,7,1,1,1,0,18,0,1,27,10KS0334PHD120081 ,KV ,257 ,BALAS ,0439 ,Mathematics ,  ,  ,1,0,1,0,1,0,0,0,0,0,0,1,0,10KV0439BALA120081 ,KV ,257 ,BSLAS ,0439 ,Mathematics ,  ,  ,217,115,102,0,161,28,5,9,0,10,4,198,19,10KV0439BSLA120081 ,KV ,257 ,BSLAS ,0439 ,Mathematics ,  ,  ,3,1,2,0,3,0,0,0,0,0,0,3,0,10KV8037BSLA120081 ,KV ,257 ,BSLAS ,0439 ,Mathematics ,3894 ,Operations Research ,1,1,0,0,1,0,0,0,0,0,0,1,0,10KV3894BSLA120081 ,KV ,257 ,BSLAS ,0439 ,Mathematics ,3894 ,Operations Research ,1,1,0,0,0,0,0,0,0,1,0,0,1,10KV8037BSLA120081 ,KV ,257 ,BSLAS ,0439 ,Mathematics ,3895 ,Applied Mathematics ,8,4,4,0,6,1,0,1,0,0,0,8,0,10KV3895BSLA120081 ,KV ,257 ,BSLAS ,0439 ,Mathematics ,3895 ,Applied Mathematics ,1,1,0,0,0,1,0,0,0,0,0,1,0,10KV8037BSLA120081 ,KV ,257 ,BSLAS ,0439 ,Mathematics ,3896 ,Graduate Preparation ,3,2,1,0,2,0,0,0,0,1,0,2,1,10KV3896BSLA120081 ,KV ,257 ,BSLAS ,0439 ,Mathematics ,3897 ,Mathematics Teaching Option ,60,20,40,0,52,4,3,1,0,0,0,59,1,10KV3897BSLA120081 ,KV ,257 ,BSLAS ,0461 ,Actuarial Science ,  ,  ,264,184,80,0,150,44,4,2,0,58,6,204,60,10KV0461BSLA120081 ,KV ,257 ,BSLAS ,0461 ,Actuarial Science ,  ,  ,12,9,3,0,9,3,0,0,0,0,0,11,1,10KV8037BSLA120081 ,KV ,257 ,BSLAS ,1438 ,Math & Computer Science ,  ,  ,90,84,6,0,53,18,3,5,1,9,1,73,17,10KV1438BSLA120081 ,KV ,257 ,MS ,0290 ,Teaching of Mathematics ,  ,  ,2,2,0,0,2,0,0,0,0,0,0,1,1,10KS0290MS120081 ,KV ,257 ,MS ,0327 ,Applied Mathematics ,  ,  ,13,11,2,0,2,2,0,0,0,9,0,3,10,10KS0327MS120081 ,KV ,257 ,MS ,0327 ,Applied Mathematics ,0328 ,Actuarial Science ,12,4,8,0,3,1,0,0,0,8,0,3,9,10KS0328MS120081 ,KV ,257 ,MS ,0439 ,Mathematics ,  ,  ,6,5,1,0,1,1,0,0,0,4,0,1,5,10KS0439MS120081 ,KV ,257 ,NDEG ,0439 ,Mathematics ,  ,  ,2,2,0,0,1,0,0,0,0,1,0,1,1,10KS0439NDEG120081 ,KV ,257 ,NONE ,0439 ,Mathematics ,  ,  ,45,31,14,0,29,8,0,3,0,4,1,41,4,10KV0439NONE120081 ,KV ,257 ,PHD ,0439 ,Mathematics ,  ,  ,150,111,39,0,57,9,1,3,0,75,5,19,131,10KS0439PHD120081 ,KV ,265 ,BSLAS ,5086 ,"Earth Systems, Env, & Society ",  ,  ,15,9,6,0,13,1,0,1,0,0,0,15,0,10KV5086BSLA120081 ,KV ,265 ,BSLAS ,5086 ,"Earth Systems, Env, & Society ",5103 ,Society and the Environment ,4,1,3,0,3,1,0,0,0,0,0,4,0,10KV5086BSLA120081 ,KV ,299 ,BSLAS ,0338 ,Psychology ,  ,  ,1248,361,885,2,832,140,107,101,4,39,25,1159,89,10KV0338BSLA120081 ,KV ,299 ,BSLAS ,0338 ,Psychology ,  ,  ,46,15,31,0,29,8,6,3,0,0,0,45,1,10KV8037BSLA120081 ,KV ,299 ,MS ,0338 ,Psychology ,  ,  ,3,1,2,0,1,0,0,0,0,2,0,0,3,10KS0338MS120081 ,KV ,299 ,NDEG ,0338 ,Psychology ,  ,  ,1,0,1,0,0,0,0,0,0,1,0,0,1,10KS0338NDEG120081 ,KV ,299 ,PHD ,0338 ,Psychology ,  ,  ,181,65,116,0,90,17,9,11,0,52,2,33,148,10KS0338PHD120081 ,KV ,324 ,BALAS ,0344 ,Sociology ,  ,  ,439,181,257,1,199,52,104,60,3,10,11,421,18,10KV0344BALA120081 ,KV ,324 ,BALAS ,0344 ,Sociology ,  ,  ,19,4,15,0,11,4,1,3,0,0,0,19,0,10KV8037BALA120081 ,KV ,324 ,MA ,0344 ,Sociology ,  ,  ,3,1,2,0,2,0,0,0,0,1,0,2,1,10KS0344MA120081 ,KV ,324 ,NDEG ,0344 ,Sociology ,  ,  ,1,1,0,0,0,0,0,0,0,1,0,0,1,10KS0344NDEG120081 ,KV ,324 ,PHD ,0344 ,Sociology ,  ,  ,47,21,26,0,21,2,4,2,0,18,0,11,36,10KS0344PHD120081 ,KV ,361 ,MS ,0324 ,Entomology ,  ,  ,14,5,9,0,11,0,1,1,0,0,1,6,8,10KS0324MS120081 ,KV ,361 ,PHD ,0324 ,Entomology ,  ,  ,16,11,5,0,10,1,0,0,0,5,0,4,12,10KS0324PHD120081 ,KV ,362 ,BALAS ,0285 ,E Asian Languages & Cultures ,  ,  ,69,36,33,0,36,26,0,3,0,4,0,63,6,10KV0285BALA120081 ,KV ,362 ,MA ,0284 ,Asian Studies ,  ,  ,12,2,10,0,3,1,0,0,0,8,0,1,11,10KS0284MA120081 ,KV ,362 ,PHD ,0285 ,E Asian Languages & Cultures ,  ,  ,26,6,20,0,4,4,0,0,1,17,0,1,25,10KS0285PHD120081 ,KV ,377 ,BSLAS ,1079 ,Botany ,  ,  ,1,0,1,0,1,0,0,0,0,0,0,0,1,10KV1079BSLA120081 ,KV ,377 ,MS ,0320 ,Plant Biology ,  ,  ,12,5,7,0,9,1,0,0,1,1,0,7,5,10KS0320MS120081 ,KV ,377 ,PHD ,0320 ,Plant Biology ,  ,  ,15,8,7,0,12,1,0,0,0,2,0,8,7,10KS0320PHD120081 ,KV ,383 ,BSLAS ,0438 ,Integrative Biology ,  ,  ,252,126,125,1,193,36,10,9,0,1,3,246,6,10KV0438BSLA120081 ,KV ,383 ,BSLAS ,0438 ,Integrative Biology ,  ,  ,10,4,6,0,7,2,0,0,0,0,1,10,0,10KV8037BSLA120081 ,KV ,383 ,BSLAS ,0438 ,Integrative Biology ,5028 ,Honors Integrative Biology ,31,14,17,0,17,8,1,4,0,1,0,30,1,10KV5028BSLA120081 ,KV ,383 ,MS ,0314 ,Biology ,  ,  ,26,6,20,0,19,3,0,0,0,3,1,15,11,10KS0314MS120081 ,KV ,383 ,MS ,0314 ,Biology ,0316 ,Ecology & Evolutionary Biology ,2,1,1,0,2,0,0,0,0,0,0,1,1,10KS0316MS120081 ,KV ,383 ,MS ,5107 ,"Ecol, Evol, Conservation Biol ",  ,  ,1,1,0,0,1,0,0,0,0,0,0,0,1,10KS5107MS120081 ,KV ,383 ,PHD ,0314 ,Biology ,0315 ,"Ecology, Ethology, Evolution ",14,7,7,0,9,1,0,0,0,3,1,1,13,10KS0315PHD120081 ,KV ,383 ,PHD ,0314 ,Biology ,0316 ,Ecology & Evolutionary Biology ,16,7,9,0,12,1,1,0,0,2,0,7,9,10KS0316PHD120081 ,KV ,383 ,PHD ,0314 ,Biology ,0317 ,Physiol & Molec Plant Biology ,15,8,7,0,5,2,0,1,0,7,0,5,10,10KS0317PHD120081 ,KV ,383 ,PHD ,5107 ,"Ecol, Evol, Conservation Biol ",  ,  ,11,5,6,0,9,1,0,0,0,1,0,3,8,10KS5107PHD120081 ,KV ,397 ,BSLAS ,0314 ,Biology ,0425 ,Biology-Honors ,1,0,1,0,1,0,0,0,0,0,0,1,0,10KV0425BSLA120081 ,KV ,397 ,BSLAS ,0314 ,Biology ,3993 ,Biology Teacher Educ Option ,23,5,18,0,18,4,0,1,0,0,0,22,1,10KV3993BSLA120081 ,KV ,397 ,BSLAS ,0314 ,Biology ,3993 ,Biology Teacher Educ Option ,2,0,2,0,2,0,0,0,0,0,0,2,0,10KV8037BSLA120081 ,KV ,397 ,NONE ,0314 ,Biology ,  ,  ,584,265,318,1,334,130,33,44,1,23,19,549,35,10KV0314NONE120081 ,KV ,405 ,BALAS ,0074 ,Economics ,  ,  ,693,531,159,3,388,153,9,16,0,107,20,551,142,10KV0074BALA120081 ,KV ,405 ,BALAS ,0074 ,Economics ,  ,  ,37,23,14,0,24,7,0,2,1,1,2,36,1,10KV8037BALA120081 ,KV ,405 ,MS ,0074 ,Economics ,3925 ,Policy Economics ,65,38,27,0,3,0,0,0,0,61,1,2,63,10KS3925MS120081 ,KV ,405 ,PHD ,0074 ,Economics ,  ,  ,73,52,21,0,14,2,1,0,0,55,1,9,64,10KS0074PHD120081 ,KV ,413 ,BS ,0335 ,Chemistry ,  ,  ,112,66,46,0,69,20,4,6,0,9,4,97,15,10KV0335BS120081 ,KV ,413 ,BS ,0335 ,Chemistry ,5023 ,Environmental Chemistry ,1,0,1,0,1,0,0,0,0,0,0,1,0,10KV5023BS120081 ,KV ,413 ,BSLAS ,0335 ,Chemistry ,  ,  ,284,144,140,0,158,73,11,14,0,21,7,255,29,10KV0335BSLA120081 ,KV ,413 ,BSLAS ,0335 ,Chemistry ,  ,  ,10,5,5,0,6,3,0,1,0,0,0,9,1,10KV8037BSLA120081 ,KV ,413 ,BSLAS ,0335 ,Chemistry ,3918 ,Chemistry Teaching Option ,10,4,6,0,9,0,0,1,0,0,0,10,0,10KV3918BSLA120081 ,KV ,413 ,MS ,0294 ,Teaching of Chemistry ,  ,  ,4,0,4,0,4,0,0,0,0,0,0,4,0,10KS0294MS120081 ,KV ,413 ,MS ,0335 ,Chemistry ,  ,  ,4,3,1,0,1,2,0,1,0,0,0,2,2,10KS0335MS120081 ,KV ,413 ,PHD ,0335 ,Chemistry ,  ,  ,280,204,76,0,188,16,4,12,1,57,2,29,251,10KS0335PHD120081 ,KV ,413 ,PHD ,0337 ,Chemical Physics ,  ,  ,12,9,3,0,6,1,0,2,0,3,0,0,12,10KS0337PHD120081 ,KV ,415 ,BSLAS ,0433 ,Molecular and Cellular Biology ,  ,  ,969,485,482,2,588,251,37,41,2,35,15,908,61,10KV0433BSLA120081 ,KV ,415 ,BSLAS ,0433 ,Molecular and Cellular Biology ,  ,  ,35,14,21,0,23,8,1,1,1,1,0,34,1,10KV8037BSLA120081 ,KV ,415 ,BSLAS ,0433 ,Molecular and Cellular Biology ,5121 ,Honors ,30,13,17,0,13,11,1,0,0,4,1,26,4,10KV0433BSLA120081 ,KV ,415 ,NONE ,3854 ,Molecular&Cell Bio-undeclared ,  ,  ,25,11,14,0,7,2,1,0,0,15,0,5,20,10KS3854NONE120081 ,KV ,415 ,PHD ,0319 ,Biophysics & Computnl Biology ,  ,  ,68,49,19,0,13,3,0,1,0,51,0,2,66,10KS0319PHD120081 ,KV ,415 ,PHD ,0323 ,Neuroscience ,  ,  ,49,18,31,0,25,8,1,4,0,11,0,16,33,10KS0323PHD120081 ,KV ,430 ,BSLAS ,0333 ,Astronomy ,  ,  ,29,21,8,0,22,1,0,5,0,1,0,27,2,10KV0333BSLA120081 ,KV ,430 ,MS ,0333 ,Astronomy ,  ,  ,1,0,1,0,1,0,0,0,0,0,0,1,0,10KS0333MS120081 ,KV ,430 ,PHD ,0333 ,Astronomy ,  ,  ,31,18,13,0,7,1,0,0,0,23,0,1,30,10KS0333PHD120081 ,KV ,438 ,BS ,0318 ,Biochemistry ,  ,  ,141,87,53,1,56,55,3,9,0,13,5,126,15,10KV0318BS120081 ,KV ,438 ,NDEG ,0318 ,Biochemistry ,  ,  ,1,1,0,0,0,1,0,0,0,0,0,1,0,10KS0318NDEG120081 ,KV ,438 ,PHD ,0318 ,Biochemistry ,  ,  ,75,40,35,0,32,12,0,4,0,27,0,17,58,10KS0318PHD120081 ,KV ,451 ,BALAS ,0342 ,History ,  ,  ,466,306,159,1,365,25,23,34,1,2,16,441,25,10KV0342BALA120081 ,KV ,451 ,BALAS ,0342 ,History ,  ,  ,13,7,6,0,13,0,0,0,0,0,0,13,0,10KV8037BALA120081 ,KV ,451 ,BALAS ,0342 ,History ,3917 ,Teaching of Social Studies ,94,52,42,0,84,3,0,7,0,0,0,94,0,10KV3917BALA120081 ,KV ,451 ,BALAS ,0342 ,History ,3917 ,Teaching of Social Studies ,1,0,1,0,1,0,0,0,0,0,0,1,0,10KV8037BALA120081 ,KV ,451 ,NDEG ,0342 ,History ,  ,  ,4,1,3,0,2,0,1,0,0,0,1,0,4,10KS0342NDEG120081 ,KV ,451 ,PHD ,0342 ,History ,  ,  ,119,66,53,0,76,5,15,3,0,19,1,27,92,10KS0342PHD120081 ,KV ,461 ,MA ,0283 ,African Studies ,  ,  ,11,4,7,0,5,0,4,0,0,2,0,4,7,10KS0283MA120081 ,KV ,489 ,BALAS ,0313 ,Speech Communication ,  ,  ,656,288,368,0,389,48,123,68,7,8,13,619,37,10KV0313BALA120081 ,KV ,489 ,BALAS ,0313 ,Speech Communication ,  ,  ,7,3,4,0,6,0,1,0,0,0,0,7,0,10KV8037BALA120081 ,KV ,489 ,MA ,0313 ,Speech Communication ,  ,  ,17,7,10,0,14,2,0,0,0,0,1,8,9,10KS0313MA120081 ,KV ,489 ,PHD ,0313 ,Speech Communication ,  ,  ,42,16,26,0,31,5,2,2,0,1,1,13,29,10KS0313PHD120081 ,KV ,490 ,BALAS ,0443 ,Religious Studies ,  ,  ,9,4,5,0,4,3,1,1,0,0,0,9,0,10KV0443BALA120081 ,KV ,490 ,BALAS ,0443 ,Religious Studies ,3899 ,Christianity ,6,3,3,0,4,1,1,0,0,0,0,6,0,10KV3899BALA120081 ,KV ,490 ,BALAS ,0443 ,Religious Studies ,3900 ,Islam ,3,2,1,0,1,2,0,0,0,0,0,3,0,10KV3900BALA120081 ,KV ,490 ,BALAS ,0443 ,Religious Studies ,3901 ,Judaica ,1,1,0,0,1,0,0,0,0,0,0,1,0,10KV3901BALA120081 ,KV ,490 ,BALAS ,0443 ,Religious Studies ,3902 ,Philosophy of Religion ,1,1,0,0,1,0,0,0,0,0,0,1,0,10KV3902BALA120081 ,KV ,490 ,BALAS ,0443 ,Religious Studies ,3902 ,Philosophy of Religion ,1,1,0,0,1,0,0,0,0,0,0,1,0,10KV8037BALA120081 ,KV ,490 ,BALAS ,0443 ,Religious Studies ,3903 ,Religion and Culture ,1,1,0,0,1,0,0,0,0,0,0,1,0,10KV3903BALA120081 ,KV ,490 ,BALAS ,0443 ,Religious Studies ,3904 ,Asian Religions ,1,0,1,0,0,0,0,1,0,0,0,1,0,10KV3904BALA120081 ,KV ,499 ,BALAS ,0311 ,English ,  ,  ,702,209,492,1,507,62,50,53,5,6,19,675,27,10KV0311BALA120081 ,KV ,499 ,BALAS ,0311 ,English ,  ,  ,55,24,31,0,45,3,3,2,0,1,1,54,1,10KV8037BALA120081 ,KV ,499 ,BALAS ,0311 ,English ,3916 ,English Teaching Option ,89,19,70,0,67,9,3,10,0,0,0,89,0,10KV3916BALA120081 ,KV ,499 ,BALAS ,0311 ,English ,3916 ,English Teaching Option ,1,1,0,0,1,0,0,0,0,0,0,1,0,10KV8037BALA120081 ,KV ,499 ,BALAS ,0420 ,Rhetoric ,  ,  ,19,12,7,0,11,4,1,1,0,0,2,19,0,10KV0420BALA120081 ,KV ,499 ,BALAS ,0420 ,Rhetoric ,3892 ,Creative Writing ,96,42,54,0,49,6,28,10,0,2,1,93,3,10KV3892BALA120081 ,KV ,499 ,BALAS ,0420 ,Rhetoric ,3892 ,Creative Writing ,1,0,1,0,0,0,0,1,0,0,0,1,0,10KV8037BALA120081 ,KV ,499 ,BSLAS ,0420 ,Rhetoric ,  ,  ,1,0,1,0,0,0,0,0,0,0,1,1,0,10KV0420BSLA120081 ,KV ,499 ,MA ,0311 ,English ,  ,  ,37,13,24,0,30,3,1,1,0,2,0,11,26,10KS0311MA120081 ,KV ,499 ,MFA ,1136 ,Creative Writing ,  ,  ,20,9,11,0,13,0,2,2,1,1,1,5,15,10KS1136MFA120081 ,KV ,499 ,NDEG ,0311 ,English ,  ,  ,2,1,1,0,1,0,0,0,0,0,1,1,1,10KS0311NDEG120081 ,KV ,499 ,PHD ,0311 ,English ,  ,  ,96,34,62,0,75,3,2,3,0,13,0,17,79,10KS0311PHD120081 ,KV ,514 ,BALAS ,0308 ,Classics ,  ,  ,12,7,5,0,9,2,0,1,0,0,0,12,0,10KV0308BALA120081 ,KV ,514 ,BALAS ,0308 ,Classics ,0309 ,Greek ,1,0,1,0,1,0,0,0,0,0,0,1,0,10KV0309BALA120081 ,KV ,514 ,BALAS ,0308 ,Classics ,0310 ,Latin ,5,2,3,0,5,0,0,0,0,0,0,3,2,10KV0310BALA120081 ,KV ,514 ,BALAS ,0308 ,Classics ,3877 ,Classical Archaeology ,1,1,0,0,1,0,0,0,0,0,0,1,0,10KV3877BALA120081 ,KV ,514 ,BALAS ,0308 ,Classics ,3878 ,Classical Civilization ,13,6,7,0,11,0,1,1,0,0,0,12,1,10KV3878BALA120081 ,KV ,514 ,BALAS ,0308 ,Classics ,3878 ,Classical Civilization ,1,0,1,0,0,0,0,1,0,0,0,1,0,10KV8037BALA120081 ,KV ,514 ,MA ,0308 ,Classics ,  ,  ,9,4,5,0,6,1,0,0,0,2,0,3,6,10KS0308MA120081 ,KV ,514 ,MA ,0308 ,Classics ,0310 ,Latin ,1,0,1,0,1,0,0,0,0,0,0,0,1,10KS0310MA120081 ,KV ,514 ,PHD ,0347 ,Classical Philology ,  ,  ,7,4,3,0,6,0,0,0,0,1,0,2,5,10KS0347PHD120081 ,KV ,553 ,BALAS ,0287 ,Russian & E European Studies ,  ,  ,5,4,1,0,5,0,0,0,0,0,0,4,1,10KV0287BALA120081 ,KV ,553 ,BALAS ,0287 ,Russian & E European Studies ,  ,  ,1,0,1,0,1,0,0,0,0,0,0,1,0,10KV8037BALA120081 ,KV ,553 ,BALAS ,4097 ,"Russian, E Eur, Eurasian St ",  ,  ,1,0,1,0,1,0,0,0,0,0,0,1,0,10KV4097BALA120081 ,KV ,553 ,MA ,0287 ,Russian & E European Studies ,  ,  ,1,1,0,0,1,0,0,0,0,0,0,0,1,10KS0287MA120081 ,KV ,553 ,MA ,4097 ,"Russian, E Eur, Eurasian St ",  ,  ,7,6,1,0,6,0,1,0,0,0,0,3,4,10KS4097MA120081 ,KV ,580 ,BALAS ,0075 ,Finance ,  ,  ,61,40,21,0,38,11,1,3,0,3,5,58,3,10KV0075BALA120081 ,KV ,580 ,BALAS ,0075 ,Finance ,  ,  ,21,13,8,0,15,6,0,0,0,0,0,20,1,10KV8037BALA120081 ,KV ,580 ,BALAS ,0150 ,History of Art ,  ,  ,37,5,32,0,24,3,2,3,0,5,0,32,5,10KV0150BALA120081 ,KV ,580 ,BALAS ,0150 ,History of Art ,  ,  ,1,0,1,0,1,0,0,0,0,0,0,1,0,10KV8037BALA120081 ,KV ,580 ,BALAS ,0401 ,International Studies ,  ,  ,351,106,245,0,221,40,16,39,1,21,13,319,32,10KV0401BALA120081 ,KV ,580 ,BALAS ,0401 ,International Studies ,  ,  ,12,2,10,0,8,1,0,2,0,0,1,12,0,10KV8037BALA120081 ,KV ,580 ,BALAS ,0422 ,Humanities ,  ,  ,1,1,0,0,1,0,0,0,0,0,0,1,0,10KV0422BALA120081 ,KV ,580 ,BALAS ,0463 ,Individual Plans of Study ,  ,  ,6,3,3,0,1,1,1,3,0,0,0,6,0,10KV0463BALA120081 ,KV ,580 ,BALAS ,3865 ,Interdisciplinary ,  ,  ,7,3,4,0,6,0,0,0,0,0,1,7,0,10KV3865BALA120081 ,KV ,580 ,BALAS ,3865 ,Interdisciplinary ,3869 ,Cinema Studies ,23,15,8,0,10,1,6,5,0,1,0,22,1,10KV3869BALA120081 ,KV ,580 ,BALAS ,3865 ,Interdisciplinary ,4029 ,Gender and Women's Studies ,19,2,17,0,11,2,4,1,0,0,1,18,1,10KV4029BALA120081 ,KV ,580 ,BALAS ,3865 ,Interdisciplinary ,4029 ,Gender and Women's Studies ,1,0,1,0,0,1,0,0,0,0,0,1,0,10KV8037BALA120081 ,KV ,580 ,BS ,0240 ,Physics ,  ,  ,68,59,9,0,46,4,1,2,0,12,3,49,19,10KV0240BS120081 ,KV ,580 ,BSLAS ,0240 ,Physics ,  ,  ,56,47,8,1,38,5,1,1,0,4,7,39,17,10KV0240BSLA120081 ,KV ,580 ,BSLAS ,0240 ,Physics ,  ,  ,3,3,0,0,2,1,0,0,0,0,0,3,0,10KV8037BSLA120081 ,KV ,580 ,BSLAS ,0240 ,Physics ,3919 ,Physics Teaching Option ,7,3,4,0,6,0,0,0,0,0,1,7,0,10KV3919BSLA120081 ,KV ,580 ,BSLAS ,0463 ,Individual Plans of Study ,  ,  ,1,0,1,0,1,0,0,0,0,0,0,1,0,10KV0463BSLA120081 ,KV ,580 ,BSLAS ,1336 ,Individual Plan of Study ,  ,  ,1,1,0,0,0,0,0,1,0,0,0,1,0,10KV1336BSLA120081 ,KV ,580 ,NDEG ,0067 ,Nondegree ,  ,  ,100,53,47,0,29,5,2,1,1,58,4,32,68,10KV0067NDEG120081 ,KV ,580 ,NONE ,0390 ,General Curriculum ,  ,  ,2748,1307,1441,0,1442,374,437,313,8,118,56,2525,223,10KV0390NONE120081 ,KV ,583 ,BALAS ,0329 ,Statistics ,  ,  ,1,1,0,0,0,0,0,1,0,0,0,1,0,10KV0329BALA120081 ,KV ,583 ,BSLAS ,0329 ,Statistics ,  ,  ,58,38,20,0,28,13,6,2,0,6,3,51,7,10KV0329BSLA120081 ,KV ,583 ,BSLAS ,0329 ,Statistics ,  ,  ,3,2,1,0,2,1,0,0,0,0,0,2,1,10KV8037BSLA120081 ,KV ,583 ,BSLAS ,0464 ,Statistics & Computer Science ,  ,  ,7,5,2,0,6,1,0,0,0,0,0,7,0,10KV0464BSLA120081 ,KV ,583 ,MS ,0329 ,Statistics ,  ,  ,18,8,10,0,4,2,0,1,0,11,0,8,10,10KS0329MS120081 ,KV ,583 ,NDEG ,0329 ,Statistics ,  ,  ,1,0,1,0,0,1,0,0,0,0,0,1,0,10KS0329NDEG120081 ,KV ,583 ,PHD ,0329 ,Statistics ,  ,  ,26,15,11,0,6,0,1,0,0,19,0,4,22,10KS0329PHD120081 ,KV ,584 ,PHD ,4094 ,Cell and Developmental Biology ,  ,  ,58,26,32,0,18,5,1,1,0,33,0,11,47,10KS4094PHD120081 ,KV ,585 ,BA ,0297 ,Teaching of Spanish ,  ,  ,31,2,29,0,28,1,0,2,0,0,0,31,0,10KV0297BA120081 ,KV ,585 ,BALAS ,0305 ,Italian ,  ,  ,7,4,3,0,4,0,0,3,0,0,0,7,0,10KV0305BALA120081 ,KV ,585 ,BALAS ,0306 ,Portuguese ,  ,  ,2,1,1,0,0,0,1,1,0,0,0,2,0,10KV0306BALA120081 ,KV ,585 ,BALAS ,0307 ,Spanish ,  ,  ,260,69,191,0,163,18,8,63,0,0,8,258,2,10KV0307BALA120081 ,KV ,585 ,BALAS ,0307 ,Spanish ,  ,  ,18,5,13,0,13,0,0,5,0,0,0,18,0,10KV8037BALA120081 ,KV ,585 ,MA ,0305 ,Italian ,  ,  ,2,1,1,0,0,0,0,0,0,2,0,0,2,10KS0305MA120081 ,KV ,585 ,MA ,0306 ,Portuguese ,  ,  ,1,0,1,0,0,0,0,0,0,1,0,0,1,10KS0306MA120081 ,KV ,585 ,MA ,0307 ,Spanish ,  ,  ,14,4,10,0,5,0,1,2,0,6,0,1,13,10KS0307MA120081 ,KV ,585 ,PHD ,0305 ,Italian ,  ,  ,1,0,1,0,0,0,0,1,0,0,0,0,1,10KS0305PHD120081 ,KV ,585 ,PHD ,0306 ,Portuguese ,  ,  ,2,1,1,0,0,0,0,0,0,2,0,0,2,10KS0306PHD120081 ,KV ,585 ,PHD ,0307 ,Spanish ,  ,  ,40,10,30,0,5,1,0,10,0,24,0,5,35,10KS0307PHD120081 ,KV ,604 ,BSLAS ,0408 ,Bioengineering ,  ,  ,1,0,1,0,0,0,0,1,0,0,0,1,0,10KV0408BSLA120081 ,KV ,604 ,PHD ,0325 ,Molecular & Integrative Physi ,  ,  ,36,17,19,0,11,3,1,5,0,16,0,6,30,10KS0325PHD120081 ,KV ,655 ,BS ,0336 ,Geology ,  ,  ,19,13,6,0,17,1,0,0,0,0,1,17,2,10KV0336BS120081 ,KV ,655 ,BS ,0336 ,Geology ,3881 ,Environmental Geology ,1,0,1,0,1,0,0,0,0,0,0,1,0,10KV3881BS120081 ,KV ,655 ,BSLAS ,0336 ,Geology ,  ,  ,21,14,7,0,19,0,0,1,0,1,0,19,2,10KV0336BSLA120081 ,KV ,655 ,BSLAS ,0336 ,Geology ,3879 ,Teaching of Earth Science ,4,2,2,0,4,0,0,0,0,0,0,4,0,10KV3879BSLA120081 ,KV ,655 ,BSLAS ,0336 ,Geology ,3882 ,Earth & Environmental Sciences ,11,6,5,0,10,1,0,0,0,0,0,11,0,10KV3882BSLA120081 ,KV ,655 ,MS ,0336 ,Geology ,  ,  ,15,7,8,0,12,0,1,0,0,2,0,10,5,10KS0336MS120081 ,KV ,655 ,NDEG ,0336 ,Geology ,  ,  ,1,0,1,0,1,0,0,0,0,0,0,1,0,10KS0336NDEG120081 ,KV ,655 ,PHD ,0336 ,Geology ,  ,  ,15,10,5,0,3,0,0,0,0,12,0,1,14,10KS0336PHD120081 ,KV ,687 ,BS ,0300 ,Chemical Engineering ,  ,  ,348,235,113,0,206,73,10,17,0,35,7,280,68,10KV0300BS120081 ,KV ,687 ,BS ,0300 ,Chemical Engineering ,5029 ,Biomolecular Engineering ,8,4,4,0,4,3,0,0,0,1,0,7,1,10KV5029BS120081 ,KV ,687 ,MS ,0300 ,Chemical Engineering ,  ,  ,3,2,1,0,0,1,0,0,0,2,0,0,3,10KS0300MS120081 ,KV ,687 ,NONE ,0300 ,Chemical Engineering ,  ,  ,3,1,2,0,0,0,0,0,0,3,0,0,3,10KS0300NONE120081 ,KV ,687 ,PHD ,0300 ,Chemical Engineering ,  ,  ,83,52,31,0,40,7,3,3,0,29,1,7,76,10KS0300PHD120081 ,KV ,710 ,BALAS ,0343 ,Political Science ,  ,  ,977,574,401,2,670,79,95,95,1,18,19,926,51,10KV0343BALA120081 ,KV ,710 ,BALAS ,0343 ,Political Science ,  ,  ,59,25,34,0,43,6,2,2,1,2,3,57,2,10KV8037BALA120081 ,KV ,710 ,MA ,0343 ,Political Science ,  ,  ,17,8,9,0,12,2,1,1,0,1,0,15,2,10KS0343MA120081 ,KV ,710 ,PHD ,0343 ,Political Science ,  ,  ,59,34,25,0,37,4,4,0,0,14,0,11,48,10KS0343PHD120081 ,KV ,715 ,BALAS ,0332 ,Philosophy ,  ,  ,72,58,14,0,49,4,8,4,1,3,3,68,4,10KV0332BALA120081 ,KV ,715 ,BALAS ,0332 ,Philosophy ,  ,  ,7,6,1,0,7,0,0,0,0,0,0,7,0,10KV8037BALA120081 ,KV ,715 ,MA ,0332 ,Philosophy ,  ,  ,2,1,1,0,2,0,0,0,0,0,0,1,1,10KS0332MA120081 ,KV ,715 ,NDEG ,0332 ,Philosophy ,  ,  ,1,0,1,0,0,1,0,0,0,0,0,1,0,10KS0332NDEG120081 ,KV ,715 ,PHD ,0332 ,Philosophy ,  ,  ,37,29,8,0,33,0,0,1,0,3,0,9,28,10KS0332PHD120081 ,KV ,729 ,BALAS ,0286 ,Latin American Studies ,  ,  ,7,4,3,0,1,0,0,6,0,0,0,7,0,10KV0286BALA120081 ,KV ,729 ,MA ,0286 ,Latin American Studies ,  ,  ,7,2,5,0,4,0,1,2,0,0,0,4,3,10KS0286MA120081 ,KV ,748 ,MA ,0299 ,Teaching of English Sec Lang ,  ,  ,50,9,41,0,20,2,0,0,0,27,1,20,30,10KS0299MA120081 ,KV ,771 ,BALAS ,1120 ,Comparative Literature ,  ,  ,11,3,8,0,7,1,1,0,0,1,1,10,1,10KV1120BALA120081 ,KV ,771 ,BALAS ,1120 ,Comparative Literature ,3905 ,World Literature ,10,3,7,0,6,1,1,1,1,0,0,8,2,10KV3905BALA120081 ,KV ,771 ,MA ,1120 ,Comparative Literature ,  ,  ,8,0,8,0,3,1,0,0,0,4,0,1,7,10KS1120MA120081 ,KV ,771 ,PHD ,1120 ,Comparative Literature ,  ,  ,25,7,18,0,9,0,0,2,0,13,1,1,24,10KS1120PHD120081 ,KV ,864 ,BALAS ,0301 ,Linguistics ,  ,  ,70,27,43,0,56,7,2,1,0,2,2,67,3,10KV0301BALA120081 ,KV ,864 ,BALAS ,0301 ,Linguistics ,  ,  ,2,1,1,0,1,1,0,0,0,0,0,2,0,10KV8037BALA120081 ,KV ,864 ,MA ,0301 ,Linguistics ,  ,  ,12,6,6,0,7,1,1,1,0,2,0,4,8,10KS0301MA120081 ,KV ,864 ,NDEG ,0301 ,Linguistics ,  ,  ,1,0,1,0,1,0,0,0,0,0,0,0,1,10KS0301NDEG120081 ,KV ,864 ,PHD ,0301 ,Linguistics ,  ,  ,46,15,31,0,16,1,1,1,0,27,0,8,38,10KS0301PHD120081 ,KV ,872 ,BALAS ,0341 ,Geography ,  ,  ,39,27,12,0,31,1,1,3,0,1,2,36,3,10KV0341BALA120081 ,KV ,872 ,BALAS ,0341 ,Geography ,  ,  ,1,1,0,0,1,0,0,0,0,0,0,1,0,10KV8037BALA120081 ,KV ,872 ,BALAS ,0341 ,Geography ,3886 ,Geographic Information Science ,2,2,0,0,2,0,0,0,0,0,0,2,0,10KV3886BALA120081 ,KV ,872 ,MA ,0341 ,Geography ,  ,  ,5,1,4,0,5,0,0,0,0,0,0,0,5,10KS0341MA120081 ,KV ,872 ,MS ,0341 ,Geography ,  ,  ,5,4,1,0,4,0,0,0,0,1,0,4,1,10KS0341MS120081 ,KV ,872 ,NDEG ,0341 ,Geography ,  ,  ,7,4,3,0,5,2,0,0,0,0,0,6,1,10KS0341NDEG120081 ,KV ,872 ,PHD ,0341 ,Geography ,  ,  ,29,17,12,0,14,1,2,1,0,10,1,7,22,10KS0341PHD120081 ,KV ,927 ,BA ,0296 ,Teaching of German ,  ,  ,4,1,3,0,4,0,0,0,0,0,0,4,0,10KV0296BA120081 ,KV ,927 ,BALAS ,0412 ,Germanic Lang & Lit ,  ,  ,15,4,10,1,14,1,0,0,0,0,0,14,1,10KV0412BALA120081 ,KV ,927 ,BALAS ,0412 ,Germanic Lang & Lit ,3887 ,German and Commercial Studies ,5,3,2,0,4,0,0,0,0,0,1,5,0,10KV3887BALA120081 ,KV ,927 ,BALAS ,0412 ,Germanic Lang & Lit ,3888 ,Language and Literature ,2,1,1,0,2,0,0,0,0,0,0,2,0,10KV3888BALA120081 ,KV ,927 ,BALAS ,0412 ,Germanic Lang & Lit ,3889 ,Language Studies ,1,1,0,0,1,0,0,0,0,0,0,1,0,10KV3889BALA120081 ,KV ,927 ,BALAS ,0412 ,Germanic Lang & Lit ,3890 ,Modern German Studies ,4,2,2,0,4,0,0,0,0,0,0,4,0,10KV3890BALA120081 ,KV ,927 ,BALAS ,0412 ,Germanic Lang & Lit ,3891 ,Scandinavian Studies ,1,1,0,0,1,0,0,0,0,0,0,1,0,10KV3891BALA120081 ,KV ,927 ,MA ,0303 ,German ,  ,  ,13,6,7,0,12,0,0,0,0,1,0,5,8,10KS0303MA120081 ,KV ,927 ,NDEG ,0303 ,German ,  ,  ,1,0,1,0,0,0,0,0,0,1,0,0,1,10KS0303NDEG120081 ,KV ,927 ,PHD ,0303 ,German ,  ,  ,7,1,6,0,6,0,0,0,0,1,0,1,6,10KS0303PHD120081 ,KV ,948 ,MS ,0322 ,Microbiology ,  ,  ,3,1,2,0,2,0,0,1,0,0,0,3,0,10KS0322MS120081 ,KV ,948 ,PHD ,0322 ,Microbiology ,  ,  ,64,30,34,0,31,2,2,3,1,25,0,12,52,10KS0322PHD120081 ,KV ,958 ,BALAS ,0411 ,Russian Lang & Literature ,  ,  ,2,1,1,0,1,0,0,1,0,0,0,2,0,10KV0411BALA120081 ,KV ,958 ,MA ,0302 ,Slavic Languages & Literature ,  ,  ,4,2,2,0,1,1,0,0,0,2,0,0,4,10KS0302MA120081 ,KV ,958 ,PHD ,0302 ,Slavic Languages & Literature ,  ,  ,5,2,3,0,1,0,0,0,0,4,0,0,5,10KS0302PHD120081 ,KV ,985 ,BA ,0295 ,Teaching of French ,  ,  ,3,0,3,0,3,0,0,0,0,0,0,3,0,10KV0295BA120081 ,KV ,985 ,BALAS ,0304 ,French ,  ,  ,35,2,33,0,32,2,0,0,0,0,1,34,1,10KV0304BALA120081 ,KV ,985 ,BALAS ,0304 ,French ,3875 ,French Commercial Studies ,13,6,7,0,8,0,3,2,0,0,0,12,1,10KV3875BALA120081 ,KV ,985 ,BALAS ,0304 ,French ,3875 ,French Commercial Studies ,1,0,1,0,0,0,1,0,0,0,0,1,0,10KV8037BALA120081 ,KV ,985 ,BALAS ,0304 ,French ,3876 ,French Studies ,14,4,10,0,8,2,0,2,0,0,2,11,3,10KV3876BALA120081 ,KV ,985 ,MA ,0304 ,French ,  ,  ,9,5,4,0,8,0,0,0,0,0,1,3,6,10KS0304MA120081 ,KV ,985 ,NDEG ,0304 ,French ,  ,  ,5,4,1,0,1,0,0,0,0,4,0,1,4,10KS0304NDEG120081 ,KV ,985 ,PHD ,0304 ,French ,  ,  ,17,6,11,0,11,0,0,0,0,6,0,4,13,10KS0304PHD120081 ,KV ,  ,  ,  ,Liberal Arts & Sci ,  ,***College total*** ,16450,8050,8383,17,9857,2108,1272,1244,46,1571,352,13268,3182,  ,,,,,,,,,,,,,,,,,,,,, ,,,,,,,,,,,,,,,,,,,,,120081 ,KW ,  ,  ,  ,General Studies ,  ,  ,  ,  ,  ,  ,  ,  ,  ,  ,  ,  ,  ,  ,  , 120081 ,KW ,605 ,NONE ,5083 ,Undeclared ,  ,  ,262,144,117,1,165,31,20,22,1,14,9,236,26,10KW5083NONE120081 ,KW ,  ,  ,  ,General Studies ,  ,***College total*** ,262,144,117,1,165,31,20,22,1,14,9,236,26,  ,,,,,,,,,,,,,,,,,,,,, ,,,,,,,,,,,,,,,,,,,,,120081 ,KY ,  ,  ,  ,Applied Health Sci ,  ,  ,  ,  ,  ,  ,  ,  ,  ,  ,  ,  ,  ,  ,  , 120081 ,KY ,581 ,BS ,0349 ,Community Health ,  ,  ,117,33,84,0,59,15,22,12,3,1,5,113,4,10KY0349BS120081 ,KY ,581 ,BS ,0349 ,Community Health ,0473 ,Health Education ,141,18,123,0,96,9,22,10,1,2,1,136,5,10KY0473BS120081 ,KY ,581 ,BS ,0349 ,Community Health ,0474 ,Health Planning & Admin ,235,58,177,0,117,44,57,13,1,0,3,229,6,10KY0474BS120081 ,KY ,581 ,BS ,0349 ,Community Health ,0495 ,Rehab & Disability Studies ,52,6,46,0,33,7,3,8,1,0,0,50,2,10KY0495BS120081 ,KY ,581 ,BS ,0351 ,Kinesiology ,  ,  ,525,196,328,1,422,26,17,40,4,6,10,493,32,10KY0351BS120081 ,KY ,581 ,BS ,0351 ,Kinesiology ,0494 ,Athletic Training ,28,7,21,0,22,1,3,1,0,1,0,27,1,10KY0494BS120081 ,KY ,581 ,BS ,0351 ,Kinesiology ,4049 ,Teacher Education K-12 ,41,27,14,0,36,0,2,2,1,0,0,40,1,10KY4049BS120081 ,KY ,581 ,MS ,0349 ,Community Health ,  ,  ,12,6,6,0,6,1,4,1,0,0,0,11,1,10KS0349MS120081 ,KY ,581 ,MS ,0350 ,Rehabilitation ,  ,  ,7,0,7,0,7,0,0,0,0,0,0,7,0,10KS0350MS120081 ,KY ,581 ,MS ,0351 ,Kinesiology ,  ,  ,31,14,17,0,28,0,1,1,0,1,0,21,10,10KS0351MS120081 ,KY ,581 ,MSPH ,0349 ,Community Health ,  ,  ,14,2,12,0,5,0,9,0,0,0,0,13,1,10KS0349MSPH120081 ,KY ,581 ,PHD ,0349 ,Community Health ,  ,  ,18,4,14,0,8,2,4,1,0,2,1,9,9,10KS0349PHD120081 ,KY ,581 ,PHD ,0351 ,Kinesiology ,  ,  ,41,18,23,0,23,2,3,0,0,13,0,22,19,10KS0351PHD120081 ,KY ,679 ,AUD ,1053 ,Audiology ,  ,  ,11,0,11,0,11,0,0,0,0,0,0,8,3,10KS1053AUD120081 ,KY ,679 ,BS ,0354 ,Speech & Hearing Science ,  ,  ,93,4,89,0,79,5,4,5,0,0,0,93,0,10KY0354BS120081 ,KY ,679 ,BS ,0354 ,Speech & Hearing Science ,4066 ,Human Communication Science ,1,0,1,0,1,0,0,0,0,0,0,1,0,10KY4066BS120081 ,KY ,679 ,BS ,0354 ,Speech & Hearing Science ,4067 ,Audiology ,12,2,10,0,12,0,0,0,0,0,0,12,0,10KY4067BS120081 ,KY ,679 ,BS ,0354 ,Speech & Hearing Science ,4068 ,Speech-Language Pathology ,179,6,173,0,150,8,6,12,1,1,1,174,5,10KY4068BS120081 ,KY ,679 ,MA ,0354 ,Speech & Hearing Science ,  ,  ,41,1,40,0,36,2,0,2,0,0,1,31,10,10KS0354MA120081 ,KY ,679 ,PHD ,0354 ,Speech & Hearing Science ,  ,  ,26,2,24,0,11,2,3,0,0,10,0,8,18,10KS0354PHD120081 ,KY ,682 ,NDEG ,0067 ,Nondegree ,  ,  ,2,0,2,0,0,0,0,0,0,2,0,0,2,10KY0067NDEG120081 ,KY ,714 ,BS ,0353 ,Leisure Studies ,  ,  ,1,1,0,0,0,0,0,1,0,0,0,1,0,10KY0353BS120081 ,KY ,714 ,BS ,0353 ,Leisure Studies ,0468 ,Recreation Management ,2,2,0,0,2,0,0,0,0,0,0,2,0,10KY0468BS120081 ,KY ,714 ,BS ,0353 ,Leisure Studies ,0469 ,Tourism Management ,2,0,2,0,1,0,0,0,0,1,0,1,1,10KY0469BS120081 ,KY ,714 ,BS ,0353 ,Leisure Studies ,0471 ,Sports Management ,9,7,2,0,7,0,1,0,0,1,0,6,3,10KY0471BS120081 ,KY ,714 ,BS ,4043 ,"Recreation, Sport, and Tourism ",  ,  ,74,53,20,1,51,6,12,3,0,1,1,64,10,10KY4043BS120081 ,KY ,714 ,BS ,4043 ,"Recreation, Sport, and Tourism ",4044 ,Recreation Management ,55,28,27,0,44,1,5,4,0,0,1,53,2,10KY4044BS120081 ,KY ,714 ,BS ,4043 ,"Recreation, Sport, and Tourism ",4045 ,Tourism Management ,58,12,46,0,46,1,6,4,0,0,1,54,4,10KY4045BS120081 ,KY ,714 ,BS ,4043 ,"Recreation, Sport, and Tourism ",4046 ,Sports Management ,182,137,45,0,121,11,26,12,1,6,5,155,27,10KY4046BS120081 ,KY ,714 ,MS ,4043 ,"Recreation, Sport, and Tourism ",  ,  ,34,15,19,0,20,0,3,2,0,8,1,24,10,10KS4043MS120081 ,KY ,714 ,PHD ,0353 ,Leisure Studies ,  ,  ,2,0,2,0,1,0,0,0,0,1,0,1,1,10KS0353PHD120081 ,KY ,714 ,PHD ,4043 ,"Recreation, Sport, and Tourism ",  ,  ,28,12,16,0,12,1,2,1,0,12,0,7,21,10KS4043PHD120081 ,KY ,963 ,MS ,0348 ,Community Health ,  ,  ,1,0,1,0,0,0,1,0,0,0,0,1,0,10KS0348MS120081 ,KY ,963 ,PHD ,0348 ,Community Health ,  ,  ,1,1,0,0,1,0,0,0,0,0,0,0,1,10KS0348PHD120081 ,KY ,  ,  ,  ,Applied Health Sci ,  ,***College total*** ,2076,672,1402,2,1468,144,216,135,13,69,31,1867,209,  ,,,,,,,,,,,,,,,,,,,,, ,,,,,,,,,,,,,,,,,,,,,120081 ,LC ,  ,  ,  ,Veterinary Medicine ,  ,  ,  ,  ,  ,  ,  ,  ,  ,  ,  ,  ,  ,  ,  , 120081 ,LC ,282 ,MS ,0361 ,VMS - Veterinary Pathobiology ,  ,  ,5,1,4,0,4,0,0,0,0,1,0,4,1,10KS0361MS120081 ,LC ,282 ,NDEG ,0361 ,VMS - Veterinary Pathobiology ,  ,  ,1,1,0,0,0,1,0,0,0,0,0,0,1,10KS0361NDEG120081 ,LC ,282 ,PHD ,0361 ,VMS - Veterinary Pathobiology ,  ,  ,11,4,7,0,5,0,1,1,0,4,0,3,8,10KS0361PHD120081 ,LC ,444 ,DVM ,0480 ,Veterinary Medicine ,  ,  ,424,86,338,0,284,18,2,5,2,3,110,357,67,10LC0480DVM120081 ,LC ,598 ,MS ,0359 ,VMS-Veterinary Clinical Medcne ,  ,  ,25,10,15,0,12,0,0,1,0,10,2,6,19,10KS0359MS120081 ,LC ,598 ,MS ,0359 ,VMS-Veterinary Clinical Medcne ,0359 ,  ,2,0,2,0,2,0,0,0,0,0,0,2,0,10KS0359MS120081 ,LC ,598 ,PHD ,0359 ,VMS-Veterinary Clinical Medcne ,  ,  ,2,2,0,0,0,0,0,0,0,2,0,0,2,10KS0359PHD120081 ,LC ,598 ,PHD ,0359 ,VMS-Veterinary Clinical Medcne ,0359 ,  ,1,0,1,0,0,0,0,0,0,1,0,0,1,10KS0359PHD120081 ,LC ,873 ,MS ,0357 ,VMS - Veterinary Biosciences ,  ,  ,2,0,2,0,2,0,0,0,0,0,0,1,1,10KS0357MS120081 ,LC ,873 ,PHD ,0357 ,VMS - Veterinary Biosciences ,  ,  ,15,6,9,0,5,1,1,1,0,7,0,4,11,10KS0357PHD120081 ,LC ,873 ,PHD ,0357 ,VMS - Veterinary Biosciences ,0358 ,Vet Biosciences Res Scholars ,1,1,0,0,0,0,0,0,0,1,0,0,1,10KS0358PHD120081 ,LC ,  ,  ,  ,Veterinary Medicine ,  ,***College total*** ,489,111,378,0,314,20,4,8,2,29,112,377,112,  ,,,,,,,,,,,,,,,,,,,,, ,,,,,,,,,,,,,,,,,,,,,120081 ,LE ,  ,  ,  ,Institute of Aviation ,  ,  ,  ,  ,  ,  ,  ,  ,  ,  ,  ,  ,  ,  ,  , 120081 ,LE ,707 ,AVIPC ,0487 ,Professional Pilot ,  ,  ,51,46,5,0,42,3,1,4,0,1,0,45,6,10LE0487AVIP120081 ,LE ,707 ,BS ,0489 ,Aviation Human Factors ,  ,  ,150,138,12,0,129,5,4,7,0,0,5,144,6,10LE0489BS120081 ,LE ,707 ,MS ,3530 ,Human Factors ,  ,  ,10,8,2,0,4,0,0,1,0,5,0,3,7,10KS3530MS120081 ,LE ,707 ,NDEG ,0067 ,Nondegree ,  ,  ,1,1,0,0,1,0,0,0,0,0,0,0,1,10LE0067NDEG120081 ,LE ,  ,  ,  ,Institute of Aviation ,  ,***College total*** ,212,193,19,0,176,8,5,12,0,6,5,192,20,  ,,,,,,,,,,,,,,,,,,,,, ,,,,,,,,,,,,,,,,,,,,,120081 ,LG ,  ,  ,  ,Labor & Industrial Relns ,  ,  ,  ,  ,  ,  ,  ,  ,  ,  ,  ,  ,  ,  ,  , 120081 ,LG ,568 ,MHRIR ,0364 ,Human Res & Industrial Rels ,  ,  ,128,41,87,0,79,8,12,3,1,22,3,93,35,10KS0364MHRI120081 ,LG ,568 ,PHD ,0364 ,Human Res & Industrial Rels ,  ,  ,15,6,9,0,1,2,0,1,0,11,0,1,14,10KS0364PHD120081 ,LG ,  ,  ,  ,Labor & Industrial Relns ,  ,***College total*** ,143,47,96,0,80,10,12,4,1,33,3,94,49,  ,,,,,,,,,,,,,,,,,,,,, ,,,,,,,,,,,,,,,,,,,,,120081 ,LL ,  ,  ,  ,School of Social Work ,  ,  ,  ,  ,  ,  ,  ,  ,  ,  ,  ,  ,  ,  ,  , 120081 ,LL ,783 ,MSW ,0365 ,Social Work ,  ,  ,211,23,188,0,146,14,33,12,1,2,3,202,9,10KS0365MSW120081 ,LL ,783 ,NDEG ,0365 ,Social Work ,  ,  ,8,0,8,0,5,0,1,0,0,0,2,8,0,10KS0365NDEG120081 ,LL ,783 ,PHD ,0365 ,Social Work ,  ,  ,25,5,20,0,7,1,0,3,0,14,0,8,17,10KS0365PHD120081 ,LL ,  ,  ,  ,School of Social Work ,  ,***College total*** ,244,28,216,0,158,15,34,15,1,16,5,218,26,  ,,,,,,,,,,,,,,,,,,,,, ,,,,,,,,,,,,,,,,,,,,,120081 ,LN ,  ,  ,  ,Continuing Education ,  ,  ,  ,  ,  ,  ,  ,  ,  ,  ,  ,  ,  ,  ,  , 120081 ,LN ,641 ,NDEG ,1249 ,Nondegree-CE ,  ,  ,74,21,53,0,53,8,6,3,0,0,4,0,74,10LN1249NDEJ120081 ,LN ,641 ,NDEG ,1249 ,Nondegree-CE ,  ,  ,1,1,0,0,1,0,0,0,0,0,0,0,1,10LN1249NDEX120081 ,LN ,  ,  ,  ,Continuing Education ,  ,***College total*** ,75,22,53,0,54,8,6,3,0,0,4,0,75,  ,,,,,,,,,,,,,,,,,,,,, ,,,,,,,,,,,,,,,,,,,,,120081 ,LP ,  ,  ,  ,Library & Info Sci ,  ,  ,  ,  ,  ,  ,  ,  ,  ,  ,  ,  ,  ,  ,  , 120081 ,LP ,992 ,CAS ,0370 ,Library & Information Science ,  ,  ,17,4,13,0,14,3,0,0,0,0,0,16,1,10KS0370CAS120081 ,LP ,992 ,MS ,0370 ,Library & Information Science ,  ,  ,192,49,143,0,141,9,9,5,0,21,7,130,62,10KS0370MS120081 ,LP ,992 ,MS ,0370 ,Library & Information Science ,  ,  ,1,1,0,0,1,0,0,0,0,0,0,1,0,10KS0370MSU120081 ,LP ,992 ,MS ,0370 ,Library & Information Science ,0376 ,Library & Info Sci - Media ,4,0,4,0,4,0,0,0,0,0,0,4,0,10KS0370MS120081 ,LP ,992 ,MS ,0370 ,Library & Information Science ,0376 ,Library & Info Sci - Media ,1,0,1,0,1,0,0,0,0,0,0,1,0,10KS0376MS120081 ,LP ,992 ,MS ,4026 ,Bioinformatics ,5098 ,Library & Information Science ,4,2,2,0,2,0,0,0,0,2,0,2,2,10KS5098MS120081 ,LP ,992 ,PHD ,0370 ,Library & Information Science ,  ,  ,42,16,26,0,19,5,1,1,1,14,1,13,29,10KS0370PHD120081 ,LP ,  ,  ,  ,Library & Info Sci ,  ,***College total*** ,261,72,189,0,182,17,10,6,1,37,8,167,94,  ,,,,,,,,,,,,,,,,,,,,, ,,,,,,,,,,,,,,,,,,,,,120081 ,NB ,  ,  ,  ,Provost & VC Acad Affairs ,  ,  ,  ,  ,  ,  ,  ,  ,  ,  ,  ,  ,  ,  ,  , 120081 ,NB ,593 ,NDEG ,0493 ,Visitor Status ,  ,  ,1,0,1,0,1,0,0,0,0,0,0,1,0,10NB0493NDEG120081 ,NB ,  ,  ,  ,Provost & VC Acad Affairs ,  ,***College total*** ,1,0,1,0,1,0,0,0,0,0,0,1,0,  ,,,,,,,,,,,,,,,,,,,,, ,,,,,,,,,,,,,,,,,,,,,