"UIUC On-Campus Student Enrollment by Curriculum, Sex, Race/Ethnicity, and Residency",,,,,,,,,,,,,,,,,,,,,SPRING 2010,,,,,,,,"REVISED:  April 1, 2010",,,,,,,,,,,,,Division of Management Information,,,,,,*** This report is derived from the Registration Census 10-day student statistics.  Any Codebook changes made after ,,,,,,,,,,,,,,,,,,,,,the tenth day of class will not be reflected.  Students obtaining a second bachelor's degree are no longer counted separately.,,,,,,,,,,,,,,,Term/Year Code,Coll,Dept,Degree,Major code,Major Name,Conc code,Concentration Name (if any),Total,By Gender,,,By Self-reported Race/Ethnicity,,,,,,,By Residency,,Academic Program Code,,,,,,,,,Men,Women,Unknown,Caucasian,Asian American,African American,Hispanic,Native American,International,Unknown,Illinois,Non-Illinois,,,,,,,,,,,,,,,,,,,,,,120101 , , , , ,***Campus total*** , , ,40038,21283,18717,38,23287,4617,2314,2329,99,6234,1158,29245,10793,120101 , , , , ,Undergraduate , , ,29653,15753,13869,31,18330,3934,1904,1986,70,2652,777,25366,4287,120101 , , , , ,Graduate , , ,9325,5090,4229,6,4266,614,363,301,23,3555,203,3123,6202,120101 , , , , ,Professional , , ,1060,440,619,1,691,69,47,42,6,27,178,756,304,,,,,,,,,,,,,,,,,,,,,,120101 ,KL ,  ,  ,  ,"Agr, Cons, Env Sci ",  ,  ,  ,  ,  ,  ,  ,  ,  ,  ,  ,  ,  ,  ,  , 120101 ,KL ,306 ,MS ,5186 ,Bioenergy ,5166 ,Professional Science Masters ,6,6,0,0,3,1,0,0,0,2,0,2,4,1PKS5186MS120101 ,KL ,306 ,MS ,5188 ,Agricultural Production ,5166 ,Professional Science Masters ,4,2,2,0,4,0,0,0,0,0,0,4,0,1PKS5188MS120101 ,KL ,470 ,BS ,0009 ,"Agribusiness, Farm & Financial ",0010 ,Agri-Accounting ,1,0,1,0,0,1,0,0,0,0,0,1,0,10KL0010BS120101 ,KL ,470 ,BS ,0009 ,"Agribusiness, Farm & Financial ",0013 ,Agribusiness Markets & Mgmt ,2,2,0,0,1,0,1,0,0,0,0,2,0,10KL0013BS120101 ,KL ,470 ,BS ,0017 ,"Intl, Resource, Consumer Econ ",0018 ,Consumer Economics & Finance ,1,1,0,0,0,0,0,1,0,0,0,1,0,10KL0018BS120101 ,KL ,470 ,BS ,0176 ,Agr & Consumer Economics ,5003 ,Agri-Accounting ,61,33,28,0,40,4,4,4,0,6,3,56,5,10KL5003BS120101 ,KL ,470 ,BS ,0176 ,Agr & Consumer Economics ,5004 ,Agri-Finance ,58,33,25,0,48,5,1,1,0,3,0,53,5,10KL5004BS120101 ,KL ,470 ,BS ,0176 ,Agr & Consumer Economics ,5005 ,Farm Management ,37,35,2,0,37,0,0,0,0,0,0,37,0,10KL5005BS120101 ,KL ,470 ,BS ,0176 ,Agr & Consumer Economics ,5006 ,Agribusiness Markets & Mgmt ,151,105,46,0,131,8,5,0,0,3,4,146,5,10KL5006BS120101 ,KL ,470 ,BS ,0176 ,Agr & Consumer Economics ,5007 ,Consumer Economics & Finance ,93,65,28,0,71,5,2,6,0,6,3,83,10,10KL5007BS120101 ,KL ,470 ,BS ,0176 ,Agr & Consumer Economics ,5008 ,Envirnmntal Economics & Policy ,35,27,8,0,26,2,0,1,0,5,1,28,7,10KL5008BS120101 ,KL ,470 ,BS ,0176 ,Agr & Consumer Economics ,5010 ,"Policy, Intl Trade, & Dvlpmt ",35,22,13,0,18,8,2,2,0,3,2,31,4,10KL5010BS120101 ,KL ,470 ,BS ,0176 ,Agr & Consumer Economics ,5011 ,Public Policy and Law ,48,27,21,0,26,9,6,6,0,0,1,45,3,10KL5011BS120101 ,KL ,470 ,BS ,0176 ,Agr & Consumer Economics ,5136 ,Financial Planning ,59,44,15,0,40,2,2,3,0,11,1,46,13,10KL5136BS120101 ,KL ,470 ,MS ,0176 ,Agr & Consumer Economics ,  ,  ,30,15,15,0,18,1,2,0,0,9,0,9,21,10KS0176MS120101 ,KL ,470 ,PHD ,0176 ,Agr & Consumer Economics ,  ,  ,47,27,20,0,8,1,3,0,0,35,0,3,44,10KS0176PHD120101 ,KL ,483 ,NDEG ,0067 ,Nondegree ,  ,  ,40,19,21,0,25,1,1,2,1,9,1,29,11,10KL0067NDEG120101 ,KL ,538 ,BS ,0002 ,Animal Sciences ,0005 ,Animal Business Mgt and Ind ,17,7,10,0,16,0,0,0,0,1,0,16,1,10KL0005BS120101 ,KL ,538 ,BS ,0002 ,Animal Sciences ,0006 ,"Companion,Rec,Lab An Sci ",101,17,84,0,83,4,6,7,0,0,1,98,3,10KL0006BS120101 ,KL ,538 ,BS ,0002 ,Animal Sciences ,0007 ,Food Animal Science ,26,10,16,0,26,0,0,0,0,0,0,26,0,10KL0007BS120101 ,KL ,538 ,BS ,0002 ,Animal Sciences ,0008 ,"Science, Biotech & Pre-VetMed ",350,71,278,1,275,22,17,23,1,3,9,343,7,10KL0008BS120101 ,KL ,538 ,MS ,0002 ,Animal Sciences ,  ,  ,47,22,25,0,33,2,1,1,0,10,0,32,15,10KS0002MS120101 ,KL ,538 ,NDEG ,0002 ,Animal Sciences ,  ,  ,1,0,1,0,1,0,0,0,0,0,0,1,0,10KS0002NDEG120101 ,KL ,538 ,PHD ,0002 ,Animal Sciences ,  ,  ,58,33,25,0,24,1,0,1,0,32,0,17,41,10KS0002PHD120101 ,KL ,698 ,BS ,0037 ,Food Science & Human Nutrition ,0038 ,Food Science ,91,25,66,0,53,15,3,3,0,16,1,75,16,10KL0038BS120101 ,KL ,698 ,BS ,0037 ,Food Science & Human Nutrition ,0039 ,Food Industry and Business ,24,12,12,0,15,2,1,2,0,4,0,19,5,10KL0039BS120101 ,KL ,698 ,BS ,0037 ,Food Science & Human Nutrition ,0040 ,Human Nutrition ,101,18,83,0,69,14,7,6,0,5,0,91,10,10KL0040BS120101 ,KL ,698 ,BS ,0037 ,Food Science & Human Nutrition ,0041 ,Dietetics ,68,2,66,0,58,5,0,1,1,1,2,65,3,10KL0041BS120101 ,KL ,698 ,BS ,0037 ,Food Science & Human Nutrition ,0042 ,Hospitality Management ,70,19,51,0,46,6,0,8,0,10,0,58,12,10KL0042BS120101 ,KL ,698 ,MS ,0037 ,Food Science & Human Nutrition ,  ,  ,38,7,31,0,15,1,1,0,0,21,0,9,29,10KS0037MS120101 ,KL ,698 ,MS ,0037 ,Food Science & Human Nutrition ,5166 ,Professional Science Masters ,2,2,0,0,1,0,0,0,0,1,0,0,2,1PKS0037MS120101 ,KL ,698 ,PHD ,0037 ,Food Science & Human Nutrition ,  ,  ,22,8,14,0,3,1,0,0,0,18,0,1,21,10KS0037PHD120101 ,KL ,698 ,PHD ,0037 ,Food Science & Human Nutrition ,0038 ,Food Science ,1,0,1,0,1,0,0,0,0,0,0,1,0,10KS0037PHD120101 ,KL ,698 ,PHD ,0037 ,Food Science & Human Nutrition ,0040 ,Human Nutrition ,1,1,0,0,0,0,0,0,0,1,0,0,1,10KS0037PHD120101 ,KL ,741 ,BS ,0025 ,Technical Systems Management ,  ,  ,130,119,11,0,100,4,9,12,0,4,1,124,6,10KL0025BS120101 ,KL ,741 ,BSAG ,0029 ,Agr Engineering & Agr Science ,  ,  ,61,53,8,0,52,4,2,1,0,1,1,59,2,10KL0029BSAG120101 ,KL ,793 ,BS ,0043 ,Agr & Environmental Cmc & Educ ,0046 ,Agricultural Leadership ,7,2,5,0,6,0,1,0,0,0,0,7,0,10KL0046BS120101 ,KL ,793 ,BS ,0043 ,Agr & Environmental Cmc & Educ ,0047 ,Agricultural Education ,26,6,20,0,21,2,1,0,0,0,2,26,0,10KL0047BS120101 ,KL ,793 ,BS ,0043 ,Agr & Environmental Cmc & Educ ,5033 ,"Agr, Cons, Env Sci Communictn ",52,12,40,0,46,0,2,0,0,0,4,52,0,10KL5033BS120101 ,KL ,793 ,BS ,0048 ,Human Development & Family St ,0049 ,Child and Adolescent Dev ,137,10,126,1,100,11,13,5,0,4,4,131,6,10KL0049BS120101 ,KL ,793 ,BS ,0048 ,Human Development & Family St ,0050 ,Family Studies ,75,5,69,1,53,4,6,10,0,1,1,72,3,10KL0050BS120101 ,KL ,793 ,MS ,0181 ,Agricultural Education ,  ,  ,2,0,2,0,2,0,0,0,0,0,0,1,1,10KS0181MS120101 ,KL ,793 ,MS ,0183 ,Human & Community Development ,  ,  ,3,0,3,0,3,0,0,0,0,0,0,3,0,10KS0183MS120101 ,KL ,793 ,PHD ,0183 ,Human & Community Development ,  ,  ,25,4,21,0,14,5,2,0,0,4,0,7,18,10KS0183PHD120101 ,KL ,793 ,PHD ,0183 ,Human & Community Development ,5126 ,Human Development & Family St ,3,1,2,0,1,1,1,0,0,0,0,1,2,10KS0183PHD120101 ,KL ,802 ,BS ,0030 ,Crop Sciences ,0031 ,Agroecology ,3,2,1,0,2,0,0,0,0,0,1,3,0,10KL0031BS120101 ,KL ,802 ,BS ,0030 ,Crop Sciences ,0033 ,Crops ,20,13,7,0,20,0,0,0,0,0,0,20,0,10KL0033BS120101 ,KL ,802 ,BS ,0030 ,Crop Sciences ,0034 ,Crop Agribusiness ,41,32,9,0,41,0,0,0,0,0,0,41,0,10KL0034BS120101 ,KL ,802 ,BS ,0030 ,Crop Sciences ,0035 ,Plant Biotech & Molecular Bio ,20,12,8,0,16,0,0,1,1,2,0,19,1,10KL0035BS120101 ,KL ,802 ,BS ,0030 ,Crop Sciences ,0036 ,Biological Sciences ,7,4,3,0,2,1,3,0,1,0,0,7,0,10KL0036BS120101 ,KL ,802 ,BS ,0063 ,Horticulture ,  ,  ,1,0,1,0,1,0,0,0,0,0,0,1,0,10KL0063BSX120101 ,KL ,802 ,BS ,0063 ,Horticulture ,0064 ,Horticulture Science ,2,1,1,0,1,0,0,1,0,0,0,2,0,10KL0063BS120101 ,KL ,802 ,BS ,0063 ,Horticulture ,0065 ,Production and Management ,40,28,12,0,35,0,1,1,0,1,2,39,1,10KL0063BS120101 ,KL ,802 ,BS ,0063 ,Horticulture ,0065 ,Production and Management ,2,0,2,0,2,0,0,0,0,0,0,2,0,10KL0065BS120101 ,KL ,802 ,BS ,0063 ,Horticulture ,0066 ,Urban Forestry ,1,0,1,0,1,0,0,0,0,0,0,1,0,10KL0063BS120101 ,KL ,802 ,MS ,0030 ,Crop Sciences ,  ,  ,40,28,12,0,28,1,0,0,0,10,1,25,15,10KS0030MS120101 ,KL ,802 ,MS ,0030 ,Crop Sciences ,  ,  ,2,2,0,0,2,0,0,0,0,0,0,2,0,10KS0030MSU120101 ,KL ,802 ,MS ,4026 ,Bioinformatics ,5100 ,Crop Science ,6,4,2,0,0,0,0,1,0,5,0,0,6,10KS5100MS120101 ,KL ,802 ,NDEG ,0030 ,Crop Sciences ,  ,  ,1,1,0,0,1,0,0,0,0,0,0,1,0,10KS0030NDEG120101 ,KL ,802 ,PHD ,0030 ,Crop Sciences ,  ,  ,37,28,9,0,14,1,1,0,0,21,0,8,29,10KS0030PHD120101 ,KL ,875 ,BS ,0051 ,Natural Resrcs & Environ Sci ,0057 ,Fish and Wildlife Conservation ,9,3,6,0,7,2,0,0,0,0,0,9,0,10KL0051BS120101 ,KL ,875 ,BS ,0051 ,Natural Resrcs & Environ Sci ,0057 ,Fish and Wildlife Conservation ,45,23,22,0,37,3,0,3,0,1,1,44,1,10KL0057BS120101 ,KL ,875 ,BS ,0051 ,Natural Resrcs & Environ Sci ,3870 ,Forest Science ,16,14,2,0,14,0,0,2,0,0,0,16,0,10KL3870BS120101 ,KL ,875 ,BS ,0051 ,Natural Resrcs & Environ Sci ,3871 ,Human Dimensions ,39,17,22,0,32,1,1,2,0,2,1,37,2,10KL3871BS120101 ,KL ,875 ,BS ,0051 ,Natural Resrcs & Environ Sci ,3872 ,Resource Ecology ,35,21,14,0,23,5,0,3,0,3,1,32,3,10KL3872BS120101 ,KL ,875 ,BS ,0051 ,Natural Resrcs & Environ Sci ,3873 ,Soil and Water Science ,15,8,7,0,12,1,0,2,0,0,0,13,2,10KL3873BS120101 ,KL ,875 ,BS ,0051 ,Natural Resrcs & Environ Sci ,5239 ,Humn Dimnsns of the Environmnt ,15,6,9,0,11,3,0,0,0,1,0,13,2,10KL0051BS120101 ,KL ,875 ,BS ,0051 ,Natural Resrcs & Environ Sci ,5240 ,Resrce Cons & Restoration Ecol ,10,4,6,0,9,0,0,0,0,0,1,10,0,10KL0051BS120101 ,KL ,875 ,BS ,0051 ,Natural Resrcs & Environ Sci ,5241 ,Globl Chg & Landscape Dynamics ,3,2,1,0,2,0,0,0,0,0,1,3,0,10KL0051BS120101 ,KL ,875 ,MS ,0190 ,Natural Res & Env Sciences ,  ,  ,45,26,19,0,32,3,0,1,0,6,3,22,23,10KS0190MS120101 ,KL ,875 ,MS ,0190 ,Natural Res & Env Sciences ,  ,  ,1,0,1,0,1,0,0,0,0,0,0,1,0,10KS0190MSU120101 ,KL ,875 ,PHD ,0190 ,Natural Res & Env Sciences ,  ,  ,26,14,12,0,14,1,0,0,0,11,0,12,14,10KS0190PHD120101 ,KL ,971 ,MS ,0191 ,Nutritional Sciences ,  ,  ,20,6,14,0,10,3,1,1,0,5,0,6,14,10KS0191MS120101 ,KL ,971 ,PHD ,0191 ,Nutritional Sciences ,  ,  ,38,9,29,0,23,3,1,2,0,9,0,14,24,10KS0191PHD120101 ,KL ,  ,  ,  ,"Agr, Cons, Env Sci ",  ,***College total*** ,2787,1237,1547,3,2006,180,110,126,5,306,54,2314,473,  ,,,,,,,,,,,,,,,,,,,,, ,,,,,,,,,,,,,,,,,,,,,120101 ,KM ,  ,  ,  ,Business ,  ,  ,  ,  ,  ,  ,  ,  ,  ,  ,  ,  ,  ,  ,  , 120101 ,KM ,230 ,MBA ,9875 ,Business Administration (MBA) ,  ,  ,187,116,71,0,58,23,9,5,0,86,6,87,100,10KS9875MBA120101 ,KM ,230 ,MBA ,9875 ,Business Administration (MBA) ,4064 ,MBA ,95,66,29,0,58,16,6,2,0,10,3,92,3,10KS4064MBA120101 ,KM ,260 ,BS ,0075 ,Finance ,  ,  ,505,364,141,0,296,95,15,27,0,52,20,426,79,10KM0075BS120101 ,KM ,260 ,MS ,0075 ,Finance ,  ,  ,131,76,55,0,13,8,3,0,0,104,3,9,122,10KS0075MSK120101 ,KM ,260 ,NDEG ,0075 ,Finance ,  ,  ,16,7,9,0,0,0,0,0,0,16,0,0,16,10KS0075NDEG120101 ,KM ,260 ,PHD ,0075 ,Finance ,  ,  ,21,9,12,0,2,1,0,0,0,18,0,2,19,10KS0075PHD120101 ,KM ,346 ,BS ,0071 ,Accountancy ,  ,  ,843,491,352,0,453,154,36,48,0,141,11,650,193,10KM0071BS120101 ,KM ,346 ,MAS ,0071 ,Accountancy ,  ,  ,173,101,72,0,113,21,5,9,0,22,3,139,34,10KS0071MAS120101 ,KM ,346 ,MAS ,0071 ,Accountancy ,5101 ,Taxation ,69,28,41,0,45,12,0,3,0,7,2,56,13,10KS0071MAS120101 ,KM ,346 ,MS ,0071 ,Accountancy ,  ,  ,121,47,74,0,16,1,0,0,0,104,0,10,111,10KS0071MSK120101 ,KM ,346 ,MS ,0071 ,Accountancy ,3928 ,International Program ,4,3,1,0,0,1,0,0,0,3,0,1,3,10KS3928MS120101 ,KM ,346 ,MS ,5187 ,Taxation ,  ,  ,29,14,15,0,11,7,2,2,0,3,4,9,20,10KS5187MSK2120101 ,KM ,346 ,NDEG ,0071 ,Accountancy ,0073 ,Accountancy Postb ,25,15,10,0,13,4,0,5,1,0,2,25,0,10KM0073NDEG120101 ,KM ,346 ,PHD ,0071 ,Accountancy ,  ,  ,23,12,11,0,8,1,1,0,0,13,0,6,17,10KS0071PHD120101 ,KM ,902 ,BS ,0079 ,Business Administration ,0080 ,Marketing ,26,12,14,0,16,1,4,3,0,2,0,23,3,10KM0080BS120101 ,KM ,902 ,BS ,0079 ,Business Administration ,0081 ,Organizational Administration ,5,1,4,0,3,0,0,2,0,0,0,5,0,10KM0081BS120101 ,KM ,902 ,BS ,0079 ,Business Administration ,0083 ,Management Science ,1,1,0,0,0,0,0,0,0,1,0,0,1,10KM0083BS120101 ,KM ,902 ,BS ,0079 ,Business Administration ,0085 ,Management Info Systems ,3,3,0,0,3,0,0,0,0,0,0,3,0,10KM0085BS120101 ,KM ,902 ,BS ,0079 ,Business Administration ,0086 ,Entrepreneurship ,7,6,1,0,4,1,0,0,0,0,2,7,0,10KM0086BS120101 ,KM ,902 ,BS ,1432 ,Marketing ,  ,  ,113,42,71,0,72,11,9,13,1,6,1,102,11,10KM1432BS120101 ,KM ,902 ,BS ,1432 ,Marketing ,  ,  ,74,20,54,0,45,10,7,6,1,1,4,70,4,10KM8037BS120101 ,KM ,902 ,BS ,5070 ,Information Sys & Info Tech ,  ,  ,24,16,8,0,16,1,2,4,0,1,0,22,2,10KM5070BS120101 ,KM ,902 ,BS ,5070 ,Information Sys & Info Tech ,  ,  ,14,11,3,0,6,2,4,0,0,0,2,13,1,10KM8037BS120101 ,KM ,902 ,BS ,5071 ,Supply Chain Management ,  ,  ,34,22,12,0,24,5,0,1,0,1,3,32,2,10KM5071BS120101 ,KM ,902 ,BS ,5071 ,Supply Chain Management ,  ,  ,16,11,5,0,11,3,0,1,0,1,0,13,3,10KM8037BS120101 ,KM ,902 ,BS ,5072 ,Business Process Management ,  ,  ,17,9,8,0,12,2,1,0,0,1,1,14,3,10KM5072BS120101 ,KM ,902 ,BS ,5072 ,Business Process Management ,  ,  ,5,1,4,0,2,1,0,1,0,1,0,4,1,10KM8037BS120101 ,KM ,902 ,BS ,5073 ,Management ,0086 ,Entrepreneurship ,27,16,11,0,16,4,1,1,0,4,1,22,5,10KM5073BS120101 ,KM ,902 ,BS ,5073 ,Management ,0086 ,Entrepreneurship ,14,6,8,0,9,1,1,2,0,1,0,13,1,10KM8037BS120101 ,KM ,902 ,BS ,5073 ,Management ,5074 ,International Business ,48,16,32,0,27,8,2,5,0,4,2,41,7,10KM5073BS120101 ,KM ,902 ,BS ,5073 ,Management ,5074 ,International Business ,17,7,10,0,9,0,3,3,0,1,1,15,2,10KM8037BS120101 ,KM ,902 ,BS ,5073 ,Management ,5075 ,General Management ,45,23,21,1,31,5,3,4,1,0,1,40,5,10KM5073BS120101 ,KM ,902 ,BS ,5073 ,Management ,5075 ,General Management ,15,4,11,0,7,3,1,3,0,1,0,14,1,10KM8037BS120101 ,KM ,902 ,MS ,0079 ,Business Administration ,  ,  ,1,1,0,0,0,0,0,0,0,1,0,0,1,10KS0079MS120101 ,KM ,902 ,MS ,5148 ,Technology Management ,  ,  ,48,39,9,0,5,2,0,0,0,41,0,5,43,10KS5148MS120101 ,KM ,902 ,MS ,5148 ,Technology Management ,  ,  ,2,2,0,0,0,0,0,0,0,2,0,0,2,10KS5148MSK120101 ,KM ,902 ,PHD ,0079 ,Business Administration ,  ,  ,44,23,21,0,11,4,0,0,0,29,0,2,42,10KS0079PHD120101 ,KM ,938 ,MBA ,9875 ,Business Administration (MBA) ,3924 ,Executive Program ,84,64,15,5,62,6,7,3,0,0,6,78,6,10KS3924MBA2120101 ,KM ,952 ,NDEG ,0067 ,Nondegree ,  ,  ,40,24,16,0,3,0,0,0,0,36,1,3,37,10KM0067NDEG120101 ,KM ,952 ,NONE ,0070 ,Curric Unassigned ,  ,  ,781,431,350,0,471,124,44,67,1,58,16,642,139,10KM0070NONE120101 ,KM ,  ,  ,  ,Business ,  ,***College total*** ,3747,2160,1581,6,1951,538,166,220,5,772,95,2695,1052,  ,,,,,,,,,,,,,,,,,,,,, ,,,,,,,,,,,,,,,,,,,,,120101 ,KN ,  ,  ,  ,Education ,  ,  ,  ,  ,  ,  ,  ,  ,  ,  ,  ,  ,  ,  ,  , 120101 ,KN ,335 ,NDEG ,0067 ,Nondegree ,  ,  ,3,0,3,0,0,0,0,1,0,1,1,2,1,10KN0067NDEG120101 ,KN ,335 ,NONE ,4089 ,Pre-Early Chld/Elem Ed/Spec Ed ,  ,  ,306,16,289,1,248,22,12,16,0,4,4,293,13,10KN4089NONE120101 ,KN ,570 ,BS ,0093 ,Special Education ,  ,  ,66,9,57,0,54,2,1,4,1,1,3,64,2,10KN0093BS120101 ,KN ,570 ,CAS ,0093 ,Special Education ,  ,  ,3,1,2,0,1,0,0,0,0,1,1,1,2,10KS0093CAS120101 ,KN ,570 ,EDM ,0093 ,Special Education ,  ,  ,41,8,33,0,31,3,2,2,0,2,1,36,5,10KS0093EDM120101 ,KN ,570 ,MA ,0093 ,Special Education ,  ,  ,4,1,3,0,3,0,0,0,0,0,1,3,1,10KS0093MA120101 ,KN ,570 ,MS ,0093 ,Special Education ,  ,  ,8,1,7,0,7,0,1,0,0,0,0,8,0,10KS0093MS120101 ,KN ,570 ,PHD ,0093 ,Special Education ,  ,  ,24,4,20,0,15,1,3,0,0,4,1,13,11,10KS0093PHD120101 ,KN ,613 ,BS ,0094 ,Early Childhood Education ,3962 ,ECh: Dance ,1,0,1,0,1,0,0,0,0,0,0,1,0,10KN3962BS120101 ,KN ,613 ,BS ,0094 ,Early Childhood Education ,3966 ,ECh: Geography ,1,0,1,0,1,0,0,0,0,0,0,1,0,10KN3966BS120101 ,KN ,613 ,BS ,0094 ,Early Childhood Education ,3967 ,ECh: History ,4,1,3,0,4,0,0,0,0,0,0,4,0,10KN3967BS120101 ,KN ,613 ,BS ,0094 ,Early Childhood Education ,3968 ,ECh: Language arts ,5,0,5,0,4,0,1,0,0,0,0,5,0,10KN3968BS120101 ,KN ,613 ,BS ,0094 ,Early Childhood Education ,3970 ,ECh: Mathematics ,10,0,10,0,8,1,0,0,0,1,0,9,1,10KN3970BS120101 ,KN ,613 ,BS ,0094 ,Early Childhood Education ,3975 ,ECh: Psychology ,11,0,11,0,10,0,1,0,0,0,0,10,1,10KN3975BS120101 ,KN ,613 ,BS ,0094 ,Early Childhood Education ,3976 ,ECh: Sociology ,1,0,1,0,0,0,1,0,0,0,0,1,0,10KN3976BS120101 ,KN ,613 ,BS ,0094 ,Early Childhood Education ,4014 ,ECh: Spanish ,5,0,5,0,4,0,0,1,0,0,0,5,0,10KN4014BS120101 ,KN ,613 ,BS ,0095 ,Elementary Education ,3939 ,EIEd: Biology ,2,0,2,0,1,0,0,0,0,0,1,2,0,10KN3939BS120101 ,KN ,613 ,BS ,0095 ,Elementary Education ,3940 ,EIEd: Chemisty ,2,0,2,0,1,1,0,0,0,0,0,2,0,10KN3940BS120101 ,KN ,613 ,BS ,0095 ,Elementary Education ,3945 ,EIEd: Geography ,3,0,3,0,3,0,0,0,0,0,0,3,0,10KN3945BS120101 ,KN ,613 ,BS ,0095 ,Elementary Education ,3946 ,EIEd: History ,13,2,11,0,10,2,0,0,0,0,1,13,0,10KN3946BS120101 ,KN ,613 ,BS ,0095 ,Elementary Education ,3947 ,EIEd: Language Arts ,55,2,53,0,43,4,2,4,0,0,2,54,1,10KN3947BS120101 ,KN ,613 ,BS ,0095 ,Elementary Education ,3948 ,EIEd: Linguistics ,1,0,1,0,0,1,0,0,0,0,0,1,0,10KN3948BS120101 ,KN ,613 ,BS ,0095 ,Elementary Education ,3949 ,EIEd: Mathematics ,84,2,82,0,71,8,1,4,0,0,0,82,2,10KN3949BS120101 ,KN ,613 ,BS ,0095 ,Elementary Education ,3950 ,EIEd: Music ,2,1,1,0,1,0,0,0,0,0,1,2,0,10KN3950BS120101 ,KN ,613 ,BS ,0095 ,Elementary Education ,3954 ,ElEd: Psychology ,34,2,32,0,29,0,2,2,0,0,1,34,0,10KN3954BS120101 ,KN ,613 ,BS ,0095 ,Elementary Education ,3955 ,ElEd: Sociology ,10,0,10,0,7,0,1,2,0,0,0,10,0,10KN3955BS120101 ,KN ,613 ,BS ,0095 ,Elementary Education ,3956 ,EIEd: Theatre ,1,0,1,0,1,0,0,0,0,0,0,1,0,10KN3956BS120101 ,KN ,613 ,BS ,0095 ,Elementary Education ,3996 ,EIEd: French ,5,1,4,0,5,0,0,0,0,0,0,5,0,10KN3996BS120101 ,KN ,613 ,BS ,0095 ,Elementary Education ,3997 ,EIEd: German ,1,0,1,0,1,0,0,0,0,0,0,1,0,10KN3997BS120101 ,KN ,613 ,BS ,0095 ,Elementary Education ,4004 ,EIEd: Spanish ,37,0,37,0,32,3,0,2,0,0,0,36,1,10KN4004BS120101 ,KN ,613 ,BS ,0095 ,Elementary Education ,5193 ,General Sciences ,4,1,3,0,4,0,0,0,0,0,0,4,0,10KN5193BS120101 ,KN ,613 ,EDD ,0095 ,Elementary Education ,  ,  ,1,1,0,0,1,0,0,0,0,0,0,1,0,10KS0095EDD120101 ,KN ,613 ,EDD ,1144 ,Curriculum and Instruction ,  ,  ,7,1,6,0,3,1,3,0,0,0,0,5,2,10KS1144EDD120101 ,KN ,613 ,EDM ,0095 ,Elementary Education ,  ,  ,6,0,6,0,5,0,0,1,0,0,0,6,0,10KS0095EDM120101 ,KN ,613 ,EDM ,0095 ,Elementary Education ,0211 ,Elementary Ed - Cert ,12,3,9,0,9,1,2,0,0,0,0,12,0,10KS0211EDM120101 ,KN ,613 ,EDM ,0215 ,Secondary & Continuing Educ ,  ,  ,1,1,0,0,1,0,0,0,0,0,0,1,0,10KS0215EDM120101 ,KN ,613 ,EDM ,0215 ,Secondary & Continuing Educ ,0216 ,English Certification ,2,0,2,0,2,0,0,0,0,0,0,2,0,10KS0216EDM120101 ,KN ,613 ,EDM ,1144 ,Curriculum and Instruction ,  ,  ,38,5,33,0,27,5,2,0,0,0,4,38,0,10KS1144EDM120101 ,KN ,613 ,EDM ,5082 ,Early Childhood Education ,  ,  ,2,0,2,0,2,0,0,0,0,0,0,2,0,10KS5082EDM120101 ,KN ,613 ,EDM ,8527 ,Secondary Education ,5224 ,English ,6,0,6,0,5,0,0,1,0,0,0,5,1,10KS8527EDM120101 ,KN ,613 ,EDM ,8527 ,Secondary Education ,5225 ,Social Studies ,4,3,1,0,3,0,0,1,0,0,0,4,0,10KS8527EDM120101 ,KN ,613 ,EDM ,8527 ,Secondary Education ,5226 ,Sciences ,2,2,0,0,0,1,0,0,0,0,1,2,0,10KS8527EDM120101 ,KN ,613 ,EDM ,8527 ,Secondary Education ,5227 ,Mathematics ,5,2,3,0,4,1,0,0,0,0,0,5,0,10KS8527EDM120101 ,KN ,613 ,MA ,0095 ,Elementary Education ,  ,  ,1,0,1,0,1,0,0,0,0,0,0,1,0,10KS0095MA120101 ,KN ,613 ,MA ,1144 ,Curriculum and Instruction ,  ,  ,1,0,1,0,1,0,0,0,0,0,0,1,0,10KS1144MA120101 ,KN ,613 ,MS ,1144 ,Curriculum and Instruction ,  ,  ,2,1,1,0,1,0,0,0,0,1,0,1,1,10KS1144MS120101 ,KN ,613 ,NDEG ,1144 ,Curriculum and Instruction ,  ,  ,1,0,1,0,1,0,0,0,0,0,0,1,0,10KS1144NDEU120101 ,KN ,613 ,PHD ,0095 ,Elementary Education ,  ,  ,28,4,24,0,8,1,1,1,0,17,0,9,19,10KS0095PHD120101 ,KN ,613 ,PHD ,0215 ,Secondary & Continuing Educ ,  ,  ,48,15,33,0,14,3,7,1,0,23,0,14,34,10KS0215PHD120101 ,KN ,613 ,PHD ,1144 ,Curriculum and Instruction ,  ,  ,29,6,23,0,11,3,1,2,0,11,1,13,16,10KS1144PHD120101 ,KN ,616 ,PHD ,0210 ,Educational Psychology ,  ,  ,96,27,69,0,37,4,15,8,0,32,0,22,74,10KS0210PHD120101 ,KN ,640 ,EDD ,0220 ,Educational Policy Studies ,  ,  ,1,0,1,0,0,0,0,1,0,0,0,0,1,10KS0220EDD120101 ,KN ,640 ,EDM ,0220 ,Educational Policy Studies ,  ,  ,3,0,3,0,1,0,1,1,0,0,0,3,0,10KS0220EDM120101 ,KN ,640 ,EDM ,0220 ,Educational Policy Studies ,  ,  ,1,0,1,0,1,0,0,0,0,0,0,1,0,10KS0220EDMU120101 ,KN ,640 ,MA ,0220 ,Educational Policy Studies ,  ,  ,10,6,4,0,1,0,6,2,1,0,0,6,4,10KS0220MA120101 ,KN ,640 ,PHD ,0220 ,Educational Policy Studies ,  ,  ,134,47,87,0,26,8,47,29,5,18,1,63,71,10KS0220PHD120101 ,KN ,674 ,CAS ,0209 ,Ed Organization and Leadership ,  ,  ,6,2,4,0,4,0,2,0,0,0,0,6,0,10KS0209CAS120101 ,KN ,674 ,EDD ,0209 ,Ed Organization and Leadership ,  ,  ,39,19,20,0,32,1,2,1,0,0,3,39,0,10KS0209EDD120101 ,KN ,674 ,EDD ,0209 ,Ed Organization and Leadership ,5096 ,Higher Education ,1,0,1,0,0,1,0,0,0,0,0,1,0,10KS0209EDD120101 ,KN ,674 ,EDD ,0209 ,Ed Organization and Leadership ,5097 ,Educational Admin & Leadership ,2,1,1,0,1,1,0,0,0,0,0,2,0,10KS0209EDD120101 ,KN ,674 ,EDM ,0209 ,Ed Organization and Leadership ,  ,  ,32,10,22,0,22,1,5,1,0,1,2,31,1,10KS0209EDM120101 ,KN ,674 ,EDM ,0209 ,Ed Organization and Leadership ,  ,  ,1,0,1,0,0,0,1,0,0,0,0,1,0,10KS0209EDMU120101 ,KN ,674 ,EDM ,0209 ,Ed Organization and Leadership ,5096 ,Higher Education ,19,2,17,0,12,1,2,2,0,1,1,17,2,10KS0209EDM120101 ,KN ,674 ,EDM ,0209 ,Ed Organization and Leadership ,5097 ,Educational Admin & Leadership ,8,3,5,0,8,0,0,0,0,0,0,8,0,10KS0209EDM120101 ,KN ,674 ,MS ,0209 ,Ed Organization and Leadership ,  ,  ,3,1,2,0,1,0,2,0,0,0,0,1,2,10KS0209MS120101 ,KN ,674 ,MS ,0209 ,Ed Organization and Leadership ,5096 ,Higher Education ,1,0,1,0,0,0,0,1,0,0,0,1,0,10KS0209MS120101 ,KN ,674 ,PHD ,0209 ,Ed Organization and Leadership ,  ,  ,24,11,13,0,16,2,4,0,0,2,0,16,8,10KS0209PHD120101 ,KN ,674 ,PHD ,0209 ,Ed Organization and Leadership ,5096 ,Higher Education ,1,1,0,0,1,0,0,0,0,0,0,1,0,10KS0209PHD120101 ,KN ,674 ,PHD ,0209 ,Ed Organization and Leadership ,5097 ,Educational Admin & Leadership ,1,1,0,0,1,0,0,0,0,0,0,1,0,10KS0209PHD120101 ,KN ,760 ,CAS ,4096 ,Human Resource Education ,  ,  ,4,1,3,0,0,0,2,0,0,2,0,2,2,10KS4096CAS120101 ,KN ,760 ,EDD ,4096 ,Human Resource Education ,  ,  ,3,2,1,0,2,0,0,0,0,1,0,2,1,10KS4096EDD120101 ,KN ,760 ,EDD ,4096 ,Human Resource Education ,5137 ,Human Resource Development ,2,1,1,0,1,0,1,0,0,0,0,2,0,10KS4096EDD120101 ,KN ,760 ,EDM ,4096 ,Human Resource Education ,  ,  ,7,6,1,0,3,1,1,0,0,2,0,5,2,10KS4096EDM120101 ,KN ,760 ,EDM ,4096 ,Human Resource Education ,5137 ,Human Resource Development ,28,12,16,0,16,3,3,1,0,5,0,20,8,10KS4096EDM120101 ,KN ,760 ,MS ,4096 ,Human Resource Education ,  ,  ,1,1,0,0,0,0,0,0,0,1,0,0,1,10KS4096MS120101 ,KN ,760 ,MS ,4096 ,Human Resource Education ,5137 ,Human Resource Development ,4,1,3,0,0,0,1,0,0,3,0,2,2,10KS4096MS120101 ,KN ,760 ,PHD ,4096 ,Human Resource Education ,  ,  ,5,0,5,0,1,0,1,0,0,3,0,2,3,10KS4096PHD120101 ,KN ,760 ,PHD ,4096 ,Human Resource Education ,5137 ,Human Resource Development ,28,18,10,0,7,1,3,0,0,17,0,11,17,10KS4096PHD120101 ,KN ,  ,  ,  ,Education ,  ,***College total*** ,1408,269,1138,1,893,88,143,92,7,154,31,1095,313,  ,,,,,,,,,,,,,,,,,,,,, ,,,,,,,,,,,,,,,,,,,,,120101 ,KP ,  ,  ,  ,Engineering ,  ,  ,  ,  ,  ,  ,  ,  ,  ,  ,  ,  ,  ,  ,  , 120101 ,KP ,210 ,BS ,0118 ,Engineering Mechanics ,  ,  ,1,1,0,0,1,0,0,0,0,0,0,1,0,10KP0118BS120101 ,KP ,227 ,BS ,0102 ,Agricultural Engineering ,  ,  ,48,39,9,0,44,2,0,1,0,1,0,46,2,10KP0102BS120101 ,KP ,227 ,BS ,0102 ,Agricultural Engineering ,3907 ,Food & Bioprocess Engineering ,1,1,0,0,1,0,0,0,0,0,0,1,0,10KP3907BS120101 ,KP ,227 ,BS ,5163 ,Agricultural & Biological Engr ,  ,  ,29,18,11,0,22,4,0,0,0,3,0,26,3,10KP5163BS120101 ,KP ,227 ,BS ,5163 ,Agricultural & Biological Engr ,3907 ,Food & Bioprocess Engineering ,1,1,0,0,1,0,0,0,0,0,0,1,0,10KP5163BS120101 ,KP ,227 ,MS ,0102 ,Agricultural Engineering ,  ,  ,8,6,2,0,4,1,0,0,0,3,0,5,3,10KS0102MS120101 ,KP ,227 ,MS ,5163 ,Agricultural & Biological Engr ,  ,  ,15,10,5,0,6,0,0,0,0,9,0,4,11,10KS5163MS120101 ,KP ,227 ,NDEG ,0067 ,Nondegree ,  ,  ,153,118,35,0,31,6,1,3,0,109,3,40,113,10KP0067NDEG120101 ,KP ,227 ,PHD ,0102 ,Agricultural Engineering ,  ,  ,12,12,0,0,1,0,0,0,0,11,0,1,11,10KS0102PHD120101 ,KP ,227 ,PHD ,5163 ,Agricultural & Biological Engr ,  ,  ,14,9,5,0,3,0,0,1,0,10,0,2,12,10KS5163PHD120101 ,KP ,244 ,BS ,0121 ,Engineering Physics ,  ,  ,129,115,14,0,90,16,2,5,0,12,4,97,32,10KP0121BS120101 ,KP ,244 ,MS ,0240 ,Physics ,  ,  ,1,1,0,0,0,0,0,0,0,1,0,0,1,10KS0240MS120101 ,KP ,244 ,PHD ,0240 ,Physics ,  ,  ,254,219,35,0,109,16,2,3,0,123,1,25,229,10KS0240PHD120101 ,KP ,251 ,BS ,0106 ,Civil Engineering ,  ,  ,724,520,202,2,509,69,27,35,1,67,16,599,125,10KP0106BS120101 ,KP ,251 ,MS ,0106 ,Civil Engineering ,  ,  ,184,142,42,0,94,13,2,6,0,61,8,87,97,10KS0106MS120101 ,KP ,251 ,MS ,0231 ,Environ Engr in Civil Engr ,  ,  ,36,20,16,0,23,2,0,3,0,8,0,12,24,10KS0231MS120101 ,KP ,251 ,MS ,0232 ,Environ Science in Civil Engr ,  ,  ,6,2,4,0,2,1,0,1,0,1,1,3,3,10KS0232MS120101 ,KP ,251 ,PHD ,0106 ,Civil Engineering ,  ,  ,140,120,20,0,28,4,1,1,0,104,2,16,124,10KS0106PHD120101 ,KP ,251 ,PHD ,0231 ,Environ Engr in Civil Engr ,  ,  ,43,20,23,0,9,3,0,2,0,28,1,4,39,10KS0231PHD120101 ,KP ,251 ,PHD ,0232 ,Environ Science in Civil Engr ,  ,  ,6,1,5,0,1,1,0,0,0,3,1,1,5,10KS0232PHD120101 ,KP ,343 ,BS ,0408 ,Bioengineering ,  ,  ,127,78,49,0,85,27,0,4,1,5,5,112,15,10KP0408BS120101 ,KP ,343 ,MS ,0408 ,Bioengineering ,  ,  ,4,2,2,0,1,1,0,0,0,2,0,2,2,10KS0408MS120101 ,KP ,343 ,PHD ,0408 ,Bioengineering ,  ,  ,34,19,15,0,10,8,1,0,0,14,1,6,28,10KS0408PHD120101 ,KP ,422 ,BS ,0124 ,General Engineering ,  ,  ,428,328,99,1,294,67,6,20,0,33,8,367,61,10KP0124BS120101 ,KP ,422 ,BS ,0127 ,Industrial Engineering ,  ,  ,112,83,29,0,44,15,5,5,0,41,2,62,50,10KP0127BS120101 ,KP ,422 ,MS ,0127 ,Industrial Engineering ,  ,  ,10,7,3,0,2,0,0,0,0,8,0,2,8,10KS0127MS120101 ,KP ,422 ,MS ,3846 ,Systems & Entrepreneurial Engr ,  ,  ,12,9,3,0,8,0,0,0,0,4,0,8,4,10KS3846MS120101 ,KP ,422 ,PHD ,0127 ,Industrial Engineering ,  ,  ,30,19,11,0,3,0,0,0,0,27,0,1,29,10KS0127PHD120101 ,KP ,422 ,PHD ,3846 ,Systems & Entrepreneurial Engr ,  ,  ,18,14,4,0,3,0,1,0,0,14,0,3,15,10KS3846PHD120101 ,KP ,434 ,BS ,0112 ,Computer Science ,  ,  ,659,592,67,0,344,126,7,18,1,147,16,406,253,10KP0112BS120101 ,KP ,434 ,BS ,0112 ,Computer Science ,1854 ,CS:BS/MS Program ,6,5,1,0,4,0,0,0,0,1,1,5,1,10KP1854BS120101 ,KP ,434 ,MCS ,0112 ,Computer Science ,  ,  ,4,3,1,0,1,0,0,0,0,3,0,1,3,10KS0112MCS120101 ,KP ,434 ,MS ,0112 ,Computer Science ,  ,  ,33,22,11,0,7,4,0,0,0,21,1,7,26,10KS0112MS120101 ,KP ,434 ,MS ,0112 ,Computer Science ,1854 ,CS:BS/MS Program ,3,3,0,0,0,2,0,0,0,1,0,1,2,10KS1854MS120101 ,KP ,434 ,MS ,4026 ,Bioinformatics ,4028 ,Computer Science ,5,3,2,0,3,0,0,0,0,2,0,4,1,10KS4028MS120101 ,KP ,434 ,PHD ,0112 ,Computer Science ,  ,  ,310,266,44,0,68,16,3,0,0,221,2,31,279,10KS0112PHD120101 ,KP ,615 ,BS ,4048 ,Aerospace Engineering ,  ,  ,356,308,48,0,238,51,6,15,4,31,11,287,69,10KP4048BS120101 ,KP ,615 ,MS ,4048 ,Aerospace Engineering ,  ,  ,65,57,8,0,34,8,0,1,0,22,0,27,38,10KS4048MS120101 ,KP ,615 ,PHD ,4048 ,Aerospace Engineering ,  ,  ,53,50,3,0,21,2,2,2,0,26,0,16,37,10KS4048PHD120101 ,KP ,917 ,BS ,0118 ,Engineering Mechanics ,  ,  ,101,86,15,0,64,13,0,4,0,16,4,73,28,10KP0118BS120101 ,KP ,917 ,BS ,0133 ,Mechanical Engineering ,  ,  ,705,628,75,2,490,82,15,32,1,68,17,567,138,10KP0133BS120101 ,KP ,917 ,BS ,0133 ,Mechanical Engineering ,4018 ,BS/MS Mechanical Engineering ,3,3,0,0,2,0,0,0,0,1,0,2,1,10KP4018BS120101 ,KP ,917 ,MS ,0133 ,Mechanical Engineering ,  ,  ,114,105,9,0,48,9,0,4,0,52,1,35,79,10KS0133MS120101 ,KP ,917 ,MS ,0133 ,Mechanical Engineering ,4018 ,BS/MS Mechanical Engineering ,19,19,0,0,15,3,0,0,0,1,0,18,1,10KS4018MS120101 ,KP ,917 ,MS ,0242 ,Theoretical & Applied Mechans ,  ,  ,18,15,3,0,13,0,0,1,0,4,0,7,11,10KS0242MS120101 ,KP ,917 ,PHD ,0133 ,Mechanical Engineering ,  ,  ,135,116,19,0,30,3,1,0,0,100,1,12,123,10KS0133PHD120101 ,KP ,917 ,PHD ,0242 ,Theoretical & Applied Mechans ,  ,  ,31,26,5,0,9,0,0,2,0,20,0,5,26,10KS0242PHD120101 ,KP ,919 ,BS ,0130 ,Materials Science & Engr ,  ,  ,218,164,54,0,128,40,3,6,0,33,8,154,64,10KP0130BS120101 ,KP ,919 ,BS ,0130 ,Materials Science & Engr ,3908 ,Ceramics ,7,5,2,0,4,0,0,0,0,3,0,4,3,10KP3908BS120101 ,KP ,919 ,BS ,0130 ,Materials Science & Engr ,3909 ,Electronic Materials ,10,9,1,0,6,3,0,1,0,0,0,8,2,10KP3909BS120101 ,KP ,919 ,BS ,0130 ,Materials Science & Engr ,3910 ,Metals ,16,11,5,0,13,1,1,0,0,1,0,14,2,10KP3910BS120101 ,KP ,919 ,BS ,0130 ,Materials Science & Engr ,3911 ,Biomaterials ,15,11,4,0,6,7,0,1,0,1,0,14,1,10KP3911BS120101 ,KP ,919 ,BS ,0130 ,Materials Science & Engr ,3912 ,Polymer ,26,17,9,0,17,1,0,0,0,7,1,18,8,10KP3912BS120101 ,KP ,919 ,MS ,0130 ,Materials Science & Engr ,  ,  ,13,12,1,0,5,2,0,0,0,5,1,6,7,10KS0130MS120101 ,KP ,919 ,PHD ,0130 ,Materials Science & Engr ,  ,  ,137,102,35,0,46,13,0,3,0,73,2,11,126,10KS0130PHD120101 ,KP ,933 ,BS ,0109 ,Computer Engineering ,  ,  ,429,390,38,1,209,80,16,21,0,93,10,275,154,10KP0109BS120101 ,KP ,933 ,BS ,0115 ,Electrical Engineering ,  ,  ,890,787,102,1,311,215,19,37,1,291,16,479,411,10KP0115BS120101 ,KP ,933 ,MS ,1200 ,Electrical & Computer Engr ,  ,  ,204,178,26,0,86,22,4,1,0,87,4,47,157,10KS1200MS120101 ,KP ,933 ,PHD ,0115 ,Electrical Engineering ,  ,  ,3,2,1,0,2,0,0,0,0,1,0,1,2,10KS0115PHD120101 ,KP ,933 ,PHD ,1200 ,Electrical & Computer Engr ,  ,  ,291,243,48,0,60,26,4,9,0,189,3,36,255,10KS1200PHD120101 ,KP ,973 ,BS ,0139 ,Nuclear Engineering ,  ,  ,14,14,0,0,11,0,1,1,0,0,1,13,1,10KP0139BS120101 ,KP ,973 ,BS ,0139 ,Nuclear Engineering ,3913 ,"Power, Safety, and the Environ ",51,44,7,0,30,5,2,5,0,6,3,40,11,10KP3913BS120101 ,KP ,973 ,BS ,0139 ,Nuclear Engineering ,3914 ,Plasma and Fusion Sci and Engr ,16,16,0,0,12,2,0,0,0,2,0,12,4,10KP3914BS120101 ,KP ,973 ,BS ,0139 ,Nuclear Engineering ,3915 ,"Radiol, Medical, & Instr Apps ",9,6,3,0,6,2,0,0,0,0,1,9,0,10KP3915BS120101 ,KP ,973 ,BS ,5183 ,"Nuclear, Plasma, Radiolgc Engr ",  ,  ,56,44,12,0,39,5,1,2,0,5,4,41,15,10KP5183BS120101 ,KP ,973 ,BS ,5183 ,"Nuclear, Plasma, Radiolgc Engr ",3913 ,"Power, Safety, and the Environ ",3,2,1,0,3,0,0,0,0,0,0,3,0,10KP5183BS120101 ,KP ,973 ,BS ,5183 ,"Nuclear, Plasma, Radiolgc Engr ",3914 ,Plasma and Fusion Sci and Engr ,3,2,1,0,2,1,0,0,0,0,0,3,0,10KP5183BS120101 ,KP ,973 ,BS ,5183 ,"Nuclear, Plasma, Radiolgc Engr ",3915 ,"Radiol, Medical, & Instr Apps ",1,1,0,0,1,0,0,0,0,0,0,1,0,10KP5183BS120101 ,KP ,973 ,MS ,0139 ,Nuclear Engineering ,  ,  ,1,0,1,0,1,0,0,0,0,0,0,1,0,10KS0139MS120101 ,KP ,973 ,MS ,5183 ,"Nuclear, Plasma, Radiolgc Engr ",  ,  ,11,8,3,0,7,0,0,1,0,3,0,5,6,10KS5183MS120101 ,KP ,973 ,PHD ,0139 ,Nuclear Engineering ,  ,  ,34,29,5,0,10,3,1,0,0,20,0,6,28,10KS0139PHD120101 ,KP ,973 ,PHD ,5183 ,"Nuclear, Plasma, Radiolgc Engr ",  ,  ,15,14,1,0,0,1,0,0,0,14,0,0,15,10KS5183PHD120101 ,KP ,  ,  ,  ,Engineering ,  ,***College total*** ,7673,6352,1314,7,3835,1004,134,257,9,2273,161,4239,3434,  ,,,,,,,,,,,,,,,,,,,,, ,,,,,,,,,,,,,,,,,,,,,120101 ,KR ,  ,  ,  ,Fine & Applied Arts ,  ,  ,  ,  ,  ,  ,  ,  ,  ,  ,  ,  ,  ,  ,  , 120101 ,KR ,447 ,NDEG ,0067 ,Nondegree ,  ,  ,23,13,10,0,7,0,1,0,0,14,1,7,16,10KR0067NDEG120101 ,KR ,495 ,AD ,0265 ,Music ,  ,  ,4,1,3,0,3,0,0,0,0,1,0,1,3,10KS0265AD120101 ,KR ,495 ,AMUSD ,0265 ,Music ,  ,  ,43,20,23,0,21,0,0,1,0,20,1,9,34,10KS0265AMUS120101 ,KR ,495 ,AMUSD ,0265 ,Music ,3930 ,Choral Music ,10,3,7,0,5,0,0,0,0,4,1,2,8,10KS0265AMUS120101 ,KR ,495 ,AMUSD ,0265 ,Music ,5110 ,Performance and Literature ,111,41,70,0,38,3,0,1,0,63,6,22,89,10KS0265AMUS120101 ,KR ,495 ,AMUSD ,0265 ,Music ,5111 ,Music Composition ,18,12,6,0,7,0,0,0,1,10,0,1,17,10KS0265AMUS120101 ,KR ,495 ,AMUSD ,0265 ,Music ,5117 ,Vocal Coaching & Accompanying ,8,3,5,0,4,1,0,0,0,3,0,3,5,10KS0265AMUS120101 ,KR ,495 ,AMUSD ,0265 ,Music ,5118 ,Jazz Performance ,16,14,2,0,11,0,1,0,0,3,1,8,8,10KS0265AMUS120101 ,KR ,495 ,BA ,0265 ,Music ,  ,  ,15,9,6,0,11,2,0,1,0,0,1,14,1,10KR0265BA120101 ,KR ,495 ,BME ,0168 ,Music Education ,3930 ,Choral Music ,52,16,36,0,43,4,1,2,0,0,2,51,1,10KR3930BME120101 ,KR ,495 ,BME ,0168 ,Music Education ,3931 ,Instrumental Music ,143,73,70,0,126,8,0,4,0,0,5,135,8,10KR3931BME120101 ,KR ,495 ,BME ,0168 ,Music Education ,3932 ,Elementary General Music ,3,1,2,0,3,0,0,0,0,0,0,3,0,10KR3932BME120101 ,KR ,495 ,BMUS ,0157 ,Voice ,  ,  ,29,7,22,0,24,1,2,1,0,0,1,29,0,10KR0157BMUS120101 ,KR ,495 ,BMUS ,0158 ,Instrumental Music ,  ,  ,83,39,44,0,60,12,1,4,0,3,3,63,20,10KR0158BMUS120101 ,KR ,495 ,BMUS ,0159 ,Music Composition ,  ,  ,11,9,2,0,10,1,0,0,0,0,0,9,2,10KR0159BMUS120101 ,KR ,495 ,BMUS ,0160 ,Music History ,  ,  ,8,3,5,0,5,1,0,1,0,1,0,5,3,10KR0160BMUS120101 ,KR ,495 ,BMUS ,0161 ,Open Studies ,  ,  ,11,6,5,0,7,2,0,1,0,1,0,10,1,10KR0161BMUS120101 ,KR ,495 ,BMUS ,5045 ,Jazz Performance ,  ,  ,38,32,6,0,28,2,4,2,1,0,1,30,8,10KR5045BMUS120101 ,KR ,495 ,EDD ,0168 ,Music Education ,  ,  ,18,10,8,0,14,0,2,0,0,2,0,8,10,10KS0168EDD120101 ,KR ,495 ,MME ,0168 ,Music Education ,  ,  ,8,4,4,0,4,2,0,0,0,1,1,5,3,10KS0168MME120101 ,KR ,495 ,MMUS ,0265 ,Music ,  ,  ,32,14,18,0,24,2,0,2,0,3,1,6,26,10KS0265MMUS120101 ,KR ,495 ,MMUS ,0265 ,Music ,5110 ,Performance and Literature ,33,16,17,0,18,2,1,3,0,8,1,13,20,10KS0265MMUS120101 ,KR ,495 ,MMUS ,0265 ,Music ,5111 ,Music Composition ,1,1,0,0,0,0,0,0,0,1,0,0,1,10KS0265MMUS120101 ,KR ,495 ,MMUS ,0265 ,Music ,5113 ,Musicology ,12,6,6,0,10,0,0,0,0,0,2,1,11,10KS0265MMUS120101 ,KR ,495 ,MMUS ,0265 ,Music ,5114 ,Piano Pedagogy ,5,1,4,0,2,1,0,0,0,2,0,1,4,10KS0265MMUS120101 ,KR ,495 ,MMUS ,0265 ,Music ,5116 ,Instrumental Conducting (Orch) ,2,2,0,0,1,0,0,0,0,1,0,1,1,10KS0265MMUS120101 ,KR ,495 ,MMUS ,0265 ,Music ,5117 ,Vocal Coaching & Accompanying ,3,1,2,0,2,0,0,0,0,1,0,2,1,10KS0265MMUS120101 ,KR ,495 ,MMUS ,0265 ,Music ,5118 ,Jazz Performance ,7,7,0,0,7,0,0,0,0,0,0,4,3,10KS0265MMUS120101 ,KR ,495 ,NDEG ,0265 ,Music ,  ,  ,1,1,0,0,1,0,0,0,0,0,0,1,0,10KS0265NDEG120101 ,KR ,495 ,PHD ,0168 ,Music Education ,  ,  ,4,3,1,0,4,0,0,0,0,0,0,3,1,10KS0168PHD120101 ,KR ,495 ,PHD ,1481 ,Musicology ,  ,  ,19,10,9,0,12,0,1,1,0,5,0,6,13,10KS1481PHD120101 ,KR ,526 ,BFA ,0148 ,Graphic Design ,  ,  ,65,24,41,0,41,16,1,1,0,4,2,52,13,10KR0148BFA120101 ,KR ,526 ,BFA ,0149 ,Crafts ,3933 ,Ceramics ,5,2,3,0,3,0,0,1,0,0,1,4,1,10KR3933BFA120101 ,KR ,526 ,BFA ,0149 ,Crafts ,3935 ,Metals ,9,1,8,0,6,0,0,1,1,1,0,8,1,10KR3935BFA120101 ,KR ,526 ,BFA ,0150 ,History of Art ,  ,  ,13,0,13,0,12,0,0,0,0,1,0,12,1,10KR0150BFA120101 ,KR ,526 ,BFA ,0151 ,Photography ,  ,  ,34,8,26,0,29,0,1,2,0,2,0,31,3,10KR0151BFA120101 ,KR ,526 ,BFA ,0152 ,Industrial Design ,  ,  ,110,53,57,0,59,20,2,9,0,16,4,84,26,10KR0152BFA120101 ,KR ,526 ,BFA ,0153 ,Painting ,  ,  ,28,7,21,0,15,4,1,6,0,2,0,26,2,10KR0153BFA120101 ,KR ,526 ,BFA ,0154 ,Sculpture ,  ,  ,4,0,4,0,3,1,0,0,0,0,0,3,1,10KR0154BFA120101 ,KR ,526 ,BFA ,0169 ,Art Education ,  ,  ,56,15,41,0,47,3,1,5,0,0,0,55,1,10KR0169BFA120101 ,KR ,526 ,BFA ,5128 ,New Media ,  ,  ,22,10,12,0,15,1,2,0,0,3,1,19,3,10KR5128BFA120101 ,KR ,526 ,EDM ,0169 ,Art Education ,  ,  ,5,0,5,0,4,1,0,0,0,0,0,5,0,10KS0169EDM120101 ,KR ,526 ,MA ,0169 ,Art Education ,  ,  ,6,1,5,0,6,0,0,0,0,0,0,6,0,10KS0169MA120101 ,KR ,526 ,MA ,0250 ,Art History ,  ,  ,10,1,9,0,8,0,0,0,0,1,1,5,5,10KS0250MA120101 ,KR ,526 ,MFA ,0252 ,Art and Design ,  ,  ,5,2,3,0,4,1,0,0,0,0,0,1,4,10KS0252MFA120101 ,KR ,526 ,MFA ,0252 ,Art and Design ,0254 ,Graphic Design ,3,1,2,0,1,1,0,0,0,1,0,1,2,10KS0254MFA120101 ,KR ,526 ,MFA ,0252 ,Art and Design ,0255 ,Industrial Design ,11,6,5,0,1,0,0,0,0,9,1,0,11,10KS0255MFA120101 ,KR ,526 ,MFA ,0252 ,Art and Design ,0256 ,Metals ,8,2,6,0,2,1,0,1,1,3,0,1,7,10KS0256MFA120101 ,KR ,526 ,MFA ,0252 ,Art and Design ,0257 ,Painting ,6,2,4,0,4,0,0,0,1,1,0,2,4,10KS0257MFA120101 ,KR ,526 ,MFA ,0252 ,Art and Design ,0258 ,Photography ,6,2,4,0,5,0,0,0,0,1,0,0,6,10KS0258MFA120101 ,KR ,526 ,MFA ,0252 ,Art and Design ,0260 ,Sculpture ,3,1,2,0,2,1,0,0,0,0,0,1,2,10KS0260MFA120101 ,KR ,526 ,NONE ,4090 ,Art Foundation ,  ,  ,138,46,92,0,83,22,10,10,0,9,4,125,13,10KR4090NONE120101 ,KR ,526 ,PHD ,0169 ,Art Education ,  ,  ,12,3,9,0,7,1,0,0,0,4,0,7,5,10KS0169PHD120101 ,KR ,526 ,PHD ,0250 ,Art History ,  ,  ,19,6,13,0,13,0,0,0,0,5,1,3,16,10KS0250PHD120101 ,KR ,569 ,BLA ,0156 ,Landscape Architecture ,  ,  ,48,34,14,0,37,2,2,3,0,1,3,44,4,10KR0156BLA120101 ,KR ,569 ,BLA ,0156 ,Landscape Architecture ,5095 ,Five-Year Program ,39,19,20,0,27,2,1,3,0,6,0,31,8,10KR5095BLA120101 ,KR ,569 ,MLA ,0156 ,Landscape Architecture ,  ,  ,31,11,20,0,13,0,0,2,0,15,1,14,17,10KS0156MLA120101 ,KR ,569 ,PHD ,0156 ,Landscape Architecture ,  ,  ,10,7,3,0,5,0,1,0,0,4,0,2,8,10KS0156PHD120101 ,KR ,733 ,BA ,0155 ,Urban Planning ,  ,  ,111,73,38,0,56,8,12,16,1,15,3,89,22,10KR0155BA120101 ,KR ,733 ,MUP ,0155 ,Urban Planning ,  ,  ,50,21,29,0,27,2,10,2,0,7,2,23,27,10KS0155MUP120101 ,KR ,733 ,PHD ,0274 ,Regional Planning ,  ,  ,27,15,12,0,9,3,0,0,0,15,0,6,21,10KS0274PHD120101 ,KR ,767 ,BS ,0146 ,Architectural Studies ,  ,  ,513,297,216,0,353,61,14,44,2,32,7,445,68,10KR0146BS120101 ,KR ,767 ,MARCH ,0249 ,Architecture ,0247 ,Architecture - 2 Yr ,141,85,56,0,87,17,3,11,1,17,5,98,43,10KS0247MARC120101 ,KR ,767 ,MARCH ,0249 ,Architecture ,0248 ,Architecture Track 3 ,27,15,12,0,18,3,1,2,0,1,2,17,10,10KS0248MARC120101 ,KR ,767 ,MS ,4091 ,Architectural Studies ,  ,  ,2,2,0,0,1,0,0,0,0,1,0,1,1,10KS4091MS120101 ,KR ,767 ,NDEG ,0249 ,Architecture ,  ,  ,1,0,1,0,0,0,0,0,0,1,0,0,1,10KS0249NDEG120101 ,KR ,767 ,PHD ,0249 ,Architecture ,  ,  ,14,7,7,0,3,0,0,0,0,11,0,2,12,10KS0249PHD120101 ,KR ,801 ,BFA ,0261 ,Dance ,  ,  ,65,5,60,0,46,3,11,4,0,0,1,55,10,10KR0261BFA120101 ,KR ,801 ,MFA ,0261 ,Dance ,  ,  ,15,4,11,0,12,0,0,2,0,1,0,4,11,10KS0261MFA120101 ,KR ,883 ,BFA ,0162 ,Theatre ,3978 ,Costume Design &Constrctn ,1,0,1,0,1,0,0,0,0,0,0,1,0,10KR3978BFA120101 ,KR ,883 ,BFA ,0162 ,Theatre ,3980 ,Stage Management ,7,3,4,0,6,0,1,0,0,0,0,6,1,10KR3980BFA120101 ,KR ,883 ,BFA ,0162 ,Theatre ,3985 ,Theatre Studies ,22,7,15,0,14,0,4,2,0,1,1,19,3,10KR3985BFA120101 ,KR ,883 ,BFA ,0162 ,Theatre ,4081 ,Acting ,27,12,15,0,22,1,2,0,0,0,2,25,2,10KR4081BFA120101 ,KR ,883 ,BFA ,0162 ,Theatre ,4082 ,Costume Design and Technology ,3,0,3,0,3,0,0,0,0,0,0,3,0,10KR4082BFA120101 ,KR ,883 ,BFA ,0162 ,Theatre ,4083 ,Scenic Technology ,2,2,0,0,2,0,0,0,0,0,0,2,0,10KR4083BFA120101 ,KR ,883 ,BFA ,0162 ,Theatre ,4084 ,Lighting Design ,6,5,1,0,4,0,0,0,0,0,2,6,0,10KR4084BFA120101 ,KR ,883 ,BFA ,0162 ,Theatre ,4085 ,Sound Design and Technology ,3,3,0,0,3,0,0,0,0,0,0,3,0,10KR4085BFA120101 ,KR ,883 ,BFA ,0162 ,Theatre ,4086 ,Scenic Design ,4,1,3,0,2,0,0,0,0,2,0,2,2,10KR4086BFA120101 ,KR ,883 ,MA ,0162 ,Theatre ,  ,  ,6,2,4,0,3,0,1,1,0,1,0,3,3,10KS0162MA120101 ,KR ,883 ,MFA ,0162 ,Theatre ,0271 ,Design and Technology ,34,12,22,0,25,1,3,0,1,4,0,4,30,10KS0271MFA120101 ,KR ,883 ,MFA ,0162 ,Theatre ,0272 ,Acting ,9,6,3,0,7,0,0,1,0,0,1,2,7,10KS0272MFA120101 ,KR ,883 ,NONE ,0162 ,Theatre ,4080 ,Theatre Foundations ,39,18,21,0,28,1,8,1,0,1,0,35,4,10KR4080NONE120101 ,KR ,883 ,PHD ,0162 ,Theatre ,  ,  ,11,6,5,0,8,1,0,0,0,2,0,4,7,10KS0162PHD120101 ,KR ,  ,  ,  ,Fine & Applied Arts ,  ,***College total*** ,2617,1243,1374,0,1704,222,106,154,10,348,73,1850,767,  ,,,,,,,,,,,,,,,,,,,,, ,,,,,,,,,,,,,,,,,,,,,120101 ,KS ,  ,  ,  ,Graduate College ,  ,  ,  ,  ,  ,  ,  ,  ,  ,  ,  ,  ,  ,  ,  , 120101 ,KS ,486 ,NDEG ,0067 ,Nondegree ,  ,  ,3,1,2,0,2,0,0,0,0,0,1,1,2,10KS0067NDEG120101 ,KS ,  ,  ,  ,Graduate College ,  ,***College total*** ,3,1,2,0,2,0,0,0,0,0,1,1,2,  ,,,,,,,,,,,,,,,,,,,,, ,,,,,,,,,,,,,,,,,,,,,120101 ,KT ,  ,  ,  ,Media ,  ,  ,  ,  ,  ,  ,  ,  ,  ,  ,  ,  ,  ,  ,  , 120101 ,KT ,238 ,BS ,0382 ,Media Studies ,  ,  ,100,30,70,0,64,9,5,9,0,8,5,87,13,10KT0382BS120101 ,KT ,238 ,PHD ,0279 ,Communications ,  ,  ,53,25,28,0,12,4,7,6,0,23,1,11,42,10KS0279PHD120101 ,KT ,408 ,BS ,0277 ,Advertising ,  ,  ,499,155,344,0,331,42,46,34,1,35,10,436,63,10KT0277BS120101 ,KT ,408 ,MS ,0277 ,Advertising ,  ,  ,11,3,8,0,5,2,1,0,0,3,0,5,6,10KS0277MS120101 ,KT ,436 ,BS ,5201 ,Media and Cinema Studies ,  ,  ,15,5,10,0,11,1,2,1,0,0,0,15,0,10KT5201BS120101 ,KT ,436 ,BS ,5201 ,Media and Cinema Studies ,3869 ,Cinema Studies ,1,1,0,0,1,0,0,0,0,0,0,1,0,10KT5201BS120101 ,KT ,642 ,BSJ ,0380 ,News-Editorial ,  ,  ,199,55,144,0,150,17,13,11,0,2,6,185,14,10KT0380BSJ120101 ,KT ,642 ,BSJ ,0381 ,Broadcast Journalism ,  ,  ,146,42,104,0,97,9,28,7,0,2,3,127,19,10KT0381BSJ120101 ,KT ,642 ,MS ,0278 ,Journalism ,  ,  ,21,8,13,0,12,1,3,1,0,3,1,16,5,10KS0278MS120101 ,KT ,934 ,NDEG ,0067 ,Nondegree ,  ,  ,9,3,6,0,3,0,0,0,0,5,1,3,6,10KT0067NDEG120101 ,KT ,934 ,NONE ,0390 ,General Curriculum ,  ,  ,32,8,24,0,19,2,3,4,1,2,1,29,3,10KT0390NONE120101 ,KT ,  ,  ,  ,Media ,  ,***College total*** ,1086,335,751,0,705,87,108,73,2,83,28,915,171,  ,,,,,,,,,,,,,,,,,,,,, ,,,,,,,,,,,,,,,,,,,,,120101 ,KU ,  ,  ,  ,Law ,  ,  ,  ,  ,  ,  ,  ,  ,  ,  ,  ,  ,  ,  ,  , 120101 ,KU ,853 ,JD ,0385 ,Law ,  ,  ,602,346,256,0,393,55,44,30,5,25,50,376,226,10KU0385JD120101 ,KU ,853 ,JSD ,0281 ,Law ,  ,  ,8,6,2,0,0,0,0,0,0,8,0,0,8,10KS0281JSD120101 ,KU ,853 ,LLM ,0281 ,Law ,  ,  ,82,29,53,0,0,0,0,0,0,82,0,0,82,10KS0281LLM120101 ,KU ,853 ,NDEG ,0281 ,Law ,  ,  ,1,0,1,0,0,0,0,0,0,1,0,0,1,10KS0281NDEG120101 ,KU ,  ,  ,  ,Law ,  ,***College total*** ,693,381,312,0,393,55,44,30,5,116,50,376,317,  ,,,,,,,,,,,,,,,,,,,,, ,,,,,,,,,,,,,,,,,,,,,120101 ,KV ,  ,  ,  ,Liberal Arts & Sci ,  ,  ,  ,  ,  ,  ,  ,  ,  ,  ,  ,  ,  ,  ,  , 120101 ,KV ,241 ,BALAS ,0340 ,Anthropology ,  ,  ,127,41,86,0,80,12,8,20,1,1,5,121,6,10KV0340BALA120101 ,KV ,241 ,BALAS ,0340 ,Anthropology ,  ,  ,9,4,5,0,7,0,1,1,0,0,0,9,0,10KV8037BALA120101 ,KV ,241 ,BALAS ,0340 ,Anthropology ,5043 ,Socioculturl & Linguistic Anth ,10,2,8,0,8,0,0,2,0,0,0,10,0,10KV5043BALA120101 ,KV ,241 ,BALAS ,0340 ,Anthropology ,5043 ,Socioculturl & Linguistic Anth ,2,1,1,0,2,0,0,0,0,0,0,2,0,10KV8037BALA120101 ,KV ,241 ,MA ,0340 ,Anthropology ,  ,  ,3,0,3,0,3,0,0,0,0,0,0,2,1,10KS0340MA120101 ,KV ,241 ,PHD ,0340 ,Anthropology ,  ,  ,62,23,39,0,32,4,2,7,0,15,2,13,49,10KS0340PHD120101 ,KV ,253 ,BSLAS ,0334 ,Atmospheric Sciences ,  ,  ,65,41,24,0,54,2,1,6,0,1,1,62,3,10KV0334BSLA120101 ,KV ,253 ,MS ,0334 ,Atmospheric Sciences ,  ,  ,22,12,10,0,17,1,0,1,0,3,0,7,15,10KS0334MS120101 ,KV ,253 ,NDEG ,0334 ,Atmospheric Sciences ,  ,  ,1,1,0,0,1,0,0,0,0,0,0,1,0,10KS0334NDEG120101 ,KV ,253 ,PHD ,0334 ,Atmospheric Sciences ,  ,  ,27,13,14,0,12,1,0,1,0,12,1,1,26,10KS0334PHD120101 ,KV ,257 ,BALAS ,0461 ,Actuarial Science ,  ,  ,2,1,1,0,0,0,0,0,0,2,0,0,2,10KV8037BALA120101 ,KV ,257 ,BSLAS ,0439 ,Mathematics ,  ,  ,41,25,16,0,27,7,0,2,0,4,1,36,5,10KV0439BSLA120101 ,KV ,257 ,BSLAS ,0439 ,Mathematics ,  ,  ,6,3,3,0,5,0,0,0,0,1,0,5,1,10KV8037BSLA120101 ,KV ,257 ,BSLAS ,0439 ,Mathematics ,3894 ,Operations Research ,1,0,1,0,1,0,0,0,0,0,0,1,0,10KV3894BSLA120101 ,KV ,257 ,BSLAS ,0439 ,Mathematics ,3894 ,Operations Research ,1,1,0,0,0,1,0,0,0,0,0,1,0,10KV8037BSLA120101 ,KV ,257 ,BSLAS ,0439 ,Mathematics ,3895 ,Applied Mathematics ,8,6,2,0,5,0,0,0,0,3,0,5,3,10KV3895BSLA120101 ,KV ,257 ,BSLAS ,0439 ,Mathematics ,3895 ,Applied Mathematics ,1,0,1,0,0,1,0,0,0,0,0,1,0,10KV8037BSLA120101 ,KV ,257 ,BSLAS ,0439 ,Mathematics ,3896 ,Graduate Preparation ,7,6,1,0,6,1,0,0,0,0,0,7,0,10KV3896BSLA120101 ,KV ,257 ,BSLAS ,0439 ,Mathematics ,3896 ,Graduate Preparation ,1,1,0,0,1,0,0,0,0,0,0,1,0,10KV8037BSLA120101 ,KV ,257 ,BSLAS ,0439 ,Mathematics ,3897 ,Mathematics Teaching Option ,58,22,36,0,53,4,0,1,0,0,0,56,2,10KV3897BSLA120101 ,KV ,257 ,BSLAS ,0439 ,Mathematics ,3897 ,Mathematics Teaching Option ,1,0,1,0,1,0,0,0,0,0,0,1,0,10KV8037BSLA120101 ,KV ,257 ,BSLAS ,0461 ,Actuarial Science ,  ,  ,278,165,113,0,123,50,7,4,0,90,4,181,97,10KV0461BSLA120101 ,KV ,257 ,BSLAS ,0461 ,Actuarial Science ,  ,  ,5,4,1,0,1,0,0,0,0,4,0,1,4,10KV8037BSLA120101 ,KV ,257 ,BSLAS ,1438 ,Math & Computer Science ,  ,  ,67,58,9,0,36,16,1,4,0,10,0,53,14,10KV1438BSLA120101 ,KV ,257 ,MS ,0290 ,Teaching of Mathematics ,  ,  ,1,1,0,0,1,0,0,0,0,0,0,1,0,10KS0290MS120101 ,KV ,257 ,MS ,0327 ,Applied Mathematics ,  ,  ,8,4,4,0,0,1,0,0,0,7,0,1,7,10KS0327MS120101 ,KV ,257 ,MS ,0327 ,Applied Mathematics ,0328 ,Actuarial Science ,11,3,8,0,1,0,0,0,0,10,0,0,11,10KS0328MS120101 ,KV ,257 ,MS ,0439 ,Mathematics ,  ,  ,7,6,1,0,5,0,0,0,0,2,0,5,2,10KS0439MS120101 ,KV ,257 ,NDEG ,0439 ,Mathematics ,  ,  ,2,2,0,0,1,0,0,0,0,1,0,1,1,10KS0439NDEG120101 ,KV ,257 ,NONE ,0439 ,Mathematics ,  ,  ,247,133,114,0,136,36,5,13,0,52,5,187,60,10KV0439NONE120101 ,KV ,257 ,PHD ,0439 ,Mathematics ,  ,  ,156,124,32,0,55,9,1,2,0,84,5,18,138,10KS0439PHD120101 ,KV ,265 ,BSLAS ,5086 ,"Earth Systems, Env, & Society ",  ,  ,26,18,8,0,18,1,2,1,0,2,2,23,3,10KV5086BSLA120101 ,KV ,265 ,BSLAS ,5086 ,"Earth Systems, Env, & Society ",  ,  ,1,0,1,0,0,1,0,0,0,0,0,1,0,10KV8037BSLA120101 ,KV ,265 ,BSLAS ,5086 ,"Earth Systems, Env, & Society ",5103 ,Society and the Environment ,69,36,33,0,48,8,3,5,1,1,3,64,5,10KV5086BSLA120101 ,KV ,265 ,BSLAS ,5086 ,"Earth Systems, Env, & Society ",5104 ,Science of the Earth System ,41,21,20,0,30,5,1,4,0,1,0,37,4,10KV5086BSLA120101 ,KV ,299 ,BALAS ,0338 ,Psychology ,  ,  ,1,0,1,0,0,1,0,0,0,0,0,0,1,10KV0338BALA120101 ,KV ,299 ,BSLAS ,0338 ,Psychology ,  ,  ,1210,346,862,2,742,176,79,113,2,58,40,1104,106,10KV0338BSLA120101 ,KV ,299 ,BSLAS ,0338 ,Psychology ,  ,  ,39,5,34,0,29,4,1,5,0,0,0,38,1,10KV8037BSLA120101 ,KV ,299 ,MS ,0338 ,Psychology ,  ,  ,2,2,0,0,1,0,0,0,0,0,1,1,1,10KS0338MS120101 ,KV ,299 ,PHD ,0338 ,Psychology ,  ,  ,163,60,103,0,85,14,6,7,2,44,5,27,136,10KS0338PHD120101 ,KV ,303 ,BALAS ,1008 ,African American Studies ,  ,  ,5,1,4,0,1,0,4,0,0,0,0,5,0,10KV1008BALA120101 ,KV ,324 ,BALAS ,0344 ,Sociology ,  ,  ,385,149,236,0,149,45,105,60,3,12,11,352,33,10KV0344BALA120101 ,KV ,324 ,BALAS ,0344 ,Sociology ,  ,  ,14,3,11,0,6,2,2,3,0,1,0,13,1,10KV8037BALA120101 ,KV ,324 ,MA ,0344 ,Sociology ,  ,  ,1,0,1,0,1,0,0,0,0,0,0,1,0,10KS0344MA120101 ,KV ,324 ,PHD ,0344 ,Sociology ,  ,  ,46,19,27,0,17,6,4,3,0,16,0,12,34,10KS0344PHD120101 ,KV ,361 ,MS ,0324 ,Entomology ,  ,  ,12,6,6,0,8,1,0,0,0,2,1,2,10,10KS0324MS120101 ,KV ,361 ,PHD ,0324 ,Entomology ,  ,  ,22,9,13,0,10,1,0,1,0,10,0,4,18,10KS0324PHD120101 ,KV ,362 ,BALAS ,0285 ,E Asian Languages & Cultures ,  ,  ,68,29,39,0,27,31,2,4,0,2,2,61,7,10KV0285BALA120101 ,KV ,362 ,MA ,0284 ,Asian Studies ,  ,  ,10,2,8,0,3,0,0,1,0,6,0,2,8,10KS0284MA120101 ,KV ,362 ,PHD ,0285 ,E Asian Languages & Cultures ,  ,  ,29,5,24,0,4,4,0,0,1,20,0,3,26,10KS0285PHD120101 ,KV ,377 ,MS ,0320 ,Plant Biology ,  ,  ,9,4,5,0,7,1,0,0,1,0,0,6,3,10KS0320MS120101 ,KV ,377 ,PHD ,0320 ,Plant Biology ,  ,  ,28,11,17,0,23,1,1,0,0,3,0,16,12,10KS0320PHD120101 ,KV ,383 ,BSLAS ,0438 ,Integrative Biology ,  ,  ,299,137,162,0,213,37,10,20,1,8,10,287,12,10KV0438BSLA120101 ,KV ,383 ,BSLAS ,0438 ,Integrative Biology ,  ,  ,5,2,3,0,1,2,1,1,0,0,0,5,0,10KV8037BSLA120101 ,KV ,383 ,BSLAS ,0438 ,Integrative Biology ,5028 ,Honors Integrative Biology ,33,11,22,0,31,1,0,1,0,0,0,31,2,10KV5028BSLA120101 ,KV ,383 ,BSLAS ,0438 ,Integrative Biology ,5028 ,Honors Integrative Biology ,2,1,1,0,1,1,0,0,0,0,0,2,0,10KV8037BSLA120101 ,KV ,383 ,MS ,0314 ,Biology ,  ,  ,32,19,13,0,20,3,3,2,0,3,1,22,10,10KS0314MS120101 ,KV ,383 ,MS ,0314 ,Biology ,0316 ,Ecology & Evolutionary Biology ,1,1,0,0,1,0,0,0,0,0,0,0,1,10KS0316MS120101 ,KV ,383 ,MS ,5107 ,"Ecol, Evol, Conservation Biol ",  ,  ,3,2,1,0,3,0,0,0,0,0,0,2,1,10KS5107MS120101 ,KV ,383 ,PHD ,0314 ,Biology ,0315 ,"Ecology, Ethology, Evolution ",14,6,8,0,9,1,0,0,0,3,1,0,14,10KS0315PHD120101 ,KV ,383 ,PHD ,0314 ,Biology ,0316 ,Ecology & Evolutionary Biology ,11,3,8,0,9,0,1,0,0,1,0,6,5,10KS0316PHD120101 ,KV ,383 ,PHD ,0314 ,Biology ,0317 ,Physiol & Molec Plant Biology ,8,4,4,0,3,0,0,0,0,5,0,3,5,10KS0317PHD120101 ,KV ,383 ,PHD ,5107 ,"Ecol, Evol, Conservation Biol ",  ,  ,19,7,12,0,14,2,0,1,0,1,1,5,14,10KS5107PHD120101 ,KV ,397 ,BSLAS ,0314 ,Biology ,  ,  ,1,1,0,0,0,1,0,0,0,0,0,1,0,10KV0314BSLA120101 ,KV ,397 ,BSLAS ,0314 ,Biology ,3993 ,Biology Teacher Educ Option ,9,5,4,0,9,0,0,0,0,0,0,9,0,10KV3993BSLA120101 ,KV ,397 ,MS ,0293 ,Teaching of Biological Science ,  ,  ,3,2,1,0,3,0,0,0,0,0,0,3,0,10KS0293MS120101 ,KV ,397 ,NONE ,0314 ,Biology ,  ,  ,584,273,310,1,293,147,46,49,2,28,19,537,47,10KV0314NONE120101 ,KV ,405 ,BALAS ,0074 ,Economics ,  ,  ,586,446,140,0,271,105,9,19,1,165,16,386,200,10KV0074BALA120101 ,KV ,405 ,BALAS ,0074 ,Economics ,  ,  ,52,39,12,1,32,10,0,1,1,7,1,41,11,10KV8037BALA120101 ,KV ,405 ,MS ,0074 ,Economics ,3925 ,Policy Economics ,88,48,40,0,3,3,0,0,0,81,1,3,85,10KS3925MS120101 ,KV ,405 ,PHD ,0074 ,Economics ,  ,  ,98,62,36,0,14,4,0,3,0,75,2,7,91,10KS0074PHD120101 ,KV ,413 ,BS ,0335 ,Chemistry ,  ,  ,141,88,52,1,87,24,7,7,0,13,3,120,21,10KV0335BS120101 ,KV ,413 ,BSLAS ,0335 ,Chemistry ,  ,  ,269,143,126,0,125,88,16,9,0,27,4,232,37,10KV0335BSLA120101 ,KV ,413 ,BSLAS ,0335 ,Chemistry ,  ,  ,14,8,6,0,9,3,0,1,0,0,1,13,1,10KV8037BSLA120101 ,KV ,413 ,BSLAS ,0335 ,Chemistry ,3918 ,Chemistry Teaching Option ,14,10,4,0,13,0,0,0,0,0,1,14,0,10KV3918BSLA120101 ,KV ,413 ,BSLAS ,0335 ,Chemistry ,3918 ,Chemistry Teaching Option ,1,0,1,0,0,0,0,1,0,0,0,1,0,10KV8037BSLA120101 ,KV ,413 ,MS ,0294 ,Teaching of Chemistry ,  ,  ,3,2,1,0,2,0,0,0,0,1,0,2,1,10KS0294MS120101 ,KV ,413 ,MS ,0335 ,Chemistry ,  ,  ,2,1,1,0,1,0,1,0,0,0,0,0,2,10KS0335MS120101 ,KV ,413 ,PHD ,0335 ,Chemistry ,  ,  ,269,188,81,0,177,17,5,4,3,60,3,23,246,10KS0335PHD120101 ,KV ,413 ,PHD ,0337 ,Chemical Physics ,  ,  ,11,9,2,0,7,1,0,1,0,2,0,0,11,10KS0337PHD120101 ,KV ,415 ,BALAS ,0433 ,Molecular and Cellular Biology ,  ,  ,1,1,0,0,0,1,0,0,0,0,0,1,0,10KV8037BALA120101 ,KV ,415 ,BSLAS ,0433 ,Molecular and Cellular Biology ,  ,  ,901,464,436,1,520,254,37,42,0,20,28,856,45,10KV0433BSLA120101 ,KV ,415 ,BSLAS ,0433 ,Molecular and Cellular Biology ,  ,  ,78,38,40,0,43,27,2,2,0,2,2,74,4,10KV8037BSLA120101 ,KV ,415 ,BSLAS ,0433 ,Molecular and Cellular Biology ,5121 ,Honors ,80,35,45,0,37,33,1,2,0,5,2,73,7,10KV0433BSLA120101 ,KV ,415 ,BSLAS ,0433 ,Molecular and Cellular Biology ,5121 ,Honors ,7,5,2,0,4,3,0,0,0,0,0,7,0,10KV8037BSLA120101 ,KV ,415 ,NONE ,3854 ,Molecular&Cell Bio-undeclared ,  ,  ,47,20,27,0,22,4,1,5,0,12,3,17,30,10KS3854NONE120101 ,KV ,415 ,PHD ,0319 ,Biophysics & Computnl Biology ,  ,  ,67,53,14,0,16,5,0,2,0,44,0,7,60,10KS0319PHD120101 ,KV ,415 ,PHD ,0323 ,Neuroscience ,  ,  ,49,17,32,0,24,14,1,3,0,7,0,17,32,10KS0323PHD120101 ,KV ,430 ,BSLAS ,0333 ,Astronomy ,  ,  ,34,25,9,0,21,4,0,5,1,2,1,31,3,10KV0333BSLA120101 ,KV ,430 ,MS ,0333 ,Astronomy ,  ,  ,4,3,1,0,4,0,0,0,0,0,0,4,0,10KS0333MS120101 ,KV ,430 ,PHD ,0333 ,Astronomy ,  ,  ,31,20,11,0,10,2,0,0,0,19,0,2,29,10KS0333PHD120101 ,KV ,438 ,BS ,0318 ,Biochemistry ,  ,  ,120,67,53,0,50,40,3,6,0,15,6,100,20,10KV0318BS120101 ,KV ,438 ,BSLAS ,0318 ,Biochemistry ,  ,  ,1,1,0,0,0,0,0,0,0,1,0,0,1,10KV0318BSLA120101 ,KV ,438 ,PHD ,0318 ,Biochemistry ,  ,  ,51,27,24,0,20,7,0,3,0,21,0,13,38,10KS0318PHD120101 ,KV ,451 ,BALAS ,0342 ,History ,  ,  ,401,278,122,1,307,23,17,31,0,2,21,384,17,10KV0342BALA120101 ,KV ,451 ,BALAS ,0342 ,History ,  ,  ,22,10,12,0,17,2,1,0,0,0,2,20,2,10KV8037BALA120101 ,KV ,451 ,BALAS ,0342 ,History ,3917 ,Teaching of Social Studies ,82,43,39,0,69,3,5,2,0,0,3,82,0,10KV3917BALA120101 ,KV ,451 ,BALAS ,0342 ,History ,3917 ,Teaching of Social Studies ,1,1,0,0,1,0,0,0,0,0,0,1,0,10KV8037BALA120101 ,KV ,451 ,PHD ,0342 ,History ,  ,  ,112,58,54,0,72,5,12,2,0,20,1,17,95,10KS0342PHD120101 ,KV ,461 ,MA ,0283 ,African Studies ,  ,  ,8,3,5,0,2,0,2,1,0,1,2,3,5,10KS0283MA120101 ,KV ,489 ,BALAS ,0313 ,Speech Communication ,  ,  ,260,105,155,0,151,14,54,24,2,2,13,245,15,10KV0313BALA120101 ,KV ,489 ,BALAS ,0313 ,Speech Communication ,  ,  ,12,1,11,0,9,2,0,1,0,0,0,12,0,10KV8037BALA120101 ,KV ,489 ,BALAS ,5164 ,Communication ,  ,  ,587,227,360,0,349,41,119,46,1,20,11,542,45,10KV5164BALA120101 ,KV ,489 ,BALAS ,5164 ,Communication ,  ,  ,7,0,7,0,3,3,1,0,0,0,0,6,1,10KV8037BALA120101 ,KV ,489 ,MA ,0313 ,Speech Communication ,  ,  ,5,2,3,0,3,1,1,0,0,0,0,2,3,10KS0313MA120101 ,KV ,489 ,MA ,5164 ,Communication ,  ,  ,15,4,11,0,11,1,0,0,0,1,2,8,7,10KS5164MA120101 ,KV ,489 ,PHD ,0313 ,Speech Communication ,  ,  ,11,7,4,0,10,0,0,1,0,0,0,3,8,10KS0313PHD120101 ,KV ,489 ,PHD ,5164 ,Communication ,  ,  ,24,8,16,0,18,2,2,1,0,0,1,8,16,10KS5164PHD120101 ,KV ,490 ,BALAS ,0443 ,Religious Studies ,  ,  ,11,4,7,0,8,2,0,1,0,0,0,11,0,10KV0443BALA120101 ,KV ,490 ,BALAS ,0443 ,Religious Studies ,3901 ,Judaica ,1,0,1,0,1,0,0,0,0,0,0,1,0,10KV3901BALA120101 ,KV ,490 ,BALAS ,0443 ,Religious Studies ,3902 ,Philosophy of Religion ,1,1,0,0,1,0,0,0,0,0,0,1,0,10KV3902BALA120101 ,KV ,490 ,BALAS ,0443 ,Religious Studies ,3903 ,Religion and Culture ,1,1,0,0,1,0,0,0,0,0,0,1,0,10KV8037BALA120101 ,KV ,490 ,BALAS ,5197 ,Religion ,  ,  ,6,4,2,0,3,2,0,1,0,0,0,6,0,10KV5197BALA120101 ,KV ,490 ,BALAS ,5197 ,Religion ,3899 ,Christianity ,1,0,1,0,0,1,0,0,0,0,0,1,0,10KV5197BALA120101 ,KV ,490 ,BALAS ,5197 ,Religion ,3900 ,Islam ,1,0,1,0,0,0,1,0,0,0,0,1,0,10KV5197BALA120101 ,KV ,490 ,BALAS ,5197 ,Religion ,3902 ,Philosophy of Religion ,1,1,0,0,1,0,0,0,0,0,0,1,0,10KV5197BALA120101 ,KV ,490 ,BALAS ,5197 ,Religion ,5199 ,Religion in America ,1,0,1,0,1,0,0,0,0,0,0,1,0,10KV5197BALA120101 ,KV ,499 ,BALAS ,0311 ,English ,  ,  ,582,199,382,1,442,40,41,45,2,1,11,570,12,10KV0311BALA120101 ,KV ,499 ,BALAS ,0311 ,English ,  ,  ,58,21,37,0,35,6,5,8,0,1,3,56,2,10KV8037BALA120101 ,KV ,499 ,BALAS ,0311 ,English ,3916 ,English Teaching Option ,85,19,66,0,69,6,3,5,0,0,2,85,0,10KV3916BALA120101 ,KV ,499 ,BALAS ,0311 ,English ,3916 ,English Teaching Option ,1,1,0,0,1,0,0,0,0,0,0,1,0,10KV8037BALA120101 ,KV ,499 ,BALAS ,0420 ,Rhetoric ,  ,  ,5,1,4,0,0,1,2,0,0,0,2,5,0,10KV0420BALA120101 ,KV ,499 ,BALAS ,0420 ,Rhetoric ,  ,  ,1,1,0,0,1,0,0,0,0,0,0,1,0,10KV8037BALA120101 ,KV ,499 ,BALAS ,0420 ,Rhetoric ,3892 ,Creative Writing ,108,61,47,0,64,7,23,10,0,2,2,106,2,10KV3892BALA120101 ,KV ,499 ,BALAS ,0420 ,Rhetoric ,3892 ,Creative Writing ,8,1,7,0,4,2,2,0,0,0,0,8,0,10KV8037BALA120101 ,KV ,499 ,MA ,0311 ,English ,  ,  ,18,6,12,0,13,2,1,1,0,1,0,6,12,10KS0311MA120101 ,KV ,499 ,MFA ,1136 ,Creative Writing ,  ,  ,19,10,9,0,15,1,0,2,0,0,1,5,14,10KS1136MFA120101 ,KV ,499 ,PHD ,0311 ,English ,  ,  ,119,39,80,0,94,5,2,8,0,9,1,20,99,10KS0311PHD120101 ,KV ,514 ,BALAS ,0308 ,Classics ,  ,  ,9,5,4,0,7,1,0,1,0,0,0,9,0,10KV0308BALA120101 ,KV ,514 ,BALAS ,0308 ,Classics ,  ,  ,2,1,1,0,1,1,0,0,0,0,0,2,0,10KV8037BALA120101 ,KV ,514 ,BALAS ,0308 ,Classics ,0309 ,Greek ,1,1,0,0,1,0,0,0,0,0,0,1,0,10KV0309BALA120101 ,KV ,514 ,BALAS ,0308 ,Classics ,0310 ,Latin ,7,5,2,0,6,1,0,0,0,0,0,6,1,10KV0310BALA120101 ,KV ,514 ,BALAS ,0308 ,Classics ,3877 ,Classical Archaeology ,1,1,0,0,1,0,0,0,0,0,0,1,0,10KV3877BALA120101 ,KV ,514 ,BALAS ,0308 ,Classics ,3878 ,Classical Civilization ,14,7,7,0,12,1,0,0,0,0,1,12,2,10KV3878BALA120101 ,KV ,514 ,BALAS ,0308 ,Classics ,3878 ,Classical Civilization ,3,2,1,0,3,0,0,0,0,0,0,3,0,10KV8037BALA120101 ,KV ,514 ,MA ,0308 ,Classics ,  ,  ,4,2,2,0,3,0,0,1,0,0,0,0,4,10KS0308MA120101 ,KV ,514 ,MA ,0345 ,Teaching of Latin ,  ,  ,2,0,2,0,1,1,0,0,0,0,0,1,1,10KS0345MA120101 ,KV ,514 ,PHD ,0347 ,Classical Philology ,  ,  ,9,4,5,0,6,1,0,1,0,1,0,2,7,10KS0347PHD120101 ,KV ,553 ,BALAS ,0287 ,Russian & E European Studies ,  ,  ,5,4,1,0,3,0,0,0,1,0,1,4,1,10KV0287BALA120101 ,KV ,553 ,BALAS ,4097 ,"Russian, E Eur, Eurasian St ",  ,  ,6,5,1,0,5,0,0,0,0,0,1,5,1,10KV4097BALA120101 ,KV ,553 ,MA ,4097 ,"Russian, E Eur, Eurasian St ",  ,  ,13,9,4,0,12,0,0,0,0,0,1,4,9,10KS4097MA120101 ,KV ,580 ,BALAS ,0075 ,Finance ,  ,  ,2,2,0,0,0,0,0,0,0,2,0,0,2,10KV0075BALA120101 ,KV ,580 ,BALAS ,0150 ,History of Art ,  ,  ,37,4,33,0,23,5,2,3,0,4,0,32,5,10KV0150BALA120101 ,KV ,580 ,BALAS ,0150 ,History of Art ,  ,  ,1,0,1,0,1,0,0,0,0,0,0,1,0,10KV8037BALA120101 ,KV ,580 ,BALAS ,0401 ,International Studies ,  ,  ,220,62,157,1,111,38,10,26,0,25,10,189,31,10KV0401BALA120101 ,KV ,580 ,BALAS ,0401 ,International Studies ,  ,  ,31,4,27,0,27,2,0,1,0,0,1,31,0,10KV8037BALA120101 ,KV ,580 ,BALAS ,0463 ,Individual Plans of Study ,  ,  ,5,3,2,0,4,1,0,0,0,0,0,5,0,10KV0463BALA120101 ,KV ,580 ,BALAS ,3865 ,Interdisciplinary ,  ,  ,2,0,2,0,1,0,0,0,0,0,1,2,0,10KV3865BALA120101 ,KV ,580 ,BALAS ,3865 ,Interdisciplinary ,3866 ,Medieval Civilization ,2,2,0,0,1,0,0,0,0,1,0,1,1,10KV3866BALA120101 ,KV ,580 ,BALAS ,3865 ,Interdisciplinary ,3869 ,Cinema Studies ,15,10,5,0,8,3,2,2,0,0,0,14,1,10KV3869BALA120101 ,KV ,580 ,BALAS ,3865 ,Interdisciplinary ,3869 ,Cinema Studies ,3,1,2,0,3,0,0,0,0,0,0,3,0,10KV8037BALA120101 ,KV ,580 ,BALAS ,3865 ,Interdisciplinary ,4029 ,Gender and Women's Studies ,5,0,5,0,3,0,2,0,0,0,0,5,0,10KV4029BALA120101 ,KV ,580 ,BALAS ,5206 ,Global Studies ,  ,  ,124,32,92,0,70,24,5,7,0,9,9,112,12,10KV5206BALA120101 ,KV ,580 ,BALAS ,5206 ,Global Studies ,  ,  ,1,1,0,0,1,0,0,0,0,0,0,0,1,10KV8037BALA120101 ,KV ,580 ,BS ,0240 ,Physics ,  ,  ,74,66,8,0,40,7,1,2,0,18,6,51,23,10KV0240BS120101 ,KV ,580 ,BSLAS ,0150 ,History of Art ,  ,  ,1,0,1,0,1,0,0,0,0,0,0,1,0,10KV0150BSLA120101 ,KV ,580 ,BSLAS ,0240 ,Physics ,  ,  ,67,55,12,0,37,5,1,5,0,14,5,43,24,10KV0240BSLA120101 ,KV ,580 ,BSLAS ,0240 ,Physics ,  ,  ,8,8,0,0,6,0,0,0,0,2,0,5,3,10KV8037BSLA120101 ,KV ,580 ,BSLAS ,0240 ,Physics ,3919 ,Physics Teaching Option ,7,6,1,0,7,0,0,0,0,0,0,7,0,10KV3919BSLA120101 ,KV ,580 ,BSLAS ,0463 ,Individual Plans of Study ,  ,  ,4,3,1,0,3,0,0,1,0,0,0,4,0,10KV0463BSLA120101 ,KV ,580 ,NDEG ,0067 ,Nondegree ,  ,  ,133,63,70,0,35,6,1,3,0,87,1,42,91,10KV0067NDEG120101 ,KV ,580 ,NONE ,0390 ,General Curriculum ,  ,  ,169,68,101,0,4,7,120,29,0,1,8,157,12,10KV0390NONE120101 ,KV ,583 ,BSLAS ,0329 ,Statistics ,  ,  ,90,58,32,0,34,22,9,0,1,20,4,67,23,10KV0329BSLA120101 ,KV ,583 ,BSLAS ,0329 ,Statistics ,  ,  ,3,1,2,0,1,2,0,0,0,0,0,3,0,10KV8037BSLA120101 ,KV ,583 ,BSLAS ,0464 ,Statistics & Computer Science ,  ,  ,13,10,3,0,7,1,1,1,0,3,0,10,3,10KV0464BSLA120101 ,KV ,583 ,BSLAS ,0464 ,Statistics & Computer Science ,  ,  ,2,0,2,0,0,0,0,0,0,2,0,0,2,10KV8037BSLA120101 ,KV ,583 ,MS ,0329 ,Statistics ,  ,  ,22,7,15,0,3,1,0,0,0,16,2,5,17,10KS0329MS120101 ,KV ,583 ,MS ,0329 ,Statistics ,0331 ,Applied ,1,1,0,0,0,0,0,0,0,1,0,0,1,10KS0331MS120101 ,KV ,583 ,MS ,0329 ,Statistics ,5165 ,Analytics ,4,3,1,0,2,0,0,0,0,2,0,3,1,10KS5165MS120101 ,KV ,583 ,PHD ,0329 ,Statistics ,  ,  ,27,14,13,0,4,1,1,0,0,21,0,3,24,10KS0329PHD120101 ,KV ,584 ,PHD ,0321 ,Cell and Structural Biology ,  ,  ,3,3,0,0,1,0,0,0,0,2,0,0,3,10KS0321PHD120101 ,KV ,584 ,PHD ,4094 ,Cell and Developmental Biology ,  ,  ,53,28,25,0,17,3,0,2,0,30,1,12,41,10KS4094PHD120101 ,KV ,585 ,BA ,0297 ,Teaching of Spanish ,  ,  ,27,5,22,0,21,1,0,4,0,0,1,27,0,10KV0297BA120101 ,KV ,585 ,BALAS ,0305 ,Italian ,  ,  ,8,2,6,0,4,1,0,3,0,0,0,8,0,10KV0305BALA120101 ,KV ,585 ,BALAS ,0307 ,Spanish ,  ,  ,185,48,137,0,118,17,4,39,0,1,6,184,1,10KV0307BALA120101 ,KV ,585 ,BALAS ,0307 ,Spanish ,  ,  ,29,5,24,0,19,3,1,4,0,0,2,29,0,10KV8037BALA120101 ,KV ,585 ,MA ,0305 ,Italian ,  ,  ,3,2,1,0,2,0,0,0,0,1,0,1,2,10KS0305MA120101 ,KV ,585 ,MA ,0307 ,Spanish ,  ,  ,11,4,7,0,3,0,0,2,0,6,0,4,7,10KS0307MA120101 ,KV ,585 ,MA ,0307 ,Spanish ,5122 ,Spanish Linguistics ,8,2,6,0,2,0,0,2,0,4,0,1,7,10KS0307MA120101 ,KV ,585 ,NDEG ,0307 ,Spanish ,  ,  ,2,1,1,0,0,0,0,0,0,2,0,0,2,10KS0307NDEG120101 ,KV ,585 ,PHD ,0305 ,Italian ,  ,  ,2,0,2,0,0,0,0,0,0,2,0,0,2,10KS0305PHD120101 ,KV ,585 ,PHD ,0306 ,Portuguese ,  ,  ,1,0,1,0,0,0,0,0,0,1,0,0,1,10KS0306PHD120101 ,KV ,585 ,PHD ,0307 ,Spanish ,  ,  ,28,3,25,0,6,1,0,9,0,12,0,4,24,10KS0307PHD120101 ,KV ,604 ,BSLAS ,0408 ,Bioengineering ,  ,  ,1,1,0,0,0,0,0,0,0,1,0,0,1,10KV0408BSLA120101 ,KV ,604 ,PHD ,0325 ,Molecular & Integrative Physi ,  ,  ,30,13,17,0,11,2,1,3,0,13,0,7,23,10KS0325PHD120101 ,KV ,655 ,BS ,0336 ,Geology ,  ,  ,14,9,5,0,11,2,1,0,0,0,0,14,0,10KV0336BS120101 ,KV ,655 ,BS ,0336 ,Geology ,3880 ,Geophysics ,3,3,0,0,3,0,0,0,0,0,0,3,0,10KV3880BS120101 ,KV ,655 ,BS ,0336 ,Geology ,3881 ,Environmental Geology ,5,4,1,0,3,1,1,0,0,0,0,5,0,10KV3881BS120101 ,KV ,655 ,BSLAS ,0336 ,Geology ,  ,  ,15,13,2,0,12,1,0,0,1,0,1,15,0,10KV0336BSLA120101 ,KV ,655 ,BSLAS ,0336 ,Geology ,  ,  ,1,0,1,0,1,0,0,0,0,0,0,1,0,10KV8037BSLA120101 ,KV ,655 ,BSLAS ,0336 ,Geology ,3879 ,Teaching of Earth Science ,2,1,1,0,2,0,0,0,0,0,0,2,0,10KV3879BSLA120101 ,KV ,655 ,BSLAS ,0336 ,Geology ,3882 ,Earth & Environmental Sciences ,8,2,6,0,6,1,0,1,0,0,0,8,0,10KV3882BSLA120101 ,KV ,655 ,MS ,0336 ,Geology ,  ,  ,14,5,9,0,12,1,0,0,0,1,0,10,4,10KS0336MS120101 ,KV ,655 ,MS ,0346 ,Teaching of Earth Science ,  ,  ,1,0,1,0,0,1,0,0,0,0,0,1,0,10KS0346MS120101 ,KV ,655 ,PHD ,0336 ,Geology ,  ,  ,15,10,5,0,6,0,0,0,0,9,0,2,13,10KS0336PHD120101 ,KV ,680 ,BALAS ,1279 ,Gender and Women's Studies ,  ,  ,14,1,13,0,5,0,9,0,0,0,0,14,0,10KV1279BALA120101 ,KV ,687 ,BS ,0300 ,Chemical Engineering ,  ,  ,415,284,130,1,227,92,13,17,0,58,8,318,97,10KV0300BS120101 ,KV ,687 ,BS ,0300 ,Chemical Engineering ,5029 ,Biomolecular Engineering ,15,12,3,0,8,3,0,2,0,2,0,12,3,10KV5029BS120101 ,KV ,687 ,MS ,0300 ,Chemical Engineering ,  ,  ,6,3,3,0,0,0,0,0,0,6,0,0,6,10KS0300MS120101 ,KV ,687 ,NDEG ,0300 ,Chemical Engineering ,  ,  ,1,0,1,0,0,0,0,1,0,0,0,0,1,10KS0300NDEG120101 ,KV ,687 ,PHD ,0300 ,Chemical Engineering ,  ,  ,105,66,39,0,34,9,2,4,0,52,4,4,101,10KS0300PHD120101 ,KV ,710 ,BALAS ,0343 ,Political Science ,  ,  ,792,497,295,0,520,78,67,68,3,33,23,737,55,10KV0343BALA120101 ,KV ,710 ,BALAS ,0343 ,Political Science ,  ,  ,104,53,51,0,69,11,9,7,1,5,2,95,9,10KV8037BALA120101 ,KV ,710 ,MA ,0343 ,Political Science ,  ,  ,1,1,0,0,1,0,0,0,0,0,0,0,1,10KS0343MA120101 ,KV ,710 ,MA ,0343 ,Political Science ,5120 ,Civic Leadership ,16,7,9,0,13,1,1,1,0,0,0,15,1,10KS0343MA120101 ,KV ,710 ,PHD ,0343 ,Political Science ,  ,  ,57,33,24,0,40,3,2,1,0,9,2,8,49,10KS0343PHD120101 ,KV ,715 ,BALAS ,0332 ,Philosophy ,  ,  ,82,69,13,0,57,7,6,6,1,3,2,77,5,10KV0332BALA120101 ,KV ,715 ,BALAS ,0332 ,Philosophy ,  ,  ,4,2,2,0,4,0,0,0,0,0,0,4,0,10KV8037BALA120101 ,KV ,715 ,PHD ,0332 ,Philosophy ,  ,  ,33,31,2,0,30,1,0,1,0,1,0,12,21,10KS0332PHD120101 ,KV ,729 ,BALAS ,0286 ,Latin American Studies ,  ,  ,7,4,3,0,1,0,0,6,0,0,0,7,0,10KV0286BALA120101 ,KV ,729 ,MA ,0286 ,Latin American Studies ,  ,  ,11,5,6,0,3,1,1,4,0,2,0,5,6,10KS0286MA120101 ,KV ,771 ,BALAS ,1120 ,Comparative Literature ,  ,  ,11,5,6,0,8,2,0,1,0,0,0,11,0,10KV1120BALA120101 ,KV ,771 ,BALAS ,1120 ,Comparative Literature ,  ,  ,1,0,1,0,1,0,0,0,0,0,0,1,0,10KV8037BALA120101 ,KV ,771 ,BALAS ,1120 ,Comparative Literature ,3905 ,World Literature ,7,4,2,1,5,1,0,0,0,1,0,7,0,10KV3905BALA120101 ,KV ,771 ,BALAS ,1120 ,Comparative Literature ,3905 ,World Literature ,1,0,1,0,1,0,0,0,0,0,0,0,1,10KV8037BALA120101 ,KV ,771 ,MA ,1120 ,Comparative Literature ,  ,  ,7,3,4,0,3,2,0,0,0,2,0,1,6,10KS1120MA120101 ,KV ,771 ,PHD ,1120 ,Comparative Literature ,  ,  ,16,6,10,0,6,0,0,1,0,9,0,2,14,10KS1120PHD120101 ,KV ,864 ,BALAS ,0301 ,Linguistics ,  ,  ,32,10,22,0,26,3,0,0,0,1,2,30,2,10KV0301BALA120101 ,KV ,864 ,BALAS ,0301 ,Linguistics ,  ,  ,3,2,1,0,3,0,0,0,0,0,0,2,1,10KV8037BALA120101 ,KV ,864 ,BALAS ,0301 ,Linguistics ,3874 ,Hebrew Language & Linguistics ,11,7,4,0,6,4,0,1,0,0,0,11,0,10KV3874BALA120101 ,KV ,864 ,MA ,0299 ,Teaching of English Sec Lang ,  ,  ,48,13,35,0,12,3,0,0,0,30,3,8,40,10KS0299MA120101 ,KV ,864 ,MA ,0301 ,Linguistics ,  ,  ,21,10,11,0,12,1,0,0,0,8,0,6,15,10KS0301MA120101 ,KV ,864 ,NDEG ,0301 ,Linguistics ,  ,  ,2,0,2,0,2,0,0,0,0,0,0,2,0,10KS0301NDEG120101 ,KV ,864 ,PHD ,0301 ,Linguistics ,  ,  ,40,11,29,0,11,2,1,2,0,24,0,6,34,10KS0301PHD120101 ,KV ,872 ,BALAS ,0341 ,Geography ,  ,  ,18,10,7,1,16,0,0,1,0,1,0,16,2,10KV0341BALA120101 ,KV ,872 ,BALAS ,0341 ,Geography ,  ,  ,1,1,0,0,1,0,0,0,0,0,0,1,0,10KV8037BALA120101 ,KV ,872 ,BALAS ,0341 ,Geography ,3883 ,Environmental Geography ,1,1,0,0,0,1,0,0,0,0,0,1,0,10KV3883BALA120101 ,KV ,872 ,BALAS ,0341 ,Geography ,3884 ,Human Geography ,2,1,1,0,2,0,0,0,0,0,0,2,0,10KV3884BALA120101 ,KV ,872 ,BALAS ,0341 ,Geography ,3886 ,Geographic Information Science ,1,1,0,0,0,0,0,0,0,1,0,0,1,10KV3886BALA120101 ,KV ,872 ,MA ,0341 ,Geography ,  ,  ,3,1,2,0,3,0,0,0,0,0,0,1,2,10KS0341MA120101 ,KV ,872 ,MS ,0341 ,Geography ,  ,  ,7,5,2,0,6,0,0,0,0,1,0,5,2,10KS0341MS120101 ,KV ,872 ,NDEG ,0341 ,Geography ,  ,  ,7,5,2,0,6,1,0,0,0,0,0,7,0,10KS0341NDEG120101 ,KV ,872 ,PHD ,0341 ,Geography ,  ,  ,31,17,14,0,15,3,1,1,0,11,0,7,24,10KS0341PHD120101 ,KV ,927 ,BA ,0296 ,Teaching of German ,  ,  ,3,1,2,0,2,1,0,0,0,0,0,3,0,10KV0296BA120101 ,KV ,927 ,BALAS ,0412 ,Germanic Lang & Lit ,  ,  ,9,4,5,0,8,1,0,0,0,0,0,9,0,10KV0412BALA120101 ,KV ,927 ,BALAS ,0412 ,Germanic Lang & Lit ,  ,  ,1,1,0,0,1,0,0,0,0,0,0,1,0,10KV8037BALA120101 ,KV ,927 ,BALAS ,0412 ,Germanic Lang & Lit ,3887 ,German and Commercial Studies ,5,2,3,0,5,0,0,0,0,0,0,4,1,10KV3887BALA120101 ,KV ,927 ,BALAS ,0412 ,Germanic Lang & Lit ,3887 ,German and Commercial Studies ,2,0,2,0,2,0,0,0,0,0,0,2,0,10KV8037BALA120101 ,KV ,927 ,BALAS ,0412 ,Germanic Lang & Lit ,3888 ,Language and Literature ,2,0,2,0,2,0,0,0,0,0,0,2,0,10KV3888BALA120101 ,KV ,927 ,BALAS ,0412 ,Germanic Lang & Lit ,3888 ,Language and Literature ,2,1,1,0,2,0,0,0,0,0,0,2,0,10KV8037BALA120101 ,KV ,927 ,BALAS ,0412 ,Germanic Lang & Lit ,3889 ,Language Studies ,1,0,1,0,1,0,0,0,0,0,0,1,0,10KV3889BALA120101 ,KV ,927 ,BALAS ,0412 ,Germanic Lang & Lit ,3890 ,Modern German Studies ,1,0,1,0,1,0,0,0,0,0,0,1,0,10KV3890BALA120101 ,KV ,927 ,BALAS ,0412 ,Germanic Lang & Lit ,3890 ,Modern German Studies ,1,0,1,0,1,0,0,0,0,0,0,1,0,10KV8037BALA120101 ,KV ,927 ,BALAS ,0412 ,Germanic Lang & Lit ,3891 ,Scandinavian Studies ,1,0,1,0,1,0,0,0,0,0,0,1,0,10KV3891BALA120101 ,KV ,927 ,BALAS ,0412 ,Germanic Lang & Lit ,3891 ,Scandinavian Studies ,1,1,0,0,1,0,0,0,0,0,0,1,0,10KV8037BALA120101 ,KV ,927 ,MA ,0303 ,German ,  ,  ,6,3,3,0,6,0,0,0,0,0,0,4,2,10KS0303MA120101 ,KV ,927 ,NDEG ,0303 ,German ,  ,  ,4,3,1,0,0,0,0,0,0,4,0,0,4,10KS0303NDEG120101 ,KV ,927 ,PHD ,0303 ,German ,  ,  ,11,4,7,0,8,0,0,0,0,3,0,1,10,10KS0303PHD120101 ,KV ,948 ,MS ,0322 ,Microbiology ,  ,  ,2,0,2,0,2,0,0,0,0,0,0,2,0,10KS0322MS120101 ,KV ,948 ,NDEG ,0322 ,Microbiology ,  ,  ,2,2,0,0,2,0,0,0,0,0,0,2,0,10KS0322NDEG120101 ,KV ,948 ,PHD ,0322 ,Microbiology ,  ,  ,62,25,37,0,30,4,2,4,1,21,0,13,49,10KS0322PHD120101 ,KV ,958 ,BALAS ,0411 ,Russian Lang & Literature ,  ,  ,4,2,2,0,4,0,0,0,0,0,0,4,0,10KV0411BALA120101 ,KV ,958 ,MA ,0302 ,Slavic Languages & Literature ,  ,  ,7,1,6,0,5,1,0,0,0,1,0,3,4,10KS0302MA120101 ,KV ,958 ,PHD ,0302 ,Slavic Languages & Literature ,  ,  ,6,1,5,0,1,2,0,0,0,3,0,0,6,10KS0302PHD120101 ,KV ,985 ,BA ,0295 ,Teaching of French ,  ,  ,6,0,6,0,5,0,0,0,0,0,1,6,0,10KV0295BA120101 ,KV ,985 ,BALAS ,0304 ,French ,  ,  ,16,4,12,0,13,0,1,0,0,1,1,14,2,10KV0304BALA120101 ,KV ,985 ,BALAS ,0304 ,French ,3875 ,French Commercial Studies ,14,5,9,0,12,1,0,1,0,0,0,14,0,10KV3875BALA120101 ,KV ,985 ,BALAS ,0304 ,French ,3875 ,French Commercial Studies ,2,0,2,0,2,0,0,0,0,0,0,2,0,10KV8037BALA120101 ,KV ,985 ,BALAS ,0304 ,French ,3876 ,French Studies ,16,6,10,0,10,0,2,3,0,1,0,16,0,10KV3876BALA120101 ,KV ,985 ,BALAS ,0304 ,French ,3876 ,French Studies ,1,0,1,0,1,0,0,0,0,0,0,1,0,10KV8037BALA120101 ,KV ,985 ,MA ,0304 ,French ,  ,  ,10,3,7,0,8,1,0,0,0,1,0,5,5,10KS0304MA120101 ,KV ,985 ,NDEG ,0304 ,French ,  ,  ,7,1,6,0,0,0,0,0,0,6,1,1,6,10KS0304NDEG120101 ,KV ,985 ,PHD ,0304 ,French ,  ,  ,16,6,10,0,7,0,2,0,0,6,1,1,15,10KS0304PHD120101 ,KV ,  ,  ,  ,Liberal Arts & Sci ,  ,***College total*** ,13809,6791,7006,12,7839,1870,956,936,34,1789,385,10475,3334,  ,,,,,,,,,,,,,,,,,,,,, ,,,,,,,,,,,,,,,,,,,,,120101 ,KW ,  ,  ,  ,General Studies ,  ,  ,  ,  ,  ,  ,  ,  ,  ,  ,  ,  ,  ,  ,  , 120101 ,KW ,605 ,NONE ,5083 ,Undeclared ,  ,  ,2574,1324,1247,3,1519,336,244,225,3,185,62,2305,269,10KW5083NONE120101 ,KW ,  ,  ,  ,General Studies ,  ,***College total*** ,2574,1324,1247,3,1519,336,244,225,3,185,62,2305,269,  ,,,,,,,,,,,,,,,,,,,,, ,,,,,,,,,,,,,,,,,,,,,120101 ,KY ,  ,  ,  ,Applied Health Sci ,  ,  ,  ,  ,  ,  ,  ,  ,  ,  ,  ,  ,  ,  ,  , 120101 ,KY ,581 ,BS ,0349 ,Community Health ,  ,  ,96,23,73,0,46,12,23,9,2,0,4,90,6,10KY0349BS120101 ,KY ,581 ,BS ,0349 ,Community Health ,0473 ,Health Education ,153,17,136,0,77,20,37,16,2,1,0,152,1,10KY0473BS120101 ,KY ,581 ,BS ,0349 ,Community Health ,0474 ,Health Planning & Admin ,265,64,200,1,131,49,55,24,1,1,4,257,8,10KY0474BS120101 ,KY ,581 ,BS ,0349 ,Community Health ,0495 ,Rehab & Disability Studies ,82,14,68,0,43,7,16,13,1,0,2,79,3,10KY0495BS120101 ,KY ,581 ,BS ,0351 ,Kinesiology ,  ,  ,520,211,309,0,393,32,23,44,2,10,16,490,30,10KY0351BS120101 ,KY ,581 ,BS ,0351 ,Kinesiology ,0494 ,Athletic Training ,8,3,5,0,8,0,0,0,0,0,0,8,0,10KY0494BS120101 ,KY ,581 ,BS ,0351 ,Kinesiology ,4049 ,Teacher Education K-12 ,34,23,10,1,29,0,0,4,0,0,1,34,0,10KY4049BS120101 ,KY ,581 ,BS ,5185 ,Athletic Training ,  ,  ,43,14,29,0,37,2,1,2,1,0,0,42,1,10KY5185BS120101 ,KY ,581 ,MPH ,1630 ,Public Health ,  ,  ,5,3,2,0,5,0,0,0,0,0,0,5,0,10KS1630MPH120101 ,KY ,581 ,MS ,0349 ,Community Health ,  ,  ,8,3,5,0,2,2,3,0,0,1,0,7,1,10KS0349MS120101 ,KY ,581 ,MS ,0350 ,Rehabilitation ,  ,  ,5,2,3,0,3,0,0,0,1,0,1,4,1,10KS0350MS120101 ,KY ,581 ,MS ,0351 ,Kinesiology ,  ,  ,27,13,14,0,18,2,1,0,0,5,1,14,13,10KS0351MS120101 ,KY ,581 ,MSPH ,0349 ,Community Health ,  ,  ,5,2,3,0,2,0,1,1,0,0,1,5,0,10KS0349MSPH120101 ,KY ,581 ,PHD ,0349 ,Community Health ,  ,  ,22,6,16,0,10,2,6,1,0,3,0,15,7,10KS0349PHD120101 ,KY ,581 ,PHD ,0351 ,Kinesiology ,  ,  ,58,27,31,0,35,1,5,0,0,16,1,25,33,10KS0351PHD120101 ,KY ,679 ,AUD ,1053 ,Audiology ,  ,  ,19,5,14,0,18,0,1,0,0,0,0,17,2,10KS1053AUD120101 ,KY ,679 ,BS ,0354 ,Speech & Hearing Science ,  ,  ,67,2,64,1,59,2,0,4,1,0,1,66,1,10KY0354BS120101 ,KY ,679 ,BS ,0354 ,Speech & Hearing Science ,4066 ,Human Communication Science ,4,0,4,0,2,0,0,2,0,0,0,4,0,10KY4066BS120101 ,KY ,679 ,BS ,0354 ,Speech & Hearing Science ,4067 ,Audiology ,11,2,9,0,7,1,1,2,0,0,0,11,0,10KY4067BS120101 ,KY ,679 ,BS ,0354 ,Speech & Hearing Science ,4068 ,Speech-Language Pathology ,203,8,195,0,166,10,7,12,2,2,4,197,6,10KY4068BS120101 ,KY ,679 ,MA ,0354 ,Speech & Hearing Science ,  ,  ,49,2,47,0,44,1,0,1,0,1,2,37,12,10KS0354MA120101 ,KY ,679 ,PHD ,0354 ,Speech & Hearing Science ,  ,  ,13,1,12,0,6,0,0,0,0,7,0,3,10,10KS0354PHD120101 ,KY ,682 ,NDEG ,0067 ,Nondegree ,  ,  ,4,1,3,0,3,0,0,0,0,0,1,3,1,10KY0067NDEG120101 ,KY ,714 ,BS ,0353 ,Leisure Studies ,  ,  ,1,1,0,0,0,0,1,0,0,0,0,1,0,10KY0353BS120101 ,KY ,714 ,BS ,0353 ,Leisure Studies ,0471 ,Sports Management ,2,2,0,0,2,0,0,0,0,0,0,1,1,10KY0471BS120101 ,KY ,714 ,BS ,4043 ,"Recreation, Sport, and Tourism ",  ,  ,127,79,48,0,89,8,11,5,1,9,4,104,23,10KY4043BS120101 ,KY ,714 ,BS ,4043 ,"Recreation, Sport, and Tourism ",4044 ,Recreation Management ,51,25,26,0,38,0,8,4,0,0,1,49,2,10KY4044BS120101 ,KY ,714 ,BS ,4043 ,"Recreation, Sport, and Tourism ",4045 ,Tourism Management ,32,11,21,0,16,1,7,5,0,1,2,29,3,10KY4045BS120101 ,KY ,714 ,BS ,4043 ,"Recreation, Sport, and Tourism ",4046 ,Sports Management ,153,124,28,1,106,5,23,9,1,5,4,127,26,10KY4046BS120101 ,KY ,714 ,MS ,0353 ,Leisure Studies ,  ,  ,1,1,0,0,1,0,0,0,0,0,0,1,0,10KS0353MS120101 ,KY ,714 ,MS ,4043 ,"Recreation, Sport, and Tourism ",  ,  ,40,26,14,0,30,1,1,2,1,4,1,30,10,10KS4043MS120101 ,KY ,714 ,PHD ,0353 ,Leisure Studies ,  ,  ,1,0,1,0,0,1,0,0,0,0,0,0,1,10KS0353PHD120101 ,KY ,714 ,PHD ,4043 ,"Recreation, Sport, and Tourism ",  ,  ,28,12,16,0,8,1,2,2,0,15,0,9,19,10KS4043PHD120101 ,KY ,754 ,BS ,5204 ,Health ,  ,  ,34,5,29,0,21,3,4,5,0,1,0,32,2,10KY5204BS120101 ,KY ,754 ,BS ,5204 ,Health ,5221 ,Health Diversity ,1,0,1,0,0,1,0,0,0,0,0,1,0,10KY5204BS120101 ,KY ,  ,  ,  ,Applied Health Sci ,  ,***College total*** ,2172,732,1436,4,1455,164,237,167,16,82,51,1949,223,  ,,,,,,,,,,,,,,,,,,,,, ,,,,,,,,,,,,,,,,,,,,,120101 ,LC ,  ,  ,  ,Veterinary Medicine ,  ,  ,  ,  ,  ,  ,  ,  ,  ,  ,  ,  ,  ,  ,  , 120101 ,LC ,282 ,MS ,0361 ,VMS - Veterinary Pathobiology ,  ,  ,4,1,3,0,2,1,0,0,0,1,0,3,1,10KS0361MS120101 ,LC ,282 ,PHD ,0361 ,VMS - Veterinary Pathobiology ,  ,  ,10,7,3,0,3,0,1,1,0,5,0,3,7,10KS0361PHD120101 ,LC ,444 ,DVM ,0480 ,Veterinary Medicine ,  ,  ,453,94,358,1,294,13,3,12,1,2,128,375,78,10LC0480DVM120101 ,LC ,444 ,DVM ,0480 ,Veterinary Medicine ,0481 ,Vet Biosciences Res Scholars ,3,0,3,0,2,1,0,0,0,0,0,3,0,10LC0481DVM120101 ,LC ,444 ,DVM ,0480 ,Veterinary Medicine ,0483 ,Vet Pathobiology Res Scholars ,2,0,2,0,2,0,0,0,0,0,0,2,0,10LC0483DVM120101 ,LC ,598 ,MS ,0359 ,VMS-Veterinary Clinical Medcne ,  ,  ,25,9,16,0,15,0,0,2,0,8,0,6,19,10KS0359MS120101 ,LC ,598 ,NDEG ,0359 ,VMS-Veterinary Clinical Medcne ,  ,  ,2,1,1,0,2,0,0,0,0,0,0,1,1,10KS0359NDEG120101 ,LC ,598 ,PHD ,0359 ,VMS-Veterinary Clinical Medcne ,  ,  ,5,3,2,0,1,0,0,0,0,4,0,0,5,10KS0359PHD120101 ,LC ,598 ,PHD ,0359 ,VMS-Veterinary Clinical Medcne ,0359 ,  ,1,0,1,0,0,0,0,0,0,1,0,0,1,10KS0359PHD120101 ,LC ,873 ,MS ,0357 ,VMS - Veterinary Biosciences ,  ,  ,3,1,2,0,2,0,0,0,0,1,0,2,1,10KS0357MS120101 ,LC ,873 ,PHD ,0357 ,VMS - Veterinary Biosciences ,  ,  ,12,4,8,0,4,0,0,1,0,6,1,4,8,10KS0357PHD120101 ,LC ,873 ,PHD ,0357 ,VMS - Veterinary Biosciences ,0358 ,Vet Biosciences Res Scholars ,2,2,0,0,0,0,0,0,0,2,0,0,2,10KS0358PHD120101 ,LC ,  ,  ,  ,Veterinary Medicine ,  ,***College total*** ,522,122,399,1,327,15,4,16,1,30,129,399,123,  ,,,,,,,,,,,,,,,,,,,,, ,,,,,,,,,,,,,,,,,,,,,120101 ,LE ,  ,  ,  ,Institute of Aviation ,  ,  ,  ,  ,  ,  ,  ,  ,  ,  ,  ,  ,  ,  ,  , 120101 ,LE ,707 ,AVIPC ,0487 ,Professional Pilot ,  ,  ,33,32,1,0,24,4,1,3,0,1,0,28,5,10LE0487AVIP120101 ,LE ,707 ,BS ,0489 ,Aviation Human Factors ,  ,  ,121,111,10,0,96,11,3,8,0,1,2,112,9,10LE0489BS120101 ,LE ,707 ,MS ,3530 ,Human Factors ,  ,  ,11,3,8,0,5,0,0,0,0,6,0,4,7,10KS3530MS120101 ,LE ,707 ,NDEG ,0067 ,Nondegree ,  ,  ,2,2,0,0,2,0,0,0,0,0,0,2,0,10LE0067NDEG120101 ,LE ,  ,  ,  ,Institute of Aviation ,  ,***College total*** ,167,148,19,0,127,15,4,11,0,8,2,146,21,  ,,,,,,,,,,,,,,,,,,,,, ,,,,,,,,,,,,,,,,,,,,,120101 ,LG ,  ,  ,  ,Labor & Empl. Rel. ,  ,  ,  ,  ,  ,  ,  ,  ,  ,  ,  ,  ,  ,  ,  , 120101 ,LG ,568 ,MHRIR ,0364 ,Human Res & Industrial Rels ,  ,  ,131,43,88,0,63,9,13,3,0,41,2,77,54,10KS0364MHRI120101 ,LG ,568 ,PHD ,0364 ,Human Res & Industrial Rels ,  ,  ,9,5,4,0,1,0,0,0,0,8,0,1,8,10KS0364PHD120101 ,LG ,  ,  ,  ,Labor & Empl. Rel. ,  ,***College total*** ,140,48,92,0,64,9,13,3,0,49,2,78,62,  ,,,,,,,,,,,,,,,,,,,,, ,,,,,,,,,,,,,,,,,,,,,120101 ,LL ,  ,  ,  ,School of Social Work ,  ,  ,  ,  ,  ,  ,  ,  ,  ,  ,  ,  ,  ,  ,  , 120101 ,LL ,783 ,MSW ,0365 ,Social Work ,  ,  ,179,20,159,0,136,7,22,6,0,0,8,173,6,10KS0365MSW120101 ,LL ,783 ,MSW ,0365 ,Social Work ,5077 ,Health Care ,5,0,5,0,4,0,0,0,0,0,1,4,1,10KS0365MSW120101 ,LL ,783 ,MSW ,0365 ,Social Work ,5078 ,Mental Health ,7,1,6,0,7,0,0,0,0,0,0,7,0,10KS0365MSW120101 ,LL ,783 ,MSW ,0365 ,Social Work ,5079 ,School Social Work ,11,1,10,0,8,0,0,1,0,0,2,11,0,10KS0365MSW120101 ,LL ,783 ,NDEG ,0365 ,Social Work ,  ,  ,7,1,6,0,7,0,0,0,0,0,0,7,0,10KS0365NDEG120101 ,LL ,783 ,PHD ,0365 ,Social Work ,  ,  ,27,4,23,0,7,1,2,1,0,16,0,8,19,10KS0365PHD120101 ,LL ,  ,  ,  ,School of Social Work ,  ,***College total*** ,236,27,209,0,169,8,24,8,0,16,11,210,26,  ,,,,,,,,,,,,,,,,,,,,, ,,,,,,,,,,,,,,,,,,,,,120101 ,LN ,  ,  ,  ,Continuing Education ,  ,  ,  ,  ,  ,  ,  ,  ,  ,  ,  ,  ,  ,  ,  , 120101 ,LN ,641 ,NDEG ,1249 ,Nondegree-CE ,  ,  ,94,27,67,0,75,6,6,1,0,0,6,1,93,10LN1249NDEJ120101 ,LN ,  ,  ,  ,Continuing Education ,  ,***College total*** ,94,27,67,0,75,6,6,1,0,0,6,1,93,  ,,,,,,,,,,,,,,,,,,,,, ,,,,,,,,,,,,,,,,,,,,,120101 ,LP ,  ,  ,  ,Library & Info Sci ,  ,  ,  ,  ,  ,  ,  ,  ,  ,  ,  ,  ,  ,  ,  , 120101 ,LP ,992 ,CAS ,0370 ,Library & Information Science ,  ,  ,19,4,15,0,17,0,0,1,0,1,0,14,5,10KS0370CAS120101 ,LP ,992 ,CAS ,0370 ,Library & Information Science ,  ,  ,2,0,2,0,2,0,0,0,0,0,0,2,0,10KS0370CASU120101 ,LP ,992 ,MS ,0370 ,Library & Information Science ,  ,  ,225,64,160,1,171,13,12,5,1,9,14,147,78,10KS0370MS120101 ,LP ,992 ,MS ,0370 ,Library & Information Science ,  ,  ,15,4,11,0,10,0,1,2,0,0,2,12,3,10KS0370MSU120101 ,LP ,992 ,MS ,0370 ,Library & Information Science ,0376 ,Library & Info Sci - Media ,1,0,1,0,1,0,0,0,0,0,0,1,0,10KS0370MS120101 ,LP ,992 ,MS ,4026 ,Bioinformatics ,5098 ,Library & Information Science ,4,1,3,0,2,0,0,0,0,2,0,2,2,10KS5098MS120101 ,LP ,992 ,PHD ,0370 ,Library & Information Science ,  ,  ,44,13,31,0,20,7,2,2,1,11,1,19,25,10KS0370PHD120101 ,LP ,  ,  ,  ,Library & Info Sci ,  ,***College total*** ,310,86,223,1,223,20,15,10,2,23,17,197,113,  ,,,,,,,,,,,,,,,,,,,,, ,,,,,,,,,,,,,,,,,,,,,