"UIUC On-Campus Student Enrollment by Curriculum, Sex, Race/Ethnicity, and Residency",,,,,,,,,,,,,,,,,,,,,,,,,,,SPRING 2015,,,,,,,,"PUBLICATION DATE:  FEBRUARY 13, 2015",,,,,,,,,,* This section uses the new Federal IPEDS guidelines for reporting racial and ethnic data. ,,,,,,,,,Division of Management Information,,,,,,*** This report is derived from the Registration Census 10-day student statistics.  Any Codebook changes made after ,,,,,,,,,,,,"   For more information on these guidelines, see  ",,,,http://www.vpaa.uillinois.edu/RaceEthnicity/index.cfm,,,,,,,,,,,the tenth day of class will not be reflected.  Students obtaining a second bachelor's degree are no longer counted separately.,,,,,,,,,,,,,,,,,,,,,Term/Year Code,Coll,Dept,Degree,Major code,Major Name,Conc code,Concentration Name (if any),Total,By Gender,,,By Self-reported Race/Ethnicity (NEW*),,,,,,,,,All students including multiracial and Hispanic,,,,By Residency,,Academic Program Code,,,,,,,,,Men,Women,Unknown,Caucasian,Asian American,African American,Hispanic,Native American,Hawaiian/Pacific Isl,Multiracial,International,Unknown,All   African American,All    Native American,All Hawaiian/ Pac Isl,All Asian,Illinois,Non-Illinois,,,,,,,,,,,,,,,,,,,,,,,,,,,,120151 , , , , ,***Campus total*** , , ,41497,22842,18650,5,19866,5673,2009,3189,35,41,985,9286,413,2418,316,153,6443,26498,14999,120151 , , , , ,Undergraduate , , ,30948,17211,13733,4,15526,4981,1637,2723,16,33,838,5001,193,1966,234,133,5646,23100,7848,120151 , , , , ,Graduate , , ,9554,5255,4299,0,3732,629,328,412,18,7,134,4220,74,399,76,17,725,2746,6808,120151 , , , , ,Professional , , ,995,376,618,1,608,63,44,54,1,1,13,65,146,53,6,3,72,652,343,,,,,,,,,,,,,,,,,,,,,,,,,,,,120151 ,KL ,  ,  ,  ,"Agr, Cons, Env Sci ",  ,  ,  ,  ,  ,  ,  ,  ,  ,  ,  ,  ,  ,  ,  ,  ,  ,  ,  ,  ,  , 120151 ,KL ,306 ,MS ,5186 ,Bioenergy ,  ,  ,1,1,0,0,0,0,0,1,0,0,0,0,0,0,0,0,0,1,0,1PKS5186MS120151 ,KL ,306 ,MS ,5186 ,Bioenergy ,5166 ,Professional Science Masters ,12,11,1,0,1,1,0,0,0,0,0,10,0,0,0,0,1,2,10,1PKS5186MS120151 ,KL ,306 ,MS ,5188 ,Agricultural Production ,5166 ,Professional Science Masters ,5,1,4,0,2,0,0,0,0,0,1,2,0,0,0,0,1,3,2,1PKS5188MS120151 ,KL ,342 ,BS ,5318 ,Agric Leadership & Sci Educ ,5319 ,Agricultural Science Education ,29,9,20,0,26,0,0,2,0,0,1,0,0,0,1,0,0,29,0,10KL5319BS120151 ,KL ,342 ,BS ,5318 ,Agric Leadership & Sci Educ ,5319 ,Agricultural Science Education ,1,1,0,0,1,0,0,0,0,0,0,0,0,0,0,0,0,1,0,10KL8037BS120151 ,KL ,342 ,BS ,5318 ,Agric Leadership & Sci Educ ,5320 ,Agricultural Leadership Educ ,28,13,15,0,22,1,4,1,0,0,0,0,0,4,0,0,1,26,2,10KL5320BS120151 ,KL ,342 ,MS ,0181 ,Agricultural Education ,  ,  ,5,1,4,0,4,0,0,0,0,0,0,0,1,0,0,0,0,2,3,10KS0181MS120151 ,KL ,342 ,MS ,0181 ,Agricultural Education ,  ,  ,3,1,2,0,3,0,0,0,0,0,0,0,0,0,0,0,0,3,0,10KS0181MSU120151 ,KL ,470 ,BS ,0176 ,Agr & Consumer Economics ,5003 ,Agri-Accounting ,66,39,27,0,47,9,3,3,0,0,1,3,0,4,0,0,10,59,7,10KL5003BS120151 ,KL ,470 ,BS ,0176 ,Agr & Consumer Economics ,5005 ,Farm Management ,21,18,3,0,20,0,0,0,1,0,0,0,0,0,1,0,0,20,1,10KL5005BS120151 ,KL ,470 ,BS ,0176 ,Agr & Consumer Economics ,5006 ,Agribusiness Markets & Mgmt ,165,118,47,0,136,9,1,5,0,0,4,10,0,2,2,0,12,143,22,10KL5006BS120151 ,KL ,470 ,BS ,0176 ,Agr & Consumer Economics ,5007 ,Consumer Economics & Finance ,114,88,26,0,80,12,2,5,0,0,2,13,0,2,2,0,14,95,19,10KL5007BS120151 ,KL ,470 ,BS ,0176 ,Agr & Consumer Economics ,5008 ,Envirnmntal Economics & Policy ,38,22,16,0,24,3,3,1,0,0,1,6,0,4,0,0,3,31,7,10KL5008BS120151 ,KL ,470 ,BS ,0176 ,Agr & Consumer Economics ,5008 ,Envirnmntal Economics & Policy ,1,0,1,0,0,1,0,0,0,0,0,0,0,0,0,0,1,1,0,10KL8037BS120151 ,KL ,470 ,BS ,0176 ,Agr & Consumer Economics ,5010 ,"Policy, Intl Trade, & Dvlpmt ",54,31,23,0,26,11,0,6,0,0,0,10,1,0,0,0,11,36,18,10KL5010BS120151 ,KL ,470 ,BS ,0176 ,Agr & Consumer Economics ,5011 ,Public Policy and Law ,53,24,29,0,22,6,7,10,0,0,2,6,0,10,1,0,6,44,9,10KL5011BS120151 ,KL ,470 ,BS ,0176 ,Agr & Consumer Economics ,5136 ,Financial Planning ,99,64,35,0,57,18,1,7,0,0,3,12,1,1,2,0,20,79,20,10KL5136BS120151 ,KL ,470 ,BS ,0176 ,Agr & Consumer Economics ,5136 ,Financial Planning ,1,0,1,0,1,0,0,0,0,0,0,0,0,0,0,0,0,1,0,10KL8037BS120151 ,KL ,470 ,BS ,0176 ,Agr & Consumer Economics ,5316 ,Finance in Agri-Business ,84,61,23,0,65,8,2,1,0,0,3,5,0,2,0,0,11,75,9,10KL5316BS120151 ,KL ,470 ,MS ,5273 ,Agricultural & Applied Econ ,  ,  ,27,14,13,0,16,1,0,0,0,0,0,9,1,0,0,0,1,13,14,10KS5273MS120151 ,KL ,470 ,PHD ,0176 ,Agr & Consumer Economics ,  ,  ,1,0,1,0,0,0,0,0,0,0,0,1,0,0,0,0,0,0,1,10KS0176PHD120151 ,KL ,470 ,PHD ,5273 ,Agricultural & Applied Econ ,  ,  ,37,21,16,0,2,0,0,1,0,0,0,34,0,0,0,0,0,0,37,10KS5273PHD120151 ,KL ,483 ,NDEG ,0067 ,Nondegree ,  ,  ,79,44,35,0,60,1,0,1,0,0,0,17,0,0,1,0,1,62,17,10KL0067NDEG120151 ,KL ,538 ,BS ,0002 ,Animal Sciences ,  ,  ,2,0,2,0,2,0,0,0,0,0,0,0,0,0,0,0,0,2,0,10KL0002BS120151 ,KL ,538 ,BS ,0002 ,Animal Sciences ,5267 ,Technology and Management ,44,11,33,0,35,1,3,2,0,0,2,1,0,5,0,0,2,43,1,10KL0002BS120151 ,KL ,538 ,BS ,0002 ,Animal Sciences ,5268 ,Companion Animal & Equine Sci ,73,9,64,0,51,4,4,7,0,0,4,3,0,5,1,0,7,69,4,10KL0002BS120151 ,KL ,538 ,BS ,0002 ,Animal Sciences ,5269 ,"Science, Pre-Vet Med and Med ",395,66,329,0,256,34,19,65,0,0,14,5,2,25,4,2,45,358,37,10KL0002BS120151 ,KL ,538 ,MS ,0002 ,Animal Sciences ,  ,  ,55,19,36,0,40,1,1,5,0,0,1,7,0,2,0,0,2,28,27,10KS0002MS120151 ,KL ,538 ,MS ,4026 ,Bioinformatics ,5099 ,Animal Science ,2,0,2,0,2,0,0,0,0,0,0,0,0,0,0,0,0,1,1,10KS5099MS120151 ,KL ,538 ,PHD ,0002 ,Animal Sciences ,  ,  ,45,24,21,0,21,2,0,3,0,0,0,19,0,0,0,0,2,10,35,10KS0002PHD120151 ,KL ,698 ,BS ,0037 ,Food Science & Human Nutrition ,0038 ,Food Science ,141,45,96,0,72,20,16,9,0,0,1,23,0,18,1,0,20,110,31,10KL0038BS120151 ,KL ,698 ,BS ,0037 ,Food Science & Human Nutrition ,0039 ,Food Industry and Business ,3,1,2,0,2,0,0,1,0,0,0,0,0,0,0,0,0,3,0,10KL0039BS120151 ,KL ,698 ,BS ,0037 ,Food Science & Human Nutrition ,0040 ,Human Nutrition ,98,16,82,0,52,22,6,9,0,0,3,6,0,8,2,1,24,88,10,10KL0040BS120151 ,KL ,698 ,BS ,0037 ,Food Science & Human Nutrition ,0041 ,Dietetics ,85,4,81,0,53,10,4,6,0,0,3,8,1,4,0,1,13,75,10,10KL0041BS120151 ,KL ,698 ,BS ,0037 ,Food Science & Human Nutrition ,0042 ,Hospitality Management ,67,20,47,0,45,4,3,7,0,0,2,6,0,5,0,0,5,58,9,10KL0042BS120151 ,KL ,698 ,MS ,0037 ,Food Science & Human Nutrition ,0038 ,Food Science ,23,5,18,0,6,1,1,0,0,0,0,14,1,1,0,0,1,3,20,10KS0037MS120151 ,KL ,698 ,MS ,0037 ,Food Science & Human Nutrition ,0040 ,Human Nutrition ,7,3,4,0,1,1,0,0,0,0,0,5,0,0,0,0,1,1,6,10KS0037MS120151 ,KL ,698 ,MS ,0037 ,Food Science & Human Nutrition ,5166 ,Professional Science Masters ,13,3,10,0,4,1,0,0,0,0,0,8,0,0,0,0,1,5,8,1PKS0037MS120151 ,KL ,698 ,NDEG ,0037 ,Food Science & Human Nutrition ,  ,  ,1,1,0,0,1,0,0,0,0,0,0,0,0,0,0,0,0,1,0,10KS0037NDEG120151 ,KL ,698 ,PHD ,0037 ,Food Science & Human Nutrition ,  ,  ,6,2,4,0,2,0,0,0,0,0,0,4,0,0,0,0,0,1,5,10KS0037PHD120151 ,KL ,698 ,PHD ,0037 ,Food Science & Human Nutrition ,0038 ,Food Science ,33,13,20,0,10,3,1,0,0,0,0,19,0,1,0,0,3,9,24,10KS0037PHD120151 ,KL ,698 ,PHD ,0037 ,Food Science & Human Nutrition ,0040 ,Human Nutrition ,11,5,6,0,5,2,0,0,0,0,0,4,0,0,0,0,2,3,8,10KS0037PHD120151 ,KL ,741 ,BS ,0025 ,Technical Systems Management ,  ,  ,201,185,16,0,125,23,17,21,0,0,7,8,0,18,3,3,27,179,22,10KL0025BS120151 ,KL ,741 ,BSAG ,0029 ,Agr Engineering & Agr Science ,  ,  ,1,1,0,0,0,0,0,1,0,0,0,0,0,1,0,0,0,1,0,10KL0029BSAG120151 ,KL ,741 ,BSAG ,5163 ,Agricultural & Biological Engr ,  ,  ,68,46,22,0,39,10,6,5,0,0,2,6,0,6,0,0,12,47,21,10KL5163BSAG120151 ,KL ,741 ,MS ,0025 ,Technical Systems Management ,  ,  ,4,4,0,0,1,0,0,2,0,0,0,1,0,0,0,0,0,3,1,10KS0025MS120151 ,KL ,741 ,MS ,0025 ,Technical Systems Management ,  ,  ,1,1,0,0,0,0,0,0,0,0,0,1,0,0,0,0,0,0,1,1PKS0025MS120151 ,KL ,741 ,MS ,0025 ,Technical Systems Management ,5166 ,Professional Science Masters ,6,3,3,0,0,1,2,0,0,0,0,3,0,2,0,0,1,3,3,1PKS0025MS120151 ,KL ,793 ,BS ,0043 ,Agr & Environmental Cmc & Educ ,5033 ,"Agr, Cons, Env Sci Communictn ",3,0,3,0,2,0,1,0,0,0,0,0,0,1,0,0,0,3,0,10KL5033BS120151 ,KL ,793 ,BS ,0048 ,Human Development & Family St ,0049 ,Child and Adolescent Dev ,141,10,131,0,81,10,18,25,0,0,5,2,0,25,3,0,10,130,11,10KL0049BS120151 ,KL ,793 ,BS ,0048 ,Human Development & Family St ,0050 ,Family Studies ,38,2,36,0,20,4,6,8,0,0,0,0,0,6,2,0,4,38,0,10KL0050BS120151 ,KL ,793 ,NONE ,0048 ,Human Development & Family St ,  ,  ,1,0,1,0,1,0,0,0,0,0,0,0,0,0,0,0,0,1,0,10KL0048NONE120151 ,KL ,793 ,PHD ,0183 ,Human & Community Development ,  ,  ,3,0,3,0,2,0,0,1,0,0,0,0,0,0,0,0,0,2,1,10KS0183PHD120151 ,KL ,793 ,PHD ,0183 ,Human & Community Development ,5125 ,Community Studies and Outreach ,1,1,0,0,0,0,0,0,0,0,1,0,0,0,0,0,1,0,1,10KS0183PHD120151 ,KL ,793 ,PHD ,0183 ,Human & Community Development ,5126 ,Human Development & Family St ,22,5,17,0,13,1,1,4,0,0,0,3,0,2,0,0,1,7,15,10KS0183PHD120151 ,KL ,802 ,BS ,0030 ,Crop Sciences ,0031 ,Agroecology ,4,1,3,0,1,0,1,1,0,0,0,1,0,1,0,0,0,3,1,10KL0031BS120151 ,KL ,802 ,BS ,0030 ,Crop Sciences ,0033 ,Crops ,31,22,9,0,29,0,1,0,0,0,0,1,0,1,0,0,0,30,1,10KL0033BS120151 ,KL ,802 ,BS ,0030 ,Crop Sciences ,0034 ,Crop Agribusiness ,53,40,13,0,49,1,1,0,0,0,1,1,0,2,0,0,1,52,1,10KL0034BS120151 ,KL ,802 ,BS ,0030 ,Crop Sciences ,0035 ,Plant Biotech & Molecular Bio ,57,29,28,0,44,4,1,1,0,0,2,5,0,1,0,0,6,47,10,10KL0035BS120151 ,KL ,802 ,BS ,0030 ,Crop Sciences ,0036 ,Biological Sciences ,2,1,1,0,2,0,0,0,0,0,0,0,0,0,0,0,0,2,0,10KL0036BS120151 ,KL ,802 ,BS ,0030 ,Crop Sciences ,5123 ,Integrated Pest Management ,4,2,2,0,3,1,0,0,0,0,0,0,0,0,0,0,1,4,0,10KL5123BS120151 ,KL ,802 ,BS ,0063 ,Horticulture ,5300 ,Sustainable Landscapes ,7,3,4,0,6,0,0,0,0,0,0,1,0,0,0,0,0,6,1,10KL0063BS120151 ,KL ,802 ,BS ,0063 ,Horticulture ,5301 ,Specialty Crops ,21,5,16,0,14,3,0,4,0,0,0,0,0,0,0,0,3,18,3,10KL0063BS120151 ,KL ,802 ,MS ,0030 ,Crop Sciences ,  ,  ,39,13,26,0,22,1,0,1,1,0,2,12,0,0,1,0,3,22,17,10KS0030MS120151 ,KL ,802 ,MS ,0030 ,Crop Sciences ,  ,  ,4,2,2,0,3,0,0,0,0,0,1,0,0,0,0,0,1,3,1,10KS0030MSU120151 ,KL ,802 ,MS ,4026 ,Bioinformatics ,5100 ,Crop Science ,2,2,0,0,0,2,0,0,0,0,0,0,0,0,0,0,2,1,1,10KS5100MS120151 ,KL ,802 ,PHD ,0030 ,Crop Sciences ,  ,  ,64,46,18,0,30,1,0,1,0,0,0,30,2,0,0,0,1,18,46,10KS0030PHD120151 ,KL ,875 ,BS ,0051 ,Natural Resrcs & Environ Sci ,  ,  ,1,0,1,0,0,0,1,0,0,0,0,0,0,1,0,0,0,1,0,10KL0051BS120151 ,KL ,875 ,BS ,0051 ,Natural Resrcs & Environ Sci ,0057 ,Fish and Wildlife Conservation ,54,29,25,0,40,2,3,1,0,0,4,3,1,4,0,0,6,49,5,10KL0051BS120151 ,KL ,875 ,BS ,0051 ,Natural Resrcs & Environ Sci ,0057 ,Fish and Wildlife Conservation ,4,1,3,0,3,0,0,0,0,0,0,1,0,0,0,0,0,2,2,10KL0057BS120151 ,KL ,875 ,BS ,0051 ,Natural Resrcs & Environ Sci ,5239 ,Humn Dimnsns of the Environmnt ,77,34,43,0,44,5,3,11,0,0,0,14,0,3,2,0,6,61,16,10KL0051BS120151 ,KL ,875 ,BS ,0051 ,Natural Resrcs & Environ Sci ,5239 ,Humn Dimnsns of the Environmnt ,1,1,0,0,0,0,0,0,0,0,0,1,0,0,0,0,0,0,1,10KL8037BS120151 ,KL ,875 ,BS ,0051 ,Natural Resrcs & Environ Sci ,5240 ,Resrce Cons & Restoration Ecol ,70,34,36,0,44,3,1,2,0,0,3,17,0,1,1,0,6,51,19,10KL0051BS120151 ,KL ,875 ,BS ,0051 ,Natural Resrcs & Environ Sci ,5241 ,Globl Chg & Landscape Dynamics ,24,11,13,0,12,2,0,2,0,0,3,5,0,1,0,1,5,16,8,10KL0051BS120151 ,KL ,875 ,MS ,0190 ,Natural Res & Env Sciences ,  ,  ,54,33,21,0,44,1,2,3,0,0,2,2,0,2,2,0,1,32,22,10KS0190MS120151 ,KL ,875 ,PHD ,0190 ,Natural Res & Env Sciences ,  ,  ,29,18,11,0,21,0,1,1,0,0,0,6,0,1,0,0,0,7,22,10KS0190PHD120151 ,KL ,971 ,MS ,0191 ,Nutritional Sciences ,  ,  ,12,2,10,0,7,1,0,2,0,0,0,1,1,0,0,0,1,7,5,10KS0191MS120151 ,KL ,971 ,PHD ,0191 ,Nutritional Sciences ,  ,  ,28,8,20,0,15,4,0,2,0,0,1,6,0,1,0,0,5,6,22,10KS0191PHD120151 ,KL ,  ,  ,  ,"Agr, Cons, Env Sci ",  ,***College total*** ,3160,1424,1736,0,1992,267,147,257,2,0,82,401,12,183,32,8,325,2446,714,  ,,,,,,,,,,,,,,,,,,,,,,,,,,, ,,,,,,,,,,,,,,,,,,,,,,,,,,,120151 ,KM ,  ,  ,  ,Business ,  ,  ,  ,  ,  ,  ,  ,  ,  ,  ,  ,  ,  ,  ,  ,  ,  ,  ,  ,  ,  , 120151 ,KM ,230 ,MBA ,9875 ,Business Administration (MBA) ,  ,  ,149,109,40,0,45,24,7,2,0,0,2,69,0,7,0,1,26,50,99,10KS9875MBA120151 ,KM ,230 ,MBA ,9875 ,Business Administration (MBA) ,4064 ,MBA ,153,102,51,0,89,15,20,8,0,0,1,20,0,21,1,0,16,142,11,10KS4064MBA120151 ,KM ,260 ,BS ,0075 ,Finance ,  ,  ,527,357,170,0,323,71,17,30,0,1,9,74,2,19,5,3,77,412,115,10KM0075BS120151 ,KM ,260 ,MS ,0075 ,Finance ,  ,  ,1,1,0,0,1,0,0,0,0,0,0,0,0,0,0,0,0,1,0,10KS0075MS120151 ,KM ,260 ,MS ,0075 ,Finance ,  ,  ,114,62,52,0,6,4,0,0,0,0,1,102,1,0,1,0,4,6,108,10KS0075MSK120151 ,KM ,260 ,NDEG ,0075 ,Finance ,  ,  ,7,6,1,0,0,0,0,0,0,0,0,7,0,0,0,0,0,0,7,10KS0075NDEG120151 ,KM ,260 ,PHD ,0075 ,Finance ,  ,  ,22,15,7,0,0,2,0,0,0,0,0,20,0,0,0,0,2,1,21,10KS0075PHD120151 ,KM ,346 ,BS ,0071 ,Accountancy ,  ,  ,1029,538,491,0,421,175,30,48,0,1,14,335,5,35,2,3,185,628,401,10KM0071BS120151 ,KM ,346 ,MAS ,0071 ,Accountancy ,  ,  ,282,146,136,0,140,40,6,18,0,0,3,75,0,7,2,1,42,193,89,10KS0071MAS120151 ,KM ,346 ,MS ,0071 ,Accountancy ,  ,  ,144,32,112,0,8,5,0,0,0,0,0,131,0,0,0,0,5,10,134,10KS0071MSK120151 ,KM ,346 ,MS ,5187 ,Taxation ,  ,  ,27,15,12,0,12,8,1,2,0,0,0,4,0,1,0,0,8,21,6,10KS5187MSK2120151 ,KM ,346 ,PHD ,0071 ,Accountancy ,  ,  ,27,16,11,0,17,0,0,1,0,0,1,7,1,0,1,0,0,7,20,10KS0071PHD120151 ,KM ,902 ,BS ,1432 ,Marketing ,  ,  ,120,45,75,0,73,11,7,14,0,1,3,9,2,8,0,1,14,104,16,10KM1432BS120151 ,KM ,902 ,BS ,1432 ,Marketing ,  ,  ,128,41,87,0,88,15,4,14,0,0,4,3,0,6,0,1,17,115,13,10KM8037BS120151 ,KM ,902 ,BS ,5070 ,Information Sys & Info Tech ,  ,  ,22,15,7,0,8,10,2,1,0,0,0,1,0,2,0,0,10,19,3,10KM5070BS120151 ,KM ,902 ,BS ,5070 ,Information Sys & Info Tech ,  ,  ,32,23,9,0,17,10,2,0,0,0,1,2,0,2,0,0,11,28,4,10KM8037BS120151 ,KM ,902 ,BS ,5071 ,Supply Chain Management ,  ,  ,20,9,11,0,11,6,0,0,0,0,0,3,0,0,0,0,6,15,5,10KM5071BS120151 ,KM ,902 ,BS ,5071 ,Supply Chain Management ,  ,  ,94,44,50,0,72,10,0,4,0,0,5,2,1,1,2,1,13,88,6,10KM8037BS120151 ,KM ,902 ,BS ,5072 ,Business Process Management ,  ,  ,16,8,8,0,10,2,2,1,0,0,1,0,0,2,0,0,3,14,2,10KM5072BS120151 ,KM ,902 ,BS ,5072 ,Business Process Management ,  ,  ,13,6,7,0,4,1,3,5,0,0,0,0,0,3,0,0,1,13,0,10KM8037BS120151 ,KM ,902 ,BS ,5073 ,Management ,0086 ,Entrepreneurship ,21,10,11,0,7,2,5,1,0,0,2,4,0,5,1,1,4,15,6,10KM5073BS120151 ,KM ,902 ,BS ,5073 ,Management ,0086 ,Entrepreneurship ,3,0,3,0,1,0,0,1,0,0,0,1,0,0,0,0,0,2,1,10KM8037BS120151 ,KM ,902 ,BS ,5073 ,Management ,5074 ,International Business ,17,5,12,0,10,2,2,3,0,0,0,0,0,2,0,0,2,16,1,10KM5073BS120151 ,KM ,902 ,BS ,5073 ,Management ,5074 ,International Business ,19,4,15,0,9,3,2,2,0,0,2,1,0,2,0,1,5,16,3,10KM8037BS120151 ,KM ,902 ,BS ,5073 ,Management ,5075 ,General Management ,24,15,9,0,17,1,1,2,0,0,1,2,0,2,0,0,1,20,4,10KM5073BS120151 ,KM ,902 ,BS ,5073 ,Management ,5075 ,General Management ,14,5,9,0,10,1,0,2,0,0,0,1,0,0,0,0,1,13,1,10KM8037BS120151 ,KM ,902 ,MS ,0079 ,Business Administration ,  ,  ,42,13,29,0,1,4,0,0,0,0,0,37,0,0,0,0,4,2,40,10KS0079MS120151 ,KM ,902 ,MS ,5148 ,Technology Management ,  ,  ,103,60,43,0,11,15,1,2,0,0,0,74,0,1,0,0,15,25,78,10KS5148MSK120151 ,KM ,902 ,PHD ,0079 ,Business Administration ,  ,  ,41,24,17,0,4,0,3,1,0,0,0,33,0,3,1,0,0,3,38,10KS0079PHD120151 ,KM ,938 ,MBA ,9875 ,Business Administration (MBA) ,3924 ,Executive Program ,70,49,21,0,32,15,7,5,1,0,4,3,3,8,4,0,16,64,6,10KS3924MBA2120151 ,KM ,952 ,NDEG ,0067 ,Nondegree ,  ,  ,57,35,22,0,0,0,1,0,0,0,0,55,1,1,0,0,0,1,56,10KM0067NDEG120151 ,KM ,952 ,NONE ,0070 ,Curric Unassigned ,  ,  ,687,382,305,0,350,134,30,74,1,1,12,83,2,34,4,1,144,521,166,10KM0070NONE120151 ,KM ,  ,  ,  ,Business ,  ,***College total*** ,4025,2192,1833,0,1797,586,153,241,2,4,66,1158,18,172,24,14,632,2565,1460,  ,,,,,,,,,,,,,,,,,,,,,,,,,,, ,,,,,,,,,,,,,,,,,,,,,,,,,,,120151 ,KN ,  ,  ,  ,Education ,  ,  ,  ,  ,  ,  ,  ,  ,  ,  ,  ,  ,  ,  ,  ,  ,  ,  ,  ,  ,  , 120151 ,KN ,335 ,NDEG ,0067 ,Nondegree ,  ,  ,19,8,11,0,6,0,0,1,0,0,0,12,0,0,0,0,0,7,12,10KN0067NDEG120151 ,KN ,335 ,NONE ,4089 ,Pre-Early Chld/Elem Ed/Spec Ed ,  ,  ,224,15,209,0,177,19,5,18,0,0,2,3,0,8,0,0,20,216,8,10KN4089NONE120151 ,KN ,570 ,BS ,0093 ,Special Education ,  ,  ,88,11,77,0,76,3,1,7,0,0,1,0,0,1,1,1,4,88,0,10KN0093BS120151 ,KN ,570 ,EDM ,0093 ,Special Education ,  ,  ,26,4,22,0,16,1,2,4,0,0,0,3,0,2,0,0,1,23,3,10KS0093EDM120151 ,KN ,570 ,MS ,0093 ,Special Education ,  ,  ,2,0,2,0,2,0,0,0,0,0,0,0,0,0,0,0,0,2,0,10KS0093MS120151 ,KN ,570 ,NDEG ,0093 ,Special Education ,  ,  ,1,0,1,0,1,0,0,0,0,0,0,0,0,0,0,0,0,1,0,10KS0093NDEG120151 ,KN ,570 ,PHD ,0093 ,Special Education ,  ,  ,23,3,20,0,14,1,3,2,0,0,0,3,0,3,0,0,1,12,11,10KS0093PHD120151 ,KN ,613 ,BS ,0094 ,Early Childhood Education ,3968 ,ECh: Language arts ,7,0,7,0,4,1,1,1,0,0,0,0,0,1,0,0,1,7,0,10KN3968BS120151 ,KN ,613 ,BS ,0094 ,Early Childhood Education ,3969 ,ECh: Linguistics ,1,0,1,0,1,0,0,0,0,0,0,0,0,0,0,0,0,1,0,10KN3969BS120151 ,KN ,613 ,BS ,0094 ,Early Childhood Education ,3970 ,ECh: Mathematics ,3,0,3,0,2,0,0,0,0,0,1,0,0,0,1,0,0,3,0,10KN3970BS120151 ,KN ,613 ,BS ,0094 ,Early Childhood Education ,3975 ,ECh: Psychology ,3,0,3,0,2,0,0,1,0,0,0,0,0,0,0,0,0,3,0,10KN3975BS120151 ,KN ,613 ,BS ,0094 ,Early Childhood Education ,3976 ,ECh: Sociology ,4,0,4,0,3,1,0,0,0,0,0,0,0,0,0,0,1,4,0,10KN3976BS120151 ,KN ,613 ,BS ,0094 ,Early Childhood Education ,4014 ,ECh: Spanish ,3,0,3,0,2,0,0,1,0,0,0,0,0,0,0,0,0,3,0,10KN4014BS120151 ,KN ,613 ,BS ,0095 ,Elementary Education ,  ,  ,3,1,2,0,2,1,0,0,0,0,0,0,0,0,0,0,1,3,0,10KN0095BS120151 ,KN ,613 ,BS ,0095 ,Elementary Education ,3936 ,EIEd: Anthropology ,1,0,1,0,1,0,0,0,0,0,0,0,0,0,0,0,0,1,0,10KN3936BS120151 ,KN ,613 ,BS ,0095 ,Elementary Education ,3946 ,EIEd: History ,8,2,6,0,6,0,1,1,0,0,0,0,0,1,0,0,0,7,1,10KN3946BS120151 ,KN ,613 ,BS ,0095 ,Elementary Education ,3947 ,EIEd: Language Arts ,44,3,41,0,35,4,1,3,0,0,1,0,0,1,0,0,5,44,0,10KN3947BS120151 ,KN ,613 ,BS ,0095 ,Elementary Education ,3949 ,EIEd: Mathematics ,79,10,69,0,58,13,0,4,0,1,3,0,0,1,0,1,15,78,1,10KN3949BS120151 ,KN ,613 ,BS ,0095 ,Elementary Education ,3950 ,EIEd: Music ,1,0,1,0,1,0,0,0,0,0,0,0,0,0,0,0,0,1,0,10KN3950BS120151 ,KN ,613 ,BS ,0095 ,Elementary Education ,3954 ,ElEd: Psychology ,4,0,4,0,4,0,0,0,0,0,0,0,0,0,0,0,0,4,0,10KN3954BS120151 ,KN ,613 ,BS ,0095 ,Elementary Education ,3995 ,EIEd: Chinese ,2,0,2,0,0,2,0,0,0,0,0,0,0,0,0,0,2,2,0,10KN3995BS120151 ,KN ,613 ,BS ,0095 ,Elementary Education ,3996 ,EIEd: French ,1,0,1,0,0,0,1,0,0,0,0,0,0,1,0,0,0,1,0,10KN3996BS120151 ,KN ,613 ,BS ,0095 ,Elementary Education ,4004 ,EIEd: Spanish ,22,0,22,0,17,0,0,5,0,0,0,0,0,0,0,0,0,22,0,10KN4004BS120151 ,KN ,613 ,BS ,0095 ,Elementary Education ,5193 ,General Sciences ,20,0,20,0,18,1,1,0,0,0,0,0,0,1,0,0,1,20,0,10KN5193BS120151 ,KN ,613 ,BS ,0095 ,Elementary Education ,5194 ,ESL/Bilingual Education ,21,0,21,0,13,3,0,4,0,0,0,1,0,0,0,0,3,21,0,10KN5194BS120151 ,KN ,613 ,BS ,0095 ,Elementary Education ,5251 ,ElEd: Korean ,1,0,1,0,0,1,0,0,0,0,0,0,0,0,0,0,1,1,0,10KN5251BS120151 ,KN ,613 ,CAS ,1144 ,Curriculum and Instruction ,  ,  ,2,0,2,0,2,0,0,0,0,0,0,0,0,0,0,0,0,2,0,10KS1144CAS120151 ,KN ,613 ,EDD ,1144 ,Curriculum and Instruction ,  ,  ,3,1,2,0,1,0,2,0,0,0,0,0,0,2,0,0,0,2,1,10KS1144EDD120151 ,KN ,613 ,EDM ,0095 ,Elementary Education ,  ,  ,7,1,6,0,5,2,0,0,0,0,0,0,0,0,0,0,2,4,3,10KS0095EDM120151 ,KN ,613 ,EDM ,1144 ,Curriculum and Instruction ,  ,  ,34,2,32,0,25,3,2,2,0,0,0,2,0,2,0,0,3,31,3,10KS1144EDM120151 ,KN ,613 ,EDM ,5082 ,Early Childhood Education ,  ,  ,1,0,1,0,0,1,0,0,0,0,0,0,0,0,0,0,1,1,0,10KS5082EDM120151 ,KN ,613 ,EDM ,8527 ,Secondary Education ,  ,  ,1,0,1,0,0,1,0,0,0,0,0,0,0,0,0,0,1,1,0,10KS8527EDM120151 ,KN ,613 ,EDM ,8527 ,Secondary Education ,5224 ,English ,1,1,0,0,1,0,0,0,0,0,0,0,0,0,0,0,0,1,0,10KS8527EDM120151 ,KN ,613 ,EDM ,8527 ,Secondary Education ,5225 ,Social Studies ,2,2,0,0,2,0,0,0,0,0,0,0,0,0,0,0,0,2,0,10KS8527EDM120151 ,KN ,613 ,EDM ,8527 ,Secondary Education ,5226 ,Sciences ,5,3,2,0,3,2,0,0,0,0,0,0,0,0,0,0,2,5,0,10KS8527EDM120151 ,KN ,613 ,MA ,1144 ,Curriculum and Instruction ,  ,  ,7,1,6,0,3,0,0,1,0,0,1,2,0,1,0,0,0,5,2,10KS1144MA120151 ,KN ,613 ,PHD ,0095 ,Elementary Education ,  ,  ,2,0,2,0,0,0,1,0,0,0,0,1,0,1,0,0,0,1,1,10KS0095PHD120151 ,KN ,613 ,PHD ,1144 ,Curriculum and Instruction ,  ,  ,67,19,48,0,27,4,7,7,0,0,1,20,1,8,2,0,4,28,39,10KS1144PHD120151 ,KN ,613 ,PHD ,1144 ,Curriculum and Instruction ,5367 ,Sec Lang Acquis & Teacher Ed ,1,0,1,0,0,0,0,1,0,0,0,0,0,0,0,0,0,1,0,10KS1144PHD120151 ,KN ,616 ,EDM ,0210 ,Educational Psychology ,  ,  ,2,0,2,0,2,0,0,0,0,0,0,0,0,0,0,0,0,2,0,10KS0210EDMU120151 ,KN ,616 ,PHD ,0210 ,Educational Psychology ,  ,  ,51,15,36,0,20,5,4,5,0,0,0,17,0,5,2,0,5,18,33,10KS0210PHD120151 ,KN ,616 ,PHD ,0210 ,Educational Psychology ,5034 ,African American Studies ,1,0,1,0,1,0,0,0,0,0,0,0,0,0,0,0,0,0,1,10KS0210PHD120151 ,KN ,616 ,PHD ,0210 ,Educational Psychology ,5367 ,Sec Lang Acquis & Teacher Ed ,3,0,3,0,0,0,0,0,0,0,0,3,0,0,0,0,0,0,3,10KS0210PHD120151 ,KN ,760 ,EDD ,0209 ,Ed Organization and Leadership ,  ,  ,11,5,6,0,10,0,1,0,0,0,0,0,0,1,0,0,0,11,0,10KS0209EDD120151 ,KN ,760 ,EDD ,0209 ,Ed Organization and Leadership ,5096 ,Higher Education ,4,2,2,0,4,0,0,0,0,0,0,0,0,0,0,0,0,4,0,10KS0209EDD120151 ,KN ,760 ,EDD ,0209 ,Ed Organization and Leadership ,5097 ,Educational Admin & Leadership ,7,4,3,0,6,0,1,0,0,0,0,0,0,1,0,0,0,7,0,10KS0209EDD120151 ,KN ,760 ,EDD ,4096 ,Human Resource Education ,5137 ,Human Resource Development ,1,1,0,0,1,0,0,0,0,0,0,0,0,0,0,0,0,1,0,10KS4096EDD120151 ,KN ,760 ,EDM ,0209 ,Ed Organization and Leadership ,  ,  ,7,2,5,0,6,0,1,0,0,0,0,0,0,1,0,0,0,7,0,10KS0209EDM120151 ,KN ,760 ,EDM ,0209 ,Ed Organization and Leadership ,5096 ,Higher Education ,28,9,19,0,19,3,3,2,0,0,1,0,0,3,1,0,3,21,7,10KS0209EDM120151 ,KN ,760 ,EDM ,0209 ,Ed Organization and Leadership ,5097 ,Educational Admin & Leadership ,17,5,12,0,14,0,0,2,0,1,0,0,0,0,0,1,0,17,0,10KS0209EDM120151 ,KN ,760 ,EDM ,0220 ,Educational Policy Studies ,  ,  ,11,8,3,0,5,1,4,1,0,0,0,0,0,4,0,0,1,6,5,10KS0220EDM120151 ,KN ,760 ,EDM ,0220 ,Educational Policy Studies ,  ,  ,2,1,1,0,2,0,0,0,0,0,0,0,0,0,0,0,0,2,0,1EKS0220EDMU120151 ,KN ,760 ,EDM ,4096 ,Human Resource Education ,  ,  ,4,0,4,0,3,0,1,0,0,0,0,0,0,1,0,0,0,3,1,10KS4096EDM120151 ,KN ,760 ,EDM ,4096 ,Human Resource Education ,5137 ,Human Resource Development ,15,3,12,0,7,0,1,1,0,0,0,6,0,2,0,0,0,9,6,10KS4096EDM120151 ,KN ,760 ,EDM ,4096 ,Human Resource Education ,5137 ,Human Resource Development ,2,0,2,0,1,0,1,0,0,0,0,0,0,1,0,0,0,2,0,10KS4096EDMU120151 ,KN ,760 ,MA ,0220 ,Educational Policy Studies ,  ,  ,1,1,0,0,0,0,1,0,0,0,0,0,0,1,0,0,0,1,0,10KS0220MA120151 ,KN ,760 ,MS ,0209 ,Ed Organization and Leadership ,5096 ,Higher Education ,1,0,1,0,1,0,0,0,0,0,0,0,0,0,0,0,0,1,0,10KS0209MS120151 ,KN ,760 ,PHD ,0209 ,Ed Organization and Leadership ,  ,  ,12,5,7,0,6,1,1,1,0,0,1,2,0,3,0,0,1,9,3,10KS0209PHD120151 ,KN ,760 ,PHD ,0209 ,Ed Organization and Leadership ,5096 ,Higher Education ,13,2,11,0,4,0,3,2,1,0,0,2,1,3,1,0,0,9,4,10KS0209PHD120151 ,KN ,760 ,PHD ,0209 ,Ed Organization and Leadership ,5097 ,Educational Admin & Leadership ,2,1,1,0,1,1,0,0,0,0,0,0,0,0,0,0,1,2,0,10KS0209PHD120151 ,KN ,760 ,PHD ,0220 ,Educational Policy Studies ,  ,  ,140,53,87,0,28,8,59,21,1,0,6,15,2,69,2,0,9,73,67,10KS0220PHD120151 ,KN ,760 ,PHD ,0220 ,Educational Policy Studies ,5034 ,African American Studies ,2,1,1,0,0,0,2,0,0,0,0,0,0,2,0,0,0,2,0,10KS0220PHD120151 ,KN ,760 ,PHD ,4096 ,Human Resource Education ,  ,  ,12,6,6,0,2,0,0,0,0,0,2,8,0,2,0,0,0,4,8,10KS4096PHD120151 ,KN ,760 ,PHD ,4096 ,Human Resource Education ,5137 ,Human Resource Development ,24,9,15,0,3,0,3,1,0,0,0,16,1,3,0,0,0,7,17,10KS4096PHD120151 ,KN ,  ,  ,  ,Education ,  ,***College total*** ,1117,220,897,0,676,83,114,99,2,2,20,116,5,136,10,3,89,877,240,  ,,,,,,,,,,,,,,,,,,,,,,,,,,, ,,,,,,,,,,,,,,,,,,,,,,,,,,,120151 ,KP ,  ,  ,  ,Engineering ,  ,  ,  ,  ,  ,  ,  ,  ,  ,  ,  ,  ,  ,  ,  ,  ,  ,  ,  ,  ,  , 120151 ,KP ,227 ,BS ,5163 ,Agricultural & Biological Engr ,  ,  ,35,26,9,0,20,7,1,4,0,0,1,2,0,1,0,1,8,25,10,10KP5163BS120151 ,KP ,227 ,BS ,5163 ,Agricultural & Biological Engr ,5270 ,Agricultural Engineering ,26,22,4,0,22,0,0,1,0,0,0,3,0,0,0,0,0,22,4,10KP5163BS120151 ,KP ,227 ,BS ,5163 ,Agricultural & Biological Engr ,5271 ,Biological Engineering ,32,25,7,0,14,6,0,1,0,0,2,9,0,0,0,0,8,19,13,10KP5163BS120151 ,KP ,227 ,MENGR ,1211 ,Engineering ,5370 ,Energy Systems ,7,5,2,0,4,0,1,0,0,0,0,2,0,1,0,0,0,5,2,10KS5370MENG120151 ,KP ,227 ,MS ,5163 ,Agricultural & Biological Engr ,  ,  ,30,20,10,0,7,0,0,0,0,0,0,23,0,0,0,0,0,5,25,10KS5163MS120151 ,KP ,227 ,NDEG ,0067 ,Nondegree ,  ,  ,179,134,45,0,25,4,1,2,0,0,1,142,4,1,1,0,4,33,146,10KP0067NDEG120151 ,KP ,227 ,PHD ,5163 ,Agricultural & Biological Engr ,  ,  ,37,24,13,0,8,1,1,2,0,0,1,24,0,1,0,0,2,8,29,10KS5163PHD120151 ,KP ,244 ,BS ,0121 ,Engineering Physics ,  ,  ,223,204,19,0,129,30,2,13,0,0,6,40,3,2,1,0,35,147,76,10KP0121BS120151 ,KP ,244 ,MS ,0240 ,Physics ,  ,  ,3,2,1,0,1,0,0,0,0,0,0,2,0,0,0,0,0,1,2,10KS0240MS120151 ,KP ,244 ,MS ,0241 ,Teaching of Physics ,  ,  ,2,1,1,0,2,0,0,0,0,0,0,0,0,0,0,0,0,2,0,10KS0241MS120151 ,KP ,244 ,PHD ,0240 ,Physics ,  ,  ,254,206,48,0,101,19,1,8,0,0,3,115,7,1,1,1,22,13,241,10KS0240PHD120151 ,KP ,251 ,BS ,0106 ,Civil Engineering ,  ,  ,681,506,175,0,357,88,10,50,0,0,20,155,1,15,3,1,101,438,243,10KP0106BS120151 ,KP ,251 ,MS ,0106 ,Civil Engineering ,  ,  ,357,262,95,0,86,32,3,16,0,0,2,218,0,3,1,0,34,81,276,10KS0106MS120151 ,KP ,251 ,MS ,0106 ,Civil Engineering ,  ,  ,2,2,0,0,2,0,0,0,0,0,0,0,0,0,0,0,0,0,2,10KS0106MSU120151 ,KP ,251 ,MS ,0231 ,Environ Engr in Civil Engr ,  ,  ,59,22,37,0,21,6,1,4,0,0,0,27,0,2,0,0,7,14,45,10KS0231MS120151 ,KP ,251 ,PHD ,0106 ,Civil Engineering ,  ,  ,179,141,38,0,33,9,1,7,0,0,1,127,1,2,0,0,11,19,160,10KS0106PHD120151 ,KP ,251 ,PHD ,0231 ,Environ Engr in Civil Engr ,  ,  ,46,25,21,0,17,1,0,3,0,0,1,24,0,1,0,0,2,10,36,10KS0231PHD120151 ,KP ,251 ,PHD ,0232 ,Environ Science in Civil Engr ,  ,  ,1,0,1,0,0,0,0,0,0,0,0,1,0,0,0,0,0,0,1,10KS0232PHD120151 ,KP ,343 ,BS ,0408 ,Bioengineering ,  ,  ,235,129,106,0,129,80,2,10,0,0,8,4,2,4,1,3,88,206,29,10KP0408BS120151 ,KP ,343 ,MS ,0408 ,Bioengineering ,  ,  ,4,3,1,0,2,0,0,0,0,0,0,1,1,0,0,0,0,3,1,10KS0408MS120151 ,KP ,343 ,PHD ,0408 ,Bioengineering ,  ,  ,63,34,29,0,21,11,1,5,1,0,0,24,0,2,2,0,11,15,48,10KS0408PHD120151 ,KP ,422 ,BS ,0124 ,General Engineering ,  ,  ,235,180,55,0,146,40,2,15,0,1,3,27,1,2,0,1,43,180,55,10KP0124BS120151 ,KP ,422 ,BS ,0127 ,Industrial Engineering ,  ,  ,274,213,61,0,111,47,6,5,0,0,7,92,6,6,0,2,53,152,122,10KP0127BS120151 ,KP ,422 ,MS ,0127 ,Industrial Engineering ,  ,  ,22,14,8,0,1,1,0,0,0,0,0,20,0,0,0,0,1,1,21,10KS0127MS120151 ,KP ,422 ,MS ,3846 ,Systems & Entrepreneurial Engr ,  ,  ,7,7,0,0,4,0,0,0,0,0,0,3,0,0,0,0,0,4,3,10KS3846MS120151 ,KP ,422 ,PHD ,0127 ,Industrial Engineering ,  ,  ,29,25,4,0,1,1,0,0,0,0,0,27,0,0,0,0,1,0,29,10KS0127PHD120151 ,KP ,422 ,PHD ,3846 ,Systems & Entrepreneurial Engr ,  ,  ,17,13,4,0,8,0,1,0,0,0,0,8,0,1,0,0,0,6,11,10KS3846PHD120151 ,KP ,434 ,BS ,0112 ,Computer Science ,  ,  ,1038,860,178,0,344,325,9,26,1,0,16,309,8,12,3,5,341,440,598,10KP0112BS120151 ,KP ,434 ,BS ,0112 ,Computer Science ,1854 ,CS:BS/MS Program ,14,13,1,0,4,1,0,0,0,0,0,9,0,0,0,0,1,4,10,10KP1854BS120151 ,KP ,434 ,BS ,0112 ,Computer Science ,5458 ,BS/MCS Computer Science ,17,17,0,0,6,4,0,1,0,0,0,6,0,0,0,0,4,4,13,10KP5458BS120151 ,KP ,434 ,MCS ,0112 ,Computer Science ,  ,  ,78,55,23,0,1,1,0,0,0,0,0,76,0,0,0,0,1,2,76,10KS0112MCS120151 ,KP ,434 ,MCS ,0112 ,Computer Science ,5458 ,BS/MCS Computer Science ,3,3,0,0,0,3,0,0,0,0,0,0,0,0,0,0,3,1,2,10KS5458MCS120151 ,KP ,434 ,MS ,0112 ,Computer Science ,  ,  ,74,58,16,0,13,6,1,1,1,0,0,52,0,1,1,0,6,11,63,10KS0112MS120151 ,KP ,434 ,MS ,0112 ,Computer Science ,1854 ,CS:BS/MS Program ,9,7,2,0,0,2,0,1,0,0,0,6,0,0,0,0,2,2,7,10KS1854MS120151 ,KP ,434 ,MS ,4026 ,Bioinformatics ,4028 ,Computer Science ,3,2,1,0,1,0,0,0,0,0,0,2,0,0,0,0,0,0,3,10KS4028MS120151 ,KP ,434 ,PHD ,0112 ,Computer Science ,  ,  ,287,221,66,0,64,18,3,3,0,0,4,195,0,4,3,0,20,19,268,10KS0112PHD120151 ,KP ,545 ,MS ,5244 ,Financial Engineering ,  ,  ,65,49,16,0,2,4,0,0,0,0,0,59,0,0,0,0,4,3,62,10KS5244MS120151 ,KP ,545 ,NONE ,5333 ,Engineering Undeclared ,  ,  ,117,73,44,0,66,27,3,8,0,0,3,9,1,4,0,0,30,83,34,10KP5333NONE120151 ,KP ,615 ,BS ,4048 ,Aerospace Engineering ,  ,  ,456,416,40,0,250,94,5,44,0,0,18,42,3,7,7,1,107,325,131,10KP4048BS120151 ,KP ,615 ,MS ,4048 ,Aerospace Engineering ,  ,  ,70,57,13,0,19,7,0,1,0,0,0,43,0,0,0,0,7,13,57,10KS4048MS120151 ,KP ,615 ,PHD ,4048 ,Aerospace Engineering ,  ,  ,55,51,4,0,20,2,0,1,0,0,0,32,0,0,0,0,2,12,43,10KS4048PHD120151 ,KP ,917 ,BS ,0118 ,Engineering Mechanics ,  ,  ,100,91,9,0,45,14,0,10,0,1,0,30,0,0,0,1,14,59,41,10KP0118BS120151 ,KP ,917 ,BS ,0133 ,Mechanical Engineering ,  ,  ,848,719,129,0,465,130,10,50,3,2,27,156,5,16,6,5,154,554,294,10KP0133BS120151 ,KP ,917 ,MS ,0133 ,Mechanical Engineering ,  ,  ,175,155,20,0,42,13,1,7,0,0,5,107,0,3,1,0,18,36,139,10KS0133MS120151 ,KP ,917 ,MS ,0133 ,Mechanical Engineering ,4018 ,BS/MS Mechanical Engineering ,1,1,0,0,1,0,0,0,0,0,0,0,0,0,0,0,0,1,0,10KS4018MS120151 ,KP ,917 ,MS ,0242 ,Theoretical & Applied Mechans ,  ,  ,16,13,3,0,9,0,0,0,0,0,0,6,1,0,0,0,1,4,12,10KS0242MS120151 ,KP ,917 ,PHD ,0133 ,Mechanical Engineering ,  ,  ,152,133,19,0,24,3,0,3,0,0,1,120,1,0,0,0,4,11,141,10KS0133PHD120151 ,KP ,917 ,PHD ,0242 ,Theoretical & Applied Mechans ,  ,  ,37,28,9,0,13,2,0,1,0,0,1,20,0,0,0,0,3,7,30,10KS0242PHD120151 ,KP ,919 ,BS ,0130 ,Materials Science & Engr ,  ,  ,250,183,67,0,94,56,0,13,0,0,9,76,2,3,1,0,63,141,109,10KP0130BS120151 ,KP ,919 ,BS ,0130 ,Materials Science & Engr ,3908 ,Ceramics ,8,6,2,0,5,1,0,0,0,0,1,1,0,0,0,0,2,4,4,10KP3908BS120151 ,KP ,919 ,BS ,0130 ,Materials Science & Engr ,3909 ,Electronic Materials ,36,26,10,0,10,10,0,1,0,0,2,13,0,0,0,0,12,18,18,10KP3909BS120151 ,KP ,919 ,BS ,0130 ,Materials Science & Engr ,3910 ,Metals ,27,24,3,0,15,5,1,0,0,0,0,6,0,1,0,0,5,17,10,10KP3910BS120151 ,KP ,919 ,BS ,0130 ,Materials Science & Engr ,3911 ,Biomaterials ,19,11,8,0,5,2,1,1,0,0,5,5,0,1,0,2,7,13,6,10KP3911BS120151 ,KP ,919 ,BS ,0130 ,Materials Science & Engr ,3912 ,Polymer ,42,20,22,0,24,8,0,0,0,0,2,8,0,0,0,0,10,28,14,10KP3912BS120151 ,KP ,919 ,MS ,0130 ,Materials Science & Engr ,  ,  ,25,14,11,0,8,1,1,0,0,0,1,14,0,1,0,0,2,4,21,10KS0130MS120151 ,KP ,919 ,MS ,0130 ,Materials Science & Engr ,  ,  ,1,1,0,0,0,1,0,0,0,0,0,0,0,0,0,0,1,1,0,10KS5012MS120151 ,KP ,919 ,MS ,0130 ,Materials Science & Engr ,5012 ,BS/MS Materials Science & Eng ,2,2,0,0,1,1,0,0,0,0,0,0,0,0,0,0,1,2,0,10KS5012MS120151 ,KP ,919 ,PHD ,0130 ,Materials Science & Engr ,  ,  ,141,104,37,0,42,3,1,3,0,0,2,90,0,1,0,0,5,9,132,10KS0130PHD120151 ,KP ,933 ,BS ,0109 ,Computer Engineering ,  ,  ,905,816,89,0,312,239,12,46,0,2,29,258,7,16,4,2,268,449,456,10KP0109BS120151 ,KP ,933 ,BS ,0115 ,Electrical Engineering ,  ,  ,1015,886,128,1,309,252,21,39,1,1,20,361,11,24,5,2,273,451,564,10KP0115BS120151 ,KP ,933 ,MS ,1200 ,Electrical & Computer Engr ,  ,  ,238,205,33,0,50,34,3,5,0,1,2,140,3,3,0,1,36,44,194,10KS1200MS120151 ,KP ,933 ,PHD ,1200 ,Electrical & Computer Engr ,  ,  ,266,231,35,0,61,16,4,4,0,0,2,178,1,4,1,1,17,38,228,10KS1200PHD120151 ,KP ,973 ,BS ,5183 ,"Nuclear, Plasma, Radiolgc Engr ",  ,  ,49,40,9,0,32,4,2,5,0,0,1,5,0,2,0,0,5,34,15,10KP5183BS120151 ,KP ,973 ,BS ,5183 ,"Nuclear, Plasma, Radiolgc Engr ",3913 ,"Power, Safety, and the Environ ",59,49,10,0,35,9,2,6,0,0,5,2,0,3,0,1,15,49,10,10KP5183BS120151 ,KP ,973 ,BS ,5183 ,"Nuclear, Plasma, Radiolgc Engr ",3914 ,Plasma and Fusion Sci and Engr ,20,19,1,0,14,2,0,3,0,0,0,1,0,0,0,0,2,15,5,10KP5183BS120151 ,KP ,973 ,BS ,5183 ,"Nuclear, Plasma, Radiolgc Engr ",3915 ,"Radiol, Medical, & Instr Apps ",10,7,3,0,5,4,0,0,0,0,1,0,0,0,0,0,5,10,0,10KP5183BS120151 ,KP ,973 ,MS ,5183 ,"Nuclear, Plasma, Radiolgc Engr ",  ,  ,17,17,0,0,14,1,0,0,0,0,0,2,0,0,0,0,1,12,5,10KS5183MS120151 ,KP ,973 ,PHD ,0139 ,Nuclear Engineering ,  ,  ,4,3,1,0,3,0,0,0,0,0,0,1,0,0,0,0,0,2,2,10KS0139PHD120151 ,KP ,973 ,PHD ,5183 ,"Nuclear, Plasma, Radiolgc Engr ",  ,  ,48,45,3,0,16,2,1,0,0,0,0,29,0,1,0,0,2,11,37,10KS5183PHD120151 ,KP ,  ,  ,  ,Engineering ,  ,***College total*** ,9836,7976,1859,1,3716,1690,115,429,7,8,213,3589,69,152,42,30,1885,4352,5484,  ,,,,,,,,,,,,,,,,,,,,,,,,,,, ,,,,,,,,,,,,,,,,,,,,,,,,,,,120151 ,KR ,  ,  ,  ,Fine & Applied Arts ,  ,  ,  ,  ,  ,  ,  ,  ,  ,  ,  ,  ,  ,  ,  ,  ,  ,  ,  ,  ,  , 120151 ,KR ,447 ,NDEG ,0067 ,Nondegree ,  ,  ,18,7,11,0,2,0,1,0,0,0,0,14,1,1,0,0,1,3,15,10KR0067NDEG120151 ,KR ,495 ,AD ,0265 ,Music ,  ,  ,5,2,3,0,0,0,0,0,0,0,0,5,0,0,0,0,0,0,5,10KS0265AD120151 ,KR ,495 ,AMUSD ,0265 ,Music ,  ,  ,8,5,3,0,5,0,0,0,0,0,0,3,0,0,0,0,0,3,5,10KS0265AMUS120151 ,KR ,495 ,AMUSD ,0265 ,Music ,3930 ,Choral Music ,11,6,5,0,6,1,0,0,0,0,0,4,0,0,0,0,1,2,9,10KS0265AMUS120151 ,KR ,495 ,AMUSD ,0265 ,Music ,5110 ,Performance and Literature ,137,43,94,0,36,4,2,8,0,0,0,85,2,3,0,0,4,23,114,10KS0265AMUS120151 ,KR ,495 ,AMUSD ,0265 ,Music ,5111 ,Music Composition ,15,12,3,0,5,1,0,0,0,0,0,9,0,0,0,0,1,0,15,10KS0265AMUS120151 ,KR ,495 ,AMUSD ,0265 ,Music ,5117 ,Vocal Coaching & Accompanying ,3,2,1,0,2,1,0,0,0,0,0,0,0,0,0,0,1,1,2,10KS0265AMUS120151 ,KR ,495 ,AMUSD ,0265 ,Music ,5118 ,Jazz Performance ,26,23,3,0,17,1,1,1,0,0,0,6,0,1,0,0,1,9,17,10KS0265AMUS120151 ,KR ,495 ,AMUSD ,0265 ,Music ,5315 ,Instrmntl Conducting Orchestra ,3,3,0,0,2,0,0,0,0,0,0,1,0,0,0,0,0,0,3,10KS0265AMUS120151 ,KR ,495 ,BA ,0265 ,Music ,  ,  ,23,15,8,0,15,4,1,1,0,0,0,2,0,2,0,0,4,19,4,10KR0265BA120151 ,KR ,495 ,BME ,0168 ,Music Education ,3930 ,Choral Music ,41,10,31,0,32,3,0,2,0,0,3,1,0,1,2,0,4,40,1,10KR3930BME120151 ,KR ,495 ,BME ,0168 ,Music Education ,3931 ,Instrumental Music ,96,44,52,0,79,3,2,9,0,0,2,1,0,2,0,0,6,86,10,10KR3931BME120151 ,KR ,495 ,BME ,0168 ,Music Education ,3932 ,Elementary General Music ,9,2,7,0,8,0,0,1,0,0,0,0,0,0,0,0,0,9,0,10KR3932BME120151 ,KR ,495 ,BMUS ,0157 ,Voice ,  ,  ,21,4,17,0,15,2,1,2,0,0,1,0,0,1,0,0,3,16,5,10KR0157BMUS120151 ,KR ,495 ,BMUS ,0158 ,Instrumental Music ,  ,  ,68,32,36,0,44,5,2,5,1,0,3,8,0,4,2,0,8,51,17,10KR0158BMUS120151 ,KR ,495 ,BMUS ,0159 ,Music Composition ,  ,  ,7,6,1,0,4,0,0,1,0,0,1,1,0,0,0,0,1,4,3,10KR0159BMUS120151 ,KR ,495 ,BMUS ,0160 ,Music History ,  ,  ,1,0,1,0,1,0,0,0,0,0,0,0,0,0,0,0,0,1,0,10KR0160BMUS120151 ,KR ,495 ,BMUS ,0161 ,Open Studies ,  ,  ,3,0,3,0,2,1,0,0,0,0,0,0,0,0,0,0,1,3,0,10KR0161BMUS120151 ,KR ,495 ,BMUS ,1481 ,Musicology ,  ,  ,2,0,2,0,0,0,0,1,0,0,1,0,0,0,0,0,1,2,0,10KR1481BMUS120151 ,KR ,495 ,BMUS ,5045 ,Jazz Performance ,  ,  ,25,23,2,0,17,0,4,0,0,0,1,1,2,4,0,1,1,21,4,10KR5045BMUS120151 ,KR ,495 ,EDD ,0168 ,Music Education ,  ,  ,2,1,1,0,1,0,1,0,0,0,0,0,0,1,0,0,0,0,2,10KS0168EDD120151 ,KR ,495 ,MME ,0168 ,Music Education ,  ,  ,5,1,4,0,4,0,1,0,0,0,0,0,0,1,0,0,0,4,1,10KS0168MME120151 ,KR ,495 ,MMUS ,0265 ,Music ,  ,  ,2,2,0,0,1,0,0,1,0,0,0,0,0,0,0,0,1,0,2,10KS0265MMUS120151 ,KR ,495 ,MMUS ,0265 ,Music ,3930 ,Choral Music ,1,1,0,0,1,0,0,0,0,0,0,0,0,0,0,0,0,1,0,10KS0265MMUS120151 ,KR ,495 ,MMUS ,0265 ,Music ,5110 ,Performance and Literature ,52,23,29,0,34,2,2,4,1,0,0,7,2,3,2,0,2,9,43,10KS0265MMUS120151 ,KR ,495 ,MMUS ,0265 ,Music ,5111 ,Music Composition ,8,7,1,0,3,1,0,0,0,0,0,4,0,0,0,0,1,1,7,10KS0265MMUS120151 ,KR ,495 ,MMUS ,0265 ,Music ,5113 ,Musicology ,7,6,1,0,7,0,0,0,0,0,0,0,0,0,0,0,0,3,4,10KS0265MMUS120151 ,KR ,495 ,MMUS ,0265 ,Music ,5114 ,Piano Pedagogy ,7,1,6,0,3,0,0,0,0,0,0,4,0,0,0,0,0,2,5,10KS0265MMUS120151 ,KR ,495 ,MMUS ,0265 ,Music ,5115 ,Instrumental Conducting (Band) ,3,3,0,0,2,0,0,0,0,0,0,1,0,0,0,0,0,1,2,10KS0265MMUS120151 ,KR ,495 ,MMUS ,0265 ,Music ,5116 ,Instrumental Conducting (Orch) ,2,2,0,0,1,0,0,0,0,0,0,1,0,0,0,0,0,0,2,10KS0265MMUS120151 ,KR ,495 ,MMUS ,0265 ,Music ,5117 ,Vocal Coaching & Accompanying ,2,1,1,0,1,0,1,0,0,0,0,0,0,1,0,0,0,0,2,10KS0265MMUS120151 ,KR ,495 ,MMUS ,0265 ,Music ,5118 ,Jazz Performance ,12,9,3,0,8,1,1,0,0,0,1,1,0,1,0,0,2,6,6,10KS0265MMUS120151 ,KR ,495 ,PHD ,0168 ,Music Education ,  ,  ,7,6,1,0,6,1,0,0,0,0,0,0,0,0,0,0,1,5,2,10KS0168PHD120151 ,KR ,495 ,PHD ,1481 ,Musicology ,  ,  ,16,9,7,0,14,0,1,0,0,0,0,1,0,1,0,0,0,3,13,10KS1481PHD120151 ,KR ,526 ,BFA ,0148 ,Graphic Design ,  ,  ,77,18,59,0,53,10,1,3,0,1,2,6,1,1,0,1,12,69,8,10KR0148BFA120151 ,KR ,526 ,BFA ,0149 ,Crafts ,3933 ,Ceramics ,2,1,1,0,1,0,0,0,0,0,0,1,0,0,0,0,0,1,1,10KR3933BFA120151 ,KR ,526 ,BFA ,0149 ,Crafts ,3935 ,Metals ,14,0,14,0,1,3,0,1,0,0,1,8,0,0,2,0,3,4,10,10KR3935BFA120151 ,KR ,526 ,BFA ,0150 ,History of Art ,  ,  ,5,0,5,0,4,0,1,0,0,0,0,0,0,1,0,0,0,4,1,10KR0150BFA120151 ,KR ,526 ,BFA ,0151 ,Photography ,  ,  ,15,2,13,0,8,1,2,3,0,0,0,1,0,2,0,0,2,14,1,10KR0151BFA120151 ,KR ,526 ,BFA ,0152 ,Industrial Design ,  ,  ,111,54,57,0,44,24,5,6,0,0,5,27,0,7,1,0,29,66,45,10KR0152BFA120151 ,KR ,526 ,BFA ,0153 ,Painting ,  ,  ,18,4,14,0,11,2,2,0,0,0,0,2,1,2,0,0,2,16,2,10KR0153BFA120151 ,KR ,526 ,BFA ,0154 ,Sculpture ,  ,  ,4,2,2,0,2,1,0,1,0,0,0,0,0,0,0,0,1,4,0,10KR0154BFA120151 ,KR ,526 ,BFA ,0169 ,Art Education ,  ,  ,28,4,24,0,20,2,0,6,0,0,0,0,0,0,0,0,3,28,0,10KR0169BFA120151 ,KR ,526 ,BFA ,5128 ,New Media ,  ,  ,17,11,6,0,4,5,1,1,0,0,2,3,1,3,2,0,5,13,4,10KR5128BFA120151 ,KR ,526 ,EDM ,0169 ,Art Education ,  ,  ,2,1,1,0,2,0,0,0,0,0,0,0,0,0,0,0,0,2,0,10KS0169EDM120151 ,KR ,526 ,MA ,0169 ,Art Education ,  ,  ,3,1,2,0,2,1,0,0,0,0,0,0,0,0,0,0,1,1,2,10KS0169MA120151 ,KR ,526 ,MA ,0250 ,Art History ,  ,  ,2,0,2,0,2,0,0,0,0,0,0,0,0,0,0,0,0,2,0,10KS0250MA120151 ,KR ,526 ,MFA ,0252 ,Art and Design ,  ,  ,3,1,2,0,3,0,0,0,0,0,0,0,0,0,0,0,0,2,1,10KS0252MFA120151 ,KR ,526 ,MFA ,0252 ,Art and Design ,0254 ,Graphic Design ,2,1,1,0,1,0,0,0,0,0,0,1,0,0,0,0,0,1,1,10KS0254MFA120151 ,KR ,526 ,MFA ,0252 ,Art and Design ,0255 ,Industrial Design ,7,1,6,0,1,0,0,0,0,0,0,6,0,0,0,0,0,1,6,10KS0255MFA120151 ,KR ,526 ,MFA ,0252 ,Art and Design ,0256 ,Metals ,6,1,5,0,4,0,0,0,0,0,0,1,1,0,0,0,0,2,4,10KS0256MFA120151 ,KR ,526 ,MFA ,0252 ,Art and Design ,0257 ,Painting ,9,4,5,0,7,0,0,2,0,0,0,0,0,0,1,0,0,2,7,10KS0257MFA120151 ,KR ,526 ,MFA ,0252 ,Art and Design ,0258 ,Photography ,2,1,1,0,2,0,0,0,0,0,0,0,0,0,0,0,0,1,1,10KS0258MFA120151 ,KR ,526 ,MFA ,0252 ,Art and Design ,0260 ,Sculpture ,6,1,5,0,5,0,0,1,0,0,0,0,0,0,0,0,0,2,4,10KS0260MFA120151 ,KR ,526 ,NONE ,4090 ,Art Foundation ,  ,  ,111,29,82,0,45,21,5,14,0,0,4,21,1,5,2,0,25,83,28,10KR4090NONE120151 ,KR ,526 ,PHD ,0169 ,Art Education ,  ,  ,13,5,8,0,7,0,0,0,0,0,0,6,0,0,0,0,0,4,9,10KS0169PHD120151 ,KR ,526 ,PHD ,0250 ,Art History ,  ,  ,19,0,19,0,12,0,0,2,0,0,0,5,0,1,0,0,0,3,16,10KS0250PHD120151 ,KR ,569 ,BLA ,0156 ,Landscape Architecture ,  ,  ,65,30,35,0,27,6,1,6,0,0,0,25,0,1,0,0,6,39,26,10KR0156BLA120151 ,KR ,569 ,MLA ,0156 ,Landscape Architecture ,  ,  ,38,9,29,0,9,0,0,0,0,0,0,29,0,0,0,0,0,9,29,10KS0156MLA120151 ,KR ,569 ,PHD ,0156 ,Landscape Architecture ,  ,  ,13,4,9,0,5,0,0,0,0,0,0,7,1,0,0,0,0,3,10,10KS0156PHD120151 ,KR ,733 ,BA ,0155 ,Urban Planning ,  ,  ,84,41,43,0,36,7,8,8,0,0,2,22,1,11,0,0,8,53,31,10KR0155BA120151 ,KR ,733 ,MUP ,0155 ,Urban Planning ,  ,  ,51,21,30,0,24,2,2,3,0,0,0,18,2,2,0,0,2,13,38,10KS0155MUP120151 ,KR ,733 ,PHD ,0274 ,Regional Planning ,  ,  ,20,14,6,0,5,1,1,1,0,0,2,10,0,3,0,0,1,6,14,10KS0274PHD120151 ,KR ,767 ,BS ,0146 ,Architectural Studies ,  ,  ,402,220,182,0,180,48,14,45,0,1,8,104,2,18,3,3,53,276,126,10KR0146BS120151 ,KR ,767 ,MARCH ,0249 ,Architecture ,0247 ,Architecture - 2 Yr ,107,66,41,0,63,6,0,9,0,0,0,29,0,0,4,0,6,71,36,10KS0247MARC120151 ,KR ,767 ,MARCH ,0249 ,Architecture ,0248 ,Architecture Track 3 ,29,18,11,0,12,4,1,0,0,0,0,10,2,1,0,0,4,14,15,10KS0248MARC120151 ,KR ,767 ,MS ,4091 ,Architectural Studies ,  ,  ,5,3,2,0,2,0,0,0,0,0,0,3,0,0,0,0,0,1,4,10KS4091MS120151 ,KR ,767 ,PHD ,0249 ,Architecture ,  ,  ,11,7,4,0,4,1,0,1,0,0,0,5,0,0,0,0,1,2,9,10KS0249PHD120151 ,KR ,801 ,BFA ,0261 ,Dance ,  ,  ,55,10,45,0,35,4,10,3,0,0,3,0,0,12,0,1,5,39,16,10KR0261BFA120151 ,KR ,801 ,MFA ,0261 ,Dance ,  ,  ,13,2,11,0,8,0,3,0,0,0,0,2,0,3,0,0,0,2,11,10KS0261MFA120151 ,KR ,883 ,BFA ,0162 ,Theatre ,3980 ,Stage Management ,4,1,3,0,3,0,0,1,0,0,0,0,0,0,0,0,0,3,1,10KR3980BFA120151 ,KR ,883 ,BFA ,0162 ,Theatre ,3985 ,Theatre Studies ,18,5,13,0,15,0,0,2,0,0,1,0,0,0,0,0,1,18,0,10KR3985BFA120151 ,KR ,883 ,BFA ,0162 ,Theatre ,4081 ,Acting ,38,19,19,0,28,0,5,4,0,0,0,0,1,6,0,0,0,35,3,10KR4081BFA120151 ,KR ,883 ,BFA ,0162 ,Theatre ,4082 ,Costume Design and Technology ,1,0,1,0,1,0,0,0,0,0,0,0,0,0,0,0,0,0,1,10KR4082BFA120151 ,KR ,883 ,BFA ,0162 ,Theatre ,4084 ,Lighting Design ,2,2,0,0,2,0,0,0,0,0,0,0,0,0,0,0,0,2,0,10KR4084BFA120151 ,KR ,883 ,BFA ,0162 ,Theatre ,4085 ,Sound Design and Technology ,3,3,0,0,1,0,2,0,0,0,0,0,0,2,0,0,0,3,0,10KR4085BFA120151 ,KR ,883 ,BFA ,0162 ,Theatre ,4086 ,Scenic Design ,3,1,2,0,3,0,0,0,0,0,0,0,0,0,0,0,0,3,0,10KR4086BFA120151 ,KR ,883 ,MA ,0162 ,Theatre ,  ,  ,4,2,2,0,3,0,0,0,0,0,0,1,0,0,0,0,0,1,3,10KS0162MA120151 ,KR ,883 ,MFA ,0162 ,Theatre ,0271 ,Design and Technology ,45,20,25,0,36,1,0,5,0,0,0,3,0,0,1,0,1,8,37,10KS0271MFA120151 ,KR ,883 ,MFA ,0162 ,Theatre ,0272 ,Acting ,8,6,2,0,6,0,0,2,0,0,0,0,0,1,0,0,0,2,6,10KS0272MFA120151 ,KR ,883 ,NONE ,0162 ,Theatre ,4080 ,Theatre Foundations ,27,15,12,0,21,0,4,2,0,0,0,0,0,4,0,0,0,23,4,10KR4080NONE120151 ,KR ,883 ,PHD ,0162 ,Theatre ,  ,  ,12,5,7,0,7,1,0,0,1,0,0,3,0,0,1,0,1,3,9,10KS0162PHD120151 ,KR ,  ,  ,  ,Fine & Applied Arts ,  ,***College total*** ,2182,977,1205,0,1155,182,89,168,3,2,43,519,21,113,23,6,217,1282,900,  ,,,,,,,,,,,,,,,,,,,,,,,,,,, ,,,,,,,,,,,,,,,,,,,,,,,,,,,120151 ,KS ,  ,  ,  ,Graduate College ,  ,  ,  ,  ,  ,  ,  ,  ,  ,  ,  ,  ,  ,  ,  ,  ,  ,  ,  ,  ,  , 120151 ,KS ,486 ,NDEG ,0067 ,Nondegree ,  ,  ,40,21,19,0,29,2,3,1,0,1,0,4,0,3,0,1,2,32,8,10KS0067NDEG120151 ,KS ,913 ,PHD ,5094 ,Informatics ,  ,  ,29,23,6,0,10,2,0,0,0,0,2,15,0,1,0,0,3,11,18,10KS5094PHD120151 ,KS ,  ,  ,  ,Graduate College ,  ,***College total*** ,69,44,25,0,39,4,3,1,0,1,2,19,0,4,0,1,5,43,26,  ,,,,,,,,,,,,,,,,,,,,,,,,,,, ,,,,,,,,,,,,,,,,,,,,,,,,,,,120151 ,KT ,  ,  ,  ,Media ,  ,  ,  ,  ,  ,  ,  ,  ,  ,  ,  ,  ,  ,  ,  ,  ,  ,  ,  ,  ,  , 120151 ,KT ,238 ,PHD ,0279 ,Communications ,  ,  ,9,2,7,0,0,1,2,1,0,0,0,4,1,2,0,0,1,1,8,10KS0279PHD120151 ,KT ,238 ,PHD ,5202 ,Communications and Media ,  ,  ,33,12,21,0,7,1,2,2,0,0,2,19,0,3,2,0,3,4,29,10KS5202PHD120151 ,KT ,408 ,BS ,0277 ,Advertising ,  ,  ,617,191,426,0,421,52,27,46,0,0,18,48,5,34,5,1,64,538,79,10KT0277BS120151 ,KT ,408 ,MS ,0277 ,Advertising ,  ,  ,18,2,16,0,0,3,0,0,0,0,0,15,0,0,0,0,3,1,17,10KS0277MS120151 ,KT ,436 ,BS ,5201 ,Media and Cinema Studies ,  ,  ,5,2,3,0,1,1,0,1,0,0,1,1,0,0,0,0,2,2,3,10KT5201BS120151 ,KT ,436 ,BS ,5201 ,Media and Cinema Studies ,3869 ,Cinema Studies ,41,23,18,0,24,5,1,3,0,0,2,6,0,2,1,0,6,33,8,10KT5201BS120151 ,KT ,436 ,BS ,5201 ,Media and Cinema Studies ,5205 ,Media Studies ,50,19,31,0,22,7,2,4,0,0,2,13,0,2,0,0,9,31,19,10KT5201BS120151 ,KT ,642 ,BS ,0278 ,Journalism ,  ,  ,77,23,54,0,36,9,12,10,0,0,2,8,0,13,1,0,10,61,16,10KT0278BS120151 ,KT ,642 ,BSJ ,0380 ,News-Editorial ,  ,  ,107,32,75,0,70,12,6,10,0,0,4,5,0,7,3,1,16,96,11,10KT0380BSJ120151 ,KT ,642 ,BSJ ,0381 ,Broadcast Journalism ,  ,  ,130,41,89,0,75,6,23,15,0,1,6,3,1,27,1,2,10,113,17,10KT0381BSJ120151 ,KT ,642 ,MS ,0278 ,Journalism ,  ,  ,9,4,5,0,5,0,1,0,0,0,0,3,0,1,0,0,0,5,4,10KS0278MS120151 ,KT ,642 ,MS ,0278 ,Journalism ,5473 ,BS/MS Journalism ,1,1,0,0,1,0,0,0,0,0,0,0,0,0,0,0,0,1,0,10KS5473MS120151 ,KT ,642 ,NDEG ,0278 ,Journalism ,  ,  ,1,0,1,0,0,0,0,0,0,0,0,1,0,0,0,0,0,0,1,10KS0278NDEG120151 ,KT ,646 ,BS ,5284 ,Agricultural Communications ,  ,  ,3,0,3,0,3,0,0,0,0,0,0,0,0,0,0,0,0,3,0,10KT5284BS120151 ,KT ,646 ,BS ,5284 ,Agricultural Communications ,5287 ,Advertising ,27,8,19,0,22,1,2,1,0,0,0,1,0,2,0,0,1,26,1,10KT5284BS120151 ,KT ,646 ,BS ,5284 ,Agricultural Communications ,5288 ,Broadcast Journalism ,6,1,5,0,5,0,0,1,0,0,0,0,0,0,0,0,0,6,0,10KT5284BS120151 ,KT ,646 ,BS ,5284 ,Agricultural Communications ,5289 ,News-Editorial Journalism ,6,0,6,0,6,0,0,0,0,0,0,0,0,0,0,0,0,5,1,10KT5284BS120151 ,KT ,934 ,NDEG ,0067 ,Nondegree ,  ,  ,13,6,7,0,5,0,0,1,0,0,0,7,0,0,0,0,0,6,7,10KT0067NDEG120151 ,KT ,  ,  ,  ,Media ,  ,***College total*** ,1153,367,786,0,703,98,78,95,0,1,37,134,7,93,13,4,125,932,221,  ,,,,,,,,,,,,,,,,,,,,,,,,,,, ,,,,,,,,,,,,,,,,,,,,,,,,,,,120151 ,KU ,  ,  ,  ,Law ,  ,  ,  ,  ,  ,  ,  ,  ,  ,  ,  ,  ,  ,  ,  ,  ,  ,  ,  ,  ,  , 120151 ,KU ,853 ,JD ,0385 ,Law ,  ,  ,494,288,206,0,263,53,40,46,0,1,12,49,30,49,5,3,61,280,214,10KU0385JD120151 ,KU ,853 ,JSD ,0281 ,Law ,  ,  ,10,3,7,0,0,0,0,1,0,0,0,9,0,0,0,0,0,0,10,10KS0281JSD120151 ,KU ,853 ,LLM ,0281 ,Law ,  ,  ,55,20,35,0,0,0,0,0,0,0,0,55,0,0,0,0,0,0,55,10KS0281LLM120151 ,KU ,853 ,MSL ,5223 ,Law ,  ,  ,2,0,2,0,1,1,0,0,0,0,0,0,0,0,0,0,1,2,0,10KS5223MSL120151 ,KU ,853 ,NDEG ,0385 ,Law ,  ,  ,15,8,7,0,0,0,0,0,0,0,0,15,0,0,0,0,0,0,15,10KU0385NDEG120151 ,KU ,  ,  ,  ,Law ,  ,***College total*** ,576,319,257,0,264,54,40,47,0,1,12,128,30,49,5,3,62,282,294,  ,,,,,,,,,,,,,,,,,,,,,,,,,,, ,,,,,,,,,,,,,,,,,,,,,,,,,,,120151 ,KV ,  ,  ,  ,Liberal Arts & Sci ,  ,  ,  ,  ,  ,  ,  ,  ,  ,  ,  ,  ,  ,  ,  ,  ,  ,  ,  ,  ,  , 120151 ,KV ,241 ,BALAS ,0340 ,Anthropology ,  ,  ,84,28,56,0,42,9,5,21,0,0,2,5,0,6,2,0,10,74,10,10KV0340BALA120151 ,KV ,241 ,BALAS ,0340 ,Anthropology ,  ,  ,9,1,8,0,6,2,0,0,0,0,1,0,0,0,0,0,3,8,1,10KV8037BALA120151 ,KV ,241 ,BALAS ,0340 ,Anthropology ,5043 ,Socioculturl & Linguistic Anth ,10,2,8,0,4,1,2,3,0,0,0,0,0,2,0,0,1,9,1,10KV5043BALA120151 ,KV ,241 ,BALAS ,0340 ,Anthropology ,5043 ,Socioculturl & Linguistic Anth ,1,0,1,0,1,0,0,0,0,0,0,0,0,0,0,0,0,1,0,10KV8037BALA120151 ,KV ,241 ,BSLAS ,5348 ,Computer Sci & Anthropology ,  ,  ,8,6,2,0,6,2,0,0,0,0,0,0,0,0,0,0,2,5,3,10KV5348BSLA120151 ,KV ,241 ,BSLAS ,5348 ,Computer Sci & Anthropology ,  ,  ,1,0,1,0,0,0,0,0,0,0,0,1,0,0,0,0,0,0,1,10KV8037BSLA120151 ,KV ,241 ,MA ,0340 ,Anthropology ,  ,  ,3,1,2,0,2,0,0,1,0,0,0,0,0,0,1,0,0,2,1,10KS0340MA120151 ,KV ,241 ,PHD ,0340 ,Anthropology ,  ,  ,56,16,40,0,27,3,3,2,1,1,6,10,3,5,3,1,6,14,42,10KS0340PHD120151 ,KV ,253 ,BSLAS ,0334 ,Atmospheric Sciences ,  ,  ,70,43,27,0,50,7,4,7,0,0,1,1,0,5,0,0,7,69,1,10KV0334BSLA120151 ,KV ,253 ,BSLAS ,0334 ,Atmospheric Sciences ,  ,  ,2,1,1,0,1,0,0,1,0,0,0,0,0,0,0,0,0,2,0,10KV8037BSLA120151 ,KV ,253 ,MS ,0334 ,Atmospheric Sciences ,  ,  ,13,11,2,0,11,0,0,1,0,0,0,0,1,0,0,0,0,3,10,10KS0334MS120151 ,KV ,253 ,PHD ,0334 ,Atmospheric Sciences ,  ,  ,26,11,15,0,12,1,1,0,0,0,0,12,0,1,0,0,1,4,22,10KS0334PHD120151 ,KV ,257 ,BSLAS ,0439 ,Mathematics ,  ,  ,37,29,8,0,13,5,1,3,0,0,1,13,1,1,0,0,6,20,17,10KV0439BSLA120151 ,KV ,257 ,BSLAS ,0439 ,Mathematics ,  ,  ,31,17,14,0,7,0,0,1,0,0,0,23,0,0,0,0,0,7,24,10KV8037BSLA120151 ,KV ,257 ,BSLAS ,0439 ,Mathematics ,3894 ,Operations Research ,16,13,3,0,3,4,0,0,0,0,0,9,0,0,0,0,4,6,10,10KV3894BSLA120151 ,KV ,257 ,BSLAS ,0439 ,Mathematics ,3894 ,Operations Research ,8,5,3,0,1,0,0,1,0,0,0,6,0,0,0,0,0,2,6,10KV8037BSLA120151 ,KV ,257 ,BSLAS ,0439 ,Mathematics ,3895 ,Applied Mathematics ,32,24,8,0,7,4,0,0,0,0,1,20,0,0,0,0,5,10,22,10KV3895BSLA120151 ,KV ,257 ,BSLAS ,0439 ,Mathematics ,3895 ,Applied Mathematics ,18,12,6,0,3,0,0,0,0,0,0,15,0,0,0,0,0,3,15,10KV8037BSLA120151 ,KV ,257 ,BSLAS ,0439 ,Mathematics ,3896 ,Graduate Preparation ,7,7,0,0,2,0,0,0,0,0,0,5,0,0,0,0,0,1,6,10KV3896BSLA120151 ,KV ,257 ,BSLAS ,0439 ,Mathematics ,3897 ,Mathematics Teaching Option ,32,15,17,0,26,3,0,1,1,0,0,0,1,0,1,0,3,32,0,10KV3897BSLA120151 ,KV ,257 ,BSLAS ,0439 ,Mathematics ,3897 ,Mathematics Teaching Option ,1,1,0,0,1,0,0,0,0,0,0,0,0,0,0,0,0,1,0,10KV8037BSLA120151 ,KV ,257 ,BSLAS ,0461 ,Actuarial Science ,  ,  ,325,188,137,0,134,58,2,13,0,0,6,108,4,3,0,0,64,193,132,10KV0461BSLA120151 ,KV ,257 ,BSLAS ,0461 ,Actuarial Science ,  ,  ,58,27,31,0,8,11,1,0,0,0,0,38,0,1,0,0,11,17,41,10KV8037BSLA120151 ,KV ,257 ,BSLAS ,1438 ,Math & Computer Science ,  ,  ,207,170,37,0,74,47,3,6,0,0,7,69,1,4,0,0,55,91,116,10KV1438BSLA120151 ,KV ,257 ,BSLAS ,1438 ,Math & Computer Science ,  ,  ,7,5,2,0,3,0,0,0,0,0,0,4,0,0,0,0,0,3,4,10KV8037BSLA120151 ,KV ,257 ,MS ,0290 ,Teaching of Mathematics ,  ,  ,3,1,2,0,1,0,0,1,0,0,0,1,0,0,0,0,0,2,1,10KS0290MS120151 ,KV ,257 ,MS ,0327 ,Applied Mathematics ,  ,  ,6,3,3,0,0,0,0,0,0,0,0,6,0,0,0,0,0,0,6,10KS0327MS120151 ,KV ,257 ,MS ,0327 ,Applied Mathematics ,0328 ,Actuarial Science ,21,8,13,0,4,0,0,0,0,0,0,17,0,0,0,0,0,2,19,10KS0328MS120151 ,KV ,257 ,MS ,0439 ,Mathematics ,  ,  ,12,7,5,0,6,0,2,1,1,0,0,2,0,2,1,0,0,5,7,10KS0439MS120151 ,KV ,257 ,NONE ,0439 ,Mathematics ,  ,  ,320,199,121,0,69,48,11,21,0,0,2,168,1,12,0,0,52,129,191,10KV0439NONE120151 ,KV ,257 ,PHD ,0439 ,Mathematics ,  ,  ,157,97,60,0,56,7,0,10,0,0,4,79,1,3,1,1,11,11,146,10KS0439PHD120151 ,KV ,265 ,BSLAS ,5086 ,"Earth Systems, Env, & Society ",  ,  ,1,1,0,0,0,0,0,0,0,0,0,1,0,0,0,0,0,0,1,10KV5086BSLA120151 ,KV ,265 ,BSLAS ,5086 ,"Earth Systems, Env, & Society ",5104 ,Science of the Earth System ,1,1,0,0,1,0,0,0,0,0,0,0,0,0,0,0,0,1,0,10KV5086BSLA120151 ,KV ,265 ,BSLAS ,5281 ,"Earth, Society, & Environment ",5103 ,Society and the Environment ,5,2,3,0,2,0,1,0,0,0,1,1,0,1,0,0,1,4,1,10KV5281BSLA120151 ,KV ,265 ,BSLAS ,5281 ,"Earth, Society, & Environment ",5104 ,Science of the Earth System ,1,0,1,0,1,0,0,0,0,0,0,0,0,0,0,0,0,1,0,10KV5281BSLA120151 ,KV ,265 ,BSLAS ,5281 ,"Earth, Society, & Environment ",5104 ,Science of the Earth System ,1,0,1,0,1,0,0,0,0,0,0,0,0,0,0,0,0,1,0,10KV8037BSLA120151 ,KV ,265 ,BSLAS ,5313 ,"Earth, Soc, Env Sustainability ",  ,  ,35,15,20,0,22,3,1,2,1,0,0,6,0,1,1,0,3,27,8,10KV5313BSLA120151 ,KV ,265 ,BSLAS ,5313 ,"Earth, Soc, Env Sustainability ",  ,  ,16,5,11,0,11,2,0,1,0,1,0,0,1,0,0,1,2,10,6,10KV5313BSLU120151 ,KV ,265 ,BSLAS ,5313 ,"Earth, Soc, Env Sustainability ",  ,  ,1,0,1,0,1,0,0,0,0,0,0,0,0,0,0,0,0,1,0,10KV8037BSLA120151 ,KV ,265 ,BSLAS ,5313 ,"Earth, Soc, Env Sustainability ",5103 ,Society and the Environment ,48,19,29,0,34,2,1,5,0,0,3,3,0,1,0,0,5,43,5,10KV5313BSLA120151 ,KV ,265 ,BSLAS ,5313 ,"Earth, Soc, Env Sustainability ",5103 ,Society and the Environment ,12,5,7,0,10,0,0,2,0,0,0,0,0,0,0,0,0,10,2,10KV5313BSLU120151 ,KV ,265 ,BSLAS ,5313 ,"Earth, Soc, Env Sustainability ",5103 ,Society and the Environment ,9,2,7,0,5,2,1,0,0,0,1,0,0,1,0,0,3,9,0,10KV8037BSLA120151 ,KV ,265 ,BSLAS ,5313 ,"Earth, Soc, Env Sustainability ",5104 ,Science of the Earth System ,25,13,12,0,14,4,3,2,0,0,0,2,0,3,0,0,4,20,5,10KV5313BSLA120151 ,KV ,265 ,BSLAS ,5313 ,"Earth, Soc, Env Sustainability ",5104 ,Science of the Earth System ,5,3,2,0,3,0,0,0,0,0,0,1,1,0,0,0,0,2,3,10KV5313BSLU120151 ,KV ,265 ,BSLAS ,5313 ,"Earth, Soc, Env Sustainability ",5104 ,Science of the Earth System ,4,1,3,0,3,0,0,0,0,0,0,1,0,0,0,0,0,2,2,10KV8037BSLA120151 ,KV ,299 ,BSLAS ,0338 ,Psychology ,  ,  ,1128,338,790,0,540,187,98,145,0,2,41,109,6,115,12,12,214,951,177,10KV0338BSLA120151 ,KV ,299 ,BSLAS ,0338 ,Psychology ,  ,  ,128,40,88,0,75,14,8,17,0,0,3,11,0,11,1,1,16,112,16,10KV8037BSLA120151 ,KV ,299 ,PHD ,0338 ,Psychology ,  ,  ,133,48,85,0,71,11,5,4,0,2,1,39,0,6,1,2,12,19,114,10KS0338PHD120151 ,KV ,303 ,BALAS ,1008 ,African American Studies ,  ,  ,7,1,6,0,0,0,7,0,0,0,0,0,0,7,0,0,0,7,0,10KV1008BALA120151 ,KV ,303 ,BALAS ,1008 ,African American Studies ,  ,  ,1,1,0,0,0,0,1,0,0,0,0,0,0,1,0,0,0,1,0,10KV8037BALA120151 ,KV ,324 ,BALAS ,0344 ,Sociology ,  ,  ,181,76,105,0,57,22,46,28,0,0,6,22,0,52,4,2,25,144,37,10KV0344BALA120151 ,KV ,324 ,BALAS ,0344 ,Sociology ,  ,  ,22,8,14,0,6,3,2,7,0,0,1,3,0,4,1,0,3,17,5,10KV8037BALA120151 ,KV ,324 ,PHD ,0344 ,Sociology ,  ,  ,38,12,26,0,17,4,1,2,0,0,1,12,1,1,0,0,5,10,28,10KS0344PHD120151 ,KV ,361 ,MS ,0324 ,Entomology ,  ,  ,13,8,5,0,10,1,0,2,0,0,0,0,0,0,0,0,1,6,7,10KS0324MS120151 ,KV ,361 ,PHD ,0324 ,Entomology ,  ,  ,26,16,10,0,18,1,1,0,0,0,0,5,1,1,0,0,1,3,23,10KS0324PHD120151 ,KV ,362 ,BALAS ,0285 ,E Asian Languages & Cultures ,  ,  ,43,16,27,0,17,12,2,5,0,0,3,4,0,4,0,0,14,36,7,10KV0285BALA120151 ,KV ,362 ,BALAS ,0285 ,E Asian Languages & Cultures ,  ,  ,6,2,4,0,3,1,0,1,0,0,1,0,0,1,1,0,1,6,0,10KV8037BALA120151 ,KV ,362 ,MA ,5311 ,East Asian Studies ,  ,  ,16,8,8,0,4,3,0,0,0,0,0,9,0,0,0,0,3,4,12,10KS5311MA120151 ,KV ,362 ,PHD ,0285 ,E Asian Languages & Cultures ,  ,  ,22,6,16,0,3,2,0,0,0,0,0,16,1,0,0,0,3,0,22,10KS0285PHD120151 ,KV ,362 ,PHD ,0285 ,E Asian Languages & Cultures ,5367 ,Sec Lang Acquis & Teacher Ed ,3,0,3,0,0,0,0,0,0,0,0,3,0,0,0,0,0,0,3,10KS0285PHD120151 ,KV ,377 ,MS ,0320 ,Plant Biology ,  ,  ,8,3,5,0,8,0,0,0,0,0,0,0,0,0,0,0,0,5,3,10KS0320MS120151 ,KV ,377 ,MS ,5461 ,Plant Biotechnology ,5166 ,Professional Science Masters ,4,2,2,0,1,1,0,0,0,0,0,2,0,0,0,0,1,2,2,1PKS5461MS120151 ,KV ,377 ,PHD ,0320 ,Plant Biology ,  ,  ,26,13,13,0,15,1,0,4,0,0,1,4,1,2,1,0,1,8,18,10KS0320PHD120151 ,KV ,383 ,BSLAS ,0438 ,Integrative Biology ,  ,  ,360,159,201,0,207,55,28,44,0,1,9,12,4,32,1,2,64,338,22,10KV0438BSLA120151 ,KV ,383 ,BSLAS ,0438 ,Integrative Biology ,  ,  ,17,6,11,0,10,4,0,2,0,0,1,0,0,0,0,0,5,16,1,10KV8037BSLA120151 ,KV ,383 ,BSLAS ,0438 ,Integrative Biology ,5028 ,Honors Integrative Biology ,30,9,21,0,19,7,0,1,0,0,0,1,2,0,0,0,7,27,3,10KV5028BSLA120151 ,KV ,383 ,BSLAS ,0438 ,Integrative Biology ,5028 ,Honors Integrative Biology ,5,0,5,0,4,0,0,1,0,0,0,0,0,0,0,0,0,5,0,10KV8037BSLA120151 ,KV ,383 ,MS ,0314 ,Biology ,  ,  ,3,2,1,0,1,2,0,0,0,0,0,0,0,0,0,0,2,3,0,10KS0314MS120151 ,KV ,383 ,MS ,0314 ,Biology ,0315 ,"Ecology, Ethology, Evolution ",4,2,2,0,4,0,0,0,0,0,0,0,0,0,0,0,0,1,3,10KS0315MS120151 ,KV ,383 ,MS ,5107 ,"Ecol, Evol, Conservation Biol ",  ,  ,1,0,1,0,1,0,0,0,0,0,0,0,0,0,0,0,0,1,0,10KS5107MS120151 ,KV ,383 ,PHD ,0314 ,Biology ,0315 ,"Ecology, Ethology, Evolution ",13,8,5,0,10,0,0,2,0,0,1,0,0,1,1,0,0,1,12,10KS0315PHD120151 ,KV ,383 ,PHD ,5107 ,"Ecol, Evol, Conservation Biol ",  ,  ,32,13,19,0,23,1,2,2,1,0,2,1,0,2,1,0,3,9,23,10KS5107PHD120151 ,KV ,397 ,BSLAS ,0314 ,Biology ,3993 ,Biology Teacher Educ Option ,6,3,3,0,5,1,0,0,0,0,0,0,0,0,0,0,1,6,0,10KV3993BSLA120151 ,KV ,397 ,MS ,5278 ,Teaching of Biological Science ,  ,  ,1,0,1,0,0,0,0,0,0,0,0,1,0,0,0,0,0,0,1,10KS5278MS120151 ,KV ,397 ,NONE ,0314 ,Biology ,  ,  ,542,238,304,0,235,165,36,69,1,1,13,21,1,43,8,2,175,497,45,10KV0314NONE120151 ,KV ,405 ,BALAS ,0074 ,Economics ,  ,  ,743,528,215,0,265,122,18,36,0,1,13,286,2,25,2,2,134,410,333,10KV0074BALA120151 ,KV ,405 ,BALAS ,0074 ,Economics ,  ,  ,105,77,28,0,47,7,2,3,0,0,1,44,1,2,0,0,8,60,45,10KV8037BALA120151 ,KV ,405 ,BSLAS ,0074 ,Economics ,  ,  ,1,1,0,0,1,0,0,0,0,0,0,0,0,0,0,0,0,1,0,10KV8037BSLA120151 ,KV ,405 ,MS ,0074 ,Economics ,3925 ,Policy Economics ,101,60,41,0,2,0,1,0,0,0,1,97,0,1,0,0,1,1,100,10KS3925MS120151 ,KV ,405 ,PHD ,0074 ,Economics ,  ,  ,104,67,37,0,11,4,1,4,0,0,1,82,1,1,0,0,5,3,101,10KS0074PHD120151 ,KV ,413 ,BS ,0335 ,Chemistry ,  ,  ,147,104,43,0,67,26,4,14,0,0,4,30,2,5,2,0,30,98,49,10KV0335BS120151 ,KV ,413 ,BS ,0335 ,Chemistry ,5023 ,Environmental Chemistry ,8,6,2,0,4,2,0,0,0,0,2,0,0,0,0,1,3,7,1,10KV5023BS120151 ,KV ,413 ,BSLAS ,0335 ,Chemistry ,  ,  ,334,192,142,0,133,82,20,29,0,0,7,57,6,23,2,0,90,252,82,10KV0335BSLA120151 ,KV ,413 ,BSLAS ,0335 ,Chemistry ,  ,  ,29,17,12,0,13,6,0,4,0,0,0,6,0,0,0,0,7,21,8,10KV8037BSLA120151 ,KV ,413 ,BSLAS ,0335 ,Chemistry ,3918 ,Chemistry Teaching Option ,8,4,4,0,7,0,1,0,0,0,0,0,0,1,0,0,0,7,1,10KV3918BSLA120151 ,KV ,413 ,BSLAS ,5350 ,Computer Sci & Chemistry ,  ,  ,18,11,7,0,8,5,0,0,0,0,0,5,0,0,0,0,5,7,11,10KV5350BSLA120151 ,KV ,413 ,MS ,0294 ,Teaching of Chemistry ,  ,  ,3,3,0,0,2,0,0,0,0,0,0,1,0,0,0,0,0,0,3,10KS0294MS120151 ,KV ,413 ,MS ,0335 ,Chemistry ,  ,  ,1,1,0,0,1,0,0,0,0,0,0,0,0,0,0,0,0,0,1,10KS0335MS120151 ,KV ,413 ,PHD ,0335 ,Chemistry ,  ,  ,296,180,116,0,154,23,2,12,2,0,5,94,4,2,2,0,30,18,278,10KS0335PHD120151 ,KV ,413 ,PHD ,0337 ,Chemical Physics ,  ,  ,8,7,1,0,4,1,1,0,0,0,0,1,1,1,0,0,1,1,7,10KS0337PHD120151 ,KV ,415 ,BSLAS ,0433 ,Molecular and Cellular Biology ,  ,  ,944,484,460,0,452,288,52,77,0,1,21,48,5,57,4,3,308,861,83,10KV0433BSLA120151 ,KV ,415 ,BSLAS ,0433 ,Molecular and Cellular Biology ,  ,  ,105,50,55,0,55,33,4,3,0,0,1,8,1,4,0,1,36,94,11,10KV8037BSLA120151 ,KV ,415 ,BSLAS ,0433 ,Molecular and Cellular Biology ,5121 ,Honors ,35,14,21,0,20,8,0,0,0,0,1,4,2,0,0,0,9,30,5,10KV0433BSLA120151 ,KV ,415 ,BSLAS ,0433 ,Molecular and Cellular Biology ,5121 ,Honors ,8,5,3,0,4,3,0,0,0,0,0,0,1,0,0,0,3,8,0,10KV8037BSLA120151 ,KV ,415 ,NDEG ,0319 ,Biophysics & Computnl Biology ,  ,  ,1,0,1,0,0,0,0,0,0,0,0,1,0,0,0,0,0,0,1,10KS0319NDEG120151 ,KV ,415 ,NDEG ,0323 ,Neuroscience ,  ,  ,1,0,1,0,1,0,0,0,0,0,0,0,0,0,0,0,0,0,1,10KS0323NDEG120151 ,KV ,415 ,NONE ,3854 ,Molecular&Cell Bio-undeclared ,  ,  ,22,13,9,0,5,1,0,5,0,0,0,10,1,0,0,0,2,2,20,10KS3854NONE120151 ,KV ,415 ,PHD ,0319 ,Biophysics & Computnl Biology ,  ,  ,50,38,12,0,13,6,0,0,0,0,0,31,0,0,0,0,6,5,45,10KS0319PHD120151 ,KV ,415 ,PHD ,0323 ,Neuroscience ,  ,  ,59,30,29,0,30,10,1,3,0,1,3,11,0,2,2,1,12,13,46,10KS0323PHD120151 ,KV ,430 ,BSLAS ,0333 ,Astronomy ,  ,  ,44,31,13,0,20,6,2,2,0,0,3,9,2,2,0,0,10,23,21,10KV0333BSLA120151 ,KV ,430 ,BSLAS ,5349 ,Computer Sci & Astronomy ,  ,  ,6,5,1,0,1,4,0,0,0,0,0,1,0,0,0,0,4,2,4,10KV5349BSLA120151 ,KV ,430 ,PHD ,0333 ,Astronomy ,  ,  ,19,8,11,0,7,1,0,1,0,0,1,9,0,1,0,0,1,3,16,10KS0333PHD120151 ,KV ,438 ,BS ,0318 ,Biochemistry ,  ,  ,126,73,53,0,51,38,3,4,0,0,4,25,1,3,0,1,42,86,40,10KV0318BS120151 ,KV ,438 ,PHD ,0318 ,Biochemistry ,  ,  ,77,42,35,0,28,8,0,4,0,0,0,37,0,0,0,0,8,15,62,10KS0318PHD120151 ,KV ,451 ,BALAS ,0342 ,History ,  ,  ,167,100,66,1,114,11,10,22,0,0,2,7,1,12,2,0,12,152,15,10KV0342BALA120151 ,KV ,451 ,BALAS ,0342 ,History ,  ,  ,14,10,4,0,10,1,0,2,0,0,0,1,0,0,0,0,1,13,1,10KV8037BALA120151 ,KV ,451 ,BALAS ,0342 ,History ,5280 ,Social Science: History Tchng ,40,18,22,0,34,2,0,4,0,0,0,0,0,0,0,0,2,39,1,10KV0342BALA120151 ,KV ,451 ,PHD ,0342 ,History ,  ,  ,86,45,41,0,49,2,3,10,0,0,6,15,1,4,2,2,8,10,76,10KS0342PHD120151 ,KV ,451 ,PHD ,0342 ,History ,5080 ,Medieval Studies ,1,1,0,0,1,0,0,0,0,0,0,0,0,0,0,0,0,0,1,10KS0342PHD120151 ,KV ,461 ,MA ,0283 ,African Studies ,  ,  ,3,0,3,0,1,0,0,0,0,0,1,1,0,0,0,0,1,2,1,10KS0283MA120151 ,KV ,489 ,BALAS ,5164 ,Communication ,  ,  ,749,326,422,1,419,60,103,69,2,1,22,69,4,114,9,1,73,635,114,10KV5164BALA120151 ,KV ,489 ,BALAS ,5164 ,Communication ,  ,  ,44,8,36,0,30,2,3,5,0,0,1,3,0,3,0,0,3,37,7,10KV8037BALA120151 ,KV ,489 ,MA ,5164 ,Communication ,  ,  ,20,4,16,0,12,0,1,3,0,0,0,4,0,1,0,0,0,6,14,10KS5164MA120151 ,KV ,489 ,PHD ,0313 ,Speech Communication ,  ,  ,1,1,0,0,0,0,0,1,0,0,0,0,0,0,0,0,0,0,1,10KS0313PHD120151 ,KV ,489 ,PHD ,5164 ,Communication ,  ,  ,39,14,25,0,27,1,2,0,0,0,1,7,1,3,0,0,1,9,30,10KS5164PHD120151 ,KV ,490 ,BALAS ,5197 ,Religion ,  ,  ,5,4,1,0,1,1,0,2,0,0,1,0,0,1,0,0,1,5,0,10KV5197BALA120151 ,KV ,490 ,BALAS ,5197 ,Religion ,  ,  ,1,0,1,0,1,0,0,0,0,0,0,0,0,0,0,0,0,1,0,10KV8037BALA120151 ,KV ,490 ,MA ,5197 ,Religion ,  ,  ,12,10,2,0,9,1,0,0,0,0,0,1,1,0,0,0,1,5,7,10KS5197MA120151 ,KV ,499 ,BALAS ,0311 ,English ,  ,  ,278,85,193,0,171,32,20,33,1,0,12,7,2,22,3,1,44,260,18,10KV0311BALA120151 ,KV ,499 ,BALAS ,0311 ,English ,  ,  ,35,9,26,0,26,4,2,1,0,0,2,0,0,2,0,0,6,34,1,10KV8037BALA120151 ,KV ,499 ,BALAS ,0311 ,English ,3916 ,English Teaching Option ,52,12,40,0,41,3,1,5,0,0,2,0,0,1,1,0,4,52,0,10KV3916BALA120151 ,KV ,499 ,BALAS ,0311 ,English ,3916 ,English Teaching Option ,2,0,2,0,2,0,0,0,0,0,0,0,0,0,0,0,0,2,0,10KV8037BALA120151 ,KV ,499 ,BALAS ,0420 ,Rhetoric ,  ,  ,2,2,0,0,2,0,0,0,0,0,0,0,0,0,0,0,0,2,0,10KV0420BALA120151 ,KV ,499 ,BALAS ,0420 ,Rhetoric ,3892 ,Creative Writing ,15,5,10,0,5,3,4,3,0,0,0,0,0,4,0,1,4,14,1,10KV3892BALA120151 ,KV ,499 ,BALAS ,0420 ,Rhetoric ,3892 ,Creative Writing ,8,3,5,0,7,1,0,0,0,0,0,0,0,0,0,0,1,8,0,10KV8037BALA120151 ,KV ,499 ,BALAS ,5347 ,Creative Writing ,  ,  ,53,22,31,0,32,5,8,6,0,0,2,0,0,9,3,0,5,52,1,10KV5347BALA120151 ,KV ,499 ,BALAS ,5347 ,Creative Writing ,  ,  ,5,0,5,0,3,0,0,0,0,0,2,0,0,2,0,0,0,5,0,10KV8037BALA120151 ,KV ,499 ,BSLAS ,0420 ,Rhetoric ,  ,  ,1,1,0,0,1,0,0,0,0,0,0,0,0,0,0,0,0,1,0,10KV0420BSLA120151 ,KV ,499 ,MA ,0311 ,English ,  ,  ,20,10,10,0,16,1,0,2,0,0,0,1,0,0,0,0,1,4,16,10KS0311MA120151 ,KV ,499 ,MA ,0311 ,English ,5080 ,Medieval Studies ,1,0,1,0,1,0,0,0,0,0,0,0,0,0,0,0,0,0,1,10KS0311MA120151 ,KV ,499 ,MFA ,1136 ,Creative Writing ,  ,  ,15,6,9,0,13,1,1,0,0,0,0,0,0,1,0,0,1,3,12,10KS1136MFA120151 ,KV ,499 ,NDEG ,0311 ,English ,  ,  ,1,0,1,0,0,0,0,0,0,0,1,0,0,0,1,0,0,1,0,10KS0311NDEG120151 ,KV ,499 ,PHD ,0311 ,English ,  ,  ,78,25,53,0,51,7,2,10,1,0,0,6,1,2,1,0,7,15,63,10KS0311PHD120151 ,KV ,499 ,PHD ,0311 ,English ,5080 ,Medieval Studies ,4,0,4,0,2,1,0,0,0,0,1,0,0,0,0,1,1,1,3,10KS0311PHD120151 ,KV ,499 ,PHD ,0311 ,English ,5139 ,Writing Studies ,1,0,1,0,1,0,0,0,0,0,0,0,0,0,0,0,0,0,1,10KS0311PHD120151 ,KV ,514 ,BA ,0345 ,Teaching of Latin ,  ,  ,1,1,0,0,1,0,0,0,0,0,0,0,0,0,0,0,0,1,0,10KV0345BA120151 ,KV ,514 ,BALAS ,0308 ,Classics ,  ,  ,9,5,4,0,7,0,0,1,0,0,0,0,1,0,1,0,0,9,0,10KV0308BALA120151 ,KV ,514 ,BALAS ,0308 ,Classics ,  ,  ,1,1,0,0,1,0,0,0,0,0,0,0,0,0,0,0,0,1,0,10KV8037BALA120151 ,KV ,514 ,BALAS ,0308 ,Classics ,0309 ,Greek ,1,1,0,0,1,0,0,0,0,0,0,0,0,0,0,0,0,1,0,10KV0309BALA120151 ,KV ,514 ,BALAS ,0308 ,Classics ,0310 ,Latin ,1,1,0,0,1,0,0,0,0,0,0,0,0,0,0,0,0,1,0,10KV0310BALA120151 ,KV ,514 ,BALAS ,0308 ,Classics ,3878 ,Classical Civilization ,1,1,0,0,1,0,0,0,0,0,0,0,0,0,0,0,0,1,0,10KV3878BALA120151 ,KV ,514 ,MA ,0308 ,Classics ,  ,  ,7,6,1,0,4,1,1,0,0,0,0,1,0,1,0,0,1,2,5,10KS0308MA120151 ,KV ,514 ,MA ,0345 ,Teaching of Latin ,  ,  ,2,1,1,0,2,0,0,0,0,0,0,0,0,0,0,0,0,2,0,10KS0345MA120151 ,KV ,514 ,PHD ,0347 ,Classical Philology ,  ,  ,8,4,4,0,5,0,0,0,0,0,1,2,0,1,0,0,0,0,8,10KS0347PHD120151 ,KV ,553 ,BALAS ,4097 ,"Russian, E Eur, Eurasian St ",  ,  ,7,3,4,0,7,0,0,0,0,0,0,0,0,0,0,0,0,7,0,10KV4097BALA120151 ,KV ,553 ,BALAS ,4097 ,"Russian, E Eur, Eurasian St ",  ,  ,1,0,1,0,1,0,0,0,0,0,0,0,0,0,0,0,0,1,0,10KV8037BALA120151 ,KV ,553 ,MA ,4097 ,"Russian, E Eur, Eurasian St ",  ,  ,8,2,6,0,8,0,0,0,0,0,0,0,0,0,0,0,0,2,6,10KS4097MA120151 ,KV ,580 ,BALAS ,0150 ,History of Art ,  ,  ,17,1,16,0,13,0,0,1,0,0,0,3,0,0,0,0,0,14,3,10KV0150BALA120151 ,KV ,580 ,BALAS ,0150 ,History of Art ,  ,  ,3,0,3,0,2,1,0,0,0,0,0,0,0,0,0,0,1,3,0,10KV8037BALA120151 ,KV ,580 ,BALAS ,0463 ,Individual Plans of Study ,  ,  ,4,2,2,0,0,1,2,1,0,0,0,0,0,2,0,0,1,4,0,10KV0463BALA120151 ,KV ,580 ,BALAS ,0463 ,Individual Plans of Study ,  ,  ,1,1,0,0,0,0,0,0,0,0,1,0,0,0,0,0,1,1,0,10KV8037BALA120151 ,KV ,580 ,BALAS ,3865 ,Interdisciplinary ,  ,  ,2,1,1,0,0,0,0,0,0,0,0,2,0,0,0,0,0,0,2,10KV3865BALA120151 ,KV ,580 ,BALAS ,3865 ,Interdisciplinary ,3866 ,Medieval Civilization ,1,0,1,0,1,0,0,0,0,0,0,0,0,0,0,0,0,1,0,10KV3866BALA120151 ,KV ,580 ,BALAS ,3865 ,Interdisciplinary ,3867 ,Renaissance Studies ,1,0,1,0,0,0,0,0,0,0,0,0,1,0,0,0,0,1,0,10KV3867BALA120151 ,KV ,580 ,BALAS ,3865 ,Interdisciplinary ,5353 ,Jewish Studies ,1,0,1,0,1,0,0,0,0,0,0,0,0,0,0,0,0,0,1,10KV5353BALA120151 ,KV ,580 ,BALAS ,5206 ,Global Studies ,  ,  ,163,48,115,0,75,28,10,21,0,1,8,17,3,15,2,1,38,136,27,10KV5206BALA120151 ,KV ,580 ,BALAS ,5206 ,Global Studies ,  ,  ,51,9,42,0,27,10,2,8,0,0,1,3,0,2,1,0,11,45,6,10KV8037BALA120151 ,KV ,580 ,BS ,0240 ,Physics ,  ,  ,181,161,20,0,90,33,2,6,0,0,3,46,1,2,1,0,35,100,81,10KV0240BS120151 ,KV ,580 ,BSLAS ,0240 ,Physics ,  ,  ,159,131,27,1,61,20,2,5,0,1,5,65,0,2,1,2,24,68,91,10KV0240BSLA120151 ,KV ,580 ,BSLAS ,0240 ,Physics ,  ,  ,20,17,3,0,13,2,0,0,0,0,0,5,0,0,0,0,2,11,9,10KV8037BSLA120151 ,KV ,580 ,BSLAS ,0240 ,Physics ,3919 ,Physics Teaching Option ,2,2,0,0,2,0,0,0,0,0,0,0,0,0,0,0,0,2,0,10KV3919BSLA120151 ,KV ,580 ,BSLAS ,0463 ,Individual Plans of Study ,  ,  ,8,3,5,0,4,3,0,1,0,0,0,0,0,0,0,0,3,8,0,10KV0463BSLA120151 ,KV ,580 ,NDEG ,0067 ,Nondegree ,  ,  ,1,0,1,0,1,0,0,0,0,0,0,0,0,0,0,0,0,1,0,10KV0067ND1Q120151 ,KV ,580 ,NDEG ,0067 ,Nondegree ,  ,  ,188,91,97,0,65,14,4,8,0,0,3,90,4,5,0,1,17,94,94,10KV0067NDEG120151 ,KV ,580 ,NONE ,0390 ,General Curriculum ,  ,  ,182,108,74,0,55,43,30,35,0,1,2,15,1,33,2,3,43,151,31,10KV0390NONE120151 ,KV ,580 ,NONE ,5246 ,LAS - Undeclared ,  ,  ,114,44,70,0,1,8,64,38,0,0,3,0,0,69,1,0,11,108,6,10KV5246NONE120151 ,KV ,583 ,BSLAS ,0329 ,Statistics ,  ,  ,135,95,40,0,41,24,2,6,0,0,6,55,1,3,1,1,30,68,67,10KV0329BSLA120151 ,KV ,583 ,BSLAS ,0329 ,Statistics ,  ,  ,22,11,11,0,5,4,0,0,0,0,0,13,0,0,0,0,4,7,15,10KV8037BSLA120151 ,KV ,583 ,BSLAS ,0464 ,Statistics & Computer Science ,  ,  ,57,47,10,0,11,23,0,3,0,0,1,19,0,0,0,0,25,20,37,10KV0464BSLA120151 ,KV ,583 ,BSLAS ,0464 ,Statistics & Computer Science ,  ,  ,3,2,1,0,2,0,0,0,0,0,0,1,0,0,0,0,0,2,1,10KV8037BSLA120151 ,KV ,583 ,MS ,0329 ,Statistics ,  ,  ,53,24,29,0,8,3,0,0,0,0,0,42,0,0,0,0,3,9,44,10KS0329MS120151 ,KV ,583 ,MS ,0329 ,Statistics ,0331 ,Applied ,6,2,4,0,0,0,0,0,0,0,0,6,0,0,0,0,0,0,6,10KS0331MS120151 ,KV ,583 ,MS ,0329 ,Statistics ,5165 ,Analytics ,36,17,19,0,9,3,0,0,0,0,0,24,0,0,0,0,3,8,28,10KS5165MS120151 ,KV ,583 ,PHD ,0329 ,Statistics ,  ,  ,32,22,10,0,5,3,1,1,0,0,0,22,0,1,0,0,3,4,28,10KS0329PHD120151 ,KV ,584 ,PHD ,4094 ,Cell and Developmental Biology ,  ,  ,45,20,25,0,7,5,0,1,0,0,0,32,0,0,0,0,5,3,42,10KS4094PHD120151 ,KV ,585 ,BA ,0297 ,Teaching of Spanish ,  ,  ,16,2,14,0,10,0,0,6,0,0,0,0,0,0,0,0,0,16,0,10KV0297BA120151 ,KV ,585 ,BALAS ,0306 ,Portuguese ,  ,  ,3,1,2,0,1,1,0,1,0,0,0,0,0,0,0,0,1,2,1,10KV0306BALA120151 ,KV ,585 ,BALAS ,0307 ,Spanish ,  ,  ,71,14,57,0,38,3,5,21,0,0,3,0,1,8,2,0,5,70,1,10KV0307BALA120151 ,KV ,585 ,BALAS ,0307 ,Spanish ,  ,  ,8,2,6,0,5,0,0,3,0,0,0,0,0,0,0,0,0,7,1,10KV8037BALA120151 ,KV ,585 ,MA ,0307 ,Spanish ,  ,  ,5,2,3,0,3,0,0,1,0,0,0,1,0,0,0,0,0,2,3,10KS0307MA120151 ,KV ,585 ,MA ,0307 ,Spanish ,5122 ,Spanish Linguistics ,7,1,6,0,3,0,0,1,0,0,0,3,0,0,0,0,0,1,6,10KS0307MA120151 ,KV ,585 ,MA ,0307 ,Spanish ,5363 ,Spanish Literatures & Cultures ,7,0,7,0,4,0,0,1,0,0,0,2,0,0,0,0,0,3,4,10KS0307MA120151 ,KV ,585 ,PHD ,0307 ,Spanish ,  ,  ,28,7,21,0,11,0,0,6,0,0,0,11,0,1,0,0,0,5,23,10KS0307PHD120151 ,KV ,585 ,PHD ,0307 ,Spanish ,5352 ,Romance Linguistics ,1,1,0,0,1,0,0,0,0,0,0,0,0,0,0,0,0,1,0,10KS0307PHD120151 ,KV ,585 ,PHD ,0307 ,Spanish ,5367 ,Sec Lang Acquis & Teacher Ed ,1,1,0,0,0,0,0,0,0,0,0,1,0,0,0,0,0,0,1,10KS0307PHD120151 ,KV ,604 ,BSLAS ,0408 ,Bioengineering ,  ,  ,1,1,0,0,0,0,1,0,0,0,0,0,0,1,0,0,0,1,0,10KV0408BSLA120151 ,KV ,604 ,PHD ,0325 ,Molecular & Integrative Physi ,  ,  ,21,9,12,0,11,2,1,0,0,0,0,7,0,1,0,0,2,7,14,10KS0325PHD120151 ,KV ,625 ,MA ,5346 ,Translation and Interpreting ,  ,  ,10,2,8,0,5,0,1,2,0,0,0,2,0,1,0,0,0,6,4,10KS5346MA120151 ,KV ,655 ,BS ,0336 ,Geology ,  ,  ,36,30,6,0,26,1,0,3,0,0,2,4,0,0,0,0,3,32,4,10KV0336BS120151 ,KV ,655 ,BS ,0336 ,Geology ,3880 ,Geophysics ,2,2,0,0,1,0,0,1,0,0,0,0,0,0,0,0,0,2,0,10KV3880BS120151 ,KV ,655 ,BS ,0336 ,Geology ,3881 ,Environmental Geology ,1,0,1,0,0,1,0,0,0,0,0,0,0,0,0,0,1,1,0,10KV3881BS120151 ,KV ,655 ,BSLAS ,0336 ,Geology ,  ,  ,29,22,7,0,19,4,1,2,0,0,2,1,0,1,0,0,6,28,1,10KV0336BSLA120151 ,KV ,655 ,BSLAS ,0336 ,Geology ,3879 ,Teaching of Earth Science ,4,2,2,0,3,0,0,1,0,0,0,0,0,0,0,0,0,4,0,10KV3879BSLA120151 ,KV ,655 ,BSLAS ,0336 ,Geology ,3882 ,Earth & Environmental Sciences ,7,4,3,0,5,0,2,0,0,0,0,0,0,2,0,0,0,7,0,10KV3882BSLA120151 ,KV ,655 ,MS ,0336 ,Geology ,  ,  ,16,13,3,0,15,0,0,1,0,0,0,0,0,0,0,0,0,10,6,10KS0336MS120151 ,KV ,655 ,PHD ,0336 ,Geology ,  ,  ,19,10,9,0,9,0,0,0,0,0,1,9,0,0,0,0,1,3,16,10KS0336PHD120151 ,KV ,670 ,MA ,5203 ,European Union Studies ,  ,  ,9,4,5,0,5,0,1,0,0,0,0,3,0,1,0,0,0,5,4,10KS5203MA120151 ,KV ,680 ,BALAS ,1279 ,Gender and Women's Studies ,  ,  ,8,2,6,0,1,0,4,2,0,0,1,0,0,5,0,0,0,8,0,10KV1279BALA120151 ,KV ,680 ,BALAS ,1279 ,Gender and Women's Studies ,  ,  ,1,0,1,0,0,0,0,1,0,0,0,0,0,1,0,0,0,1,0,10KV8037BALA120151 ,KV ,687 ,BS ,0300 ,Chemical Engineering ,  ,  ,637,461,176,0,310,147,15,42,0,0,21,98,4,20,2,2,166,453,184,10KV0300BS120151 ,KV ,687 ,BS ,0300 ,Chemical Engineering ,5029 ,Biomolecular Engineering ,16,11,5,0,6,6,0,1,0,0,1,2,0,0,0,0,7,8,8,10KV5029BS120151 ,KV ,687 ,MS ,0300 ,Chemical Engineering ,  ,  ,2,1,1,0,0,0,0,0,0,0,0,2,0,0,0,0,0,0,2,10KS0300MS120151 ,KV ,687 ,PHD ,0300 ,Chemical Engineering ,  ,  ,81,54,27,0,31,8,0,1,0,0,0,41,0,0,0,0,8,4,77,10KS0300PHD120151 ,KV ,710 ,BALAS ,0343 ,Political Science ,  ,  ,488,308,180,0,267,44,57,71,0,1,23,22,3,72,5,3,57,435,53,10KV0343BALA120151 ,KV ,710 ,BALAS ,0343 ,Political Science ,  ,  ,138,85,53,0,88,12,6,20,0,1,3,7,1,7,1,1,14,120,18,10KV8037BALA120151 ,KV ,710 ,PHD ,0343 ,Political Science ,  ,  ,47,27,20,0,32,4,0,4,0,0,1,4,2,0,3,0,5,10,37,10KS0343PHD120151 ,KV ,715 ,BALAS ,0332 ,Philosophy ,  ,  ,57,43,14,0,23,8,9,6,0,0,3,7,1,11,1,2,10,44,13,10KV0332BALA120151 ,KV ,715 ,BALAS ,0332 ,Philosophy ,  ,  ,5,4,1,0,3,0,0,0,0,0,0,2,0,0,0,0,0,3,2,10KV8037BALA120151 ,KV ,715 ,PHD ,0332 ,Philosophy ,  ,  ,20,16,4,0,18,1,0,0,0,0,0,1,0,0,0,0,1,4,16,10KS0332PHD120151 ,KV ,729 ,BALAS ,0286 ,Latin American Studies ,  ,  ,2,1,1,0,0,0,0,1,0,0,1,0,0,1,1,0,1,2,0,10KV0286BALA120151 ,KV ,729 ,BALAS ,0286 ,Latin American Studies ,  ,  ,1,1,0,0,1,0,0,0,0,0,0,0,0,0,0,0,0,1,0,10KV8037BALA120151 ,KV ,729 ,MA ,0286 ,Latin American Studies ,  ,  ,5,2,3,0,3,0,1,0,0,0,0,1,0,1,0,0,0,4,1,10KS0286MA120151 ,KV ,771 ,BALAS ,1120 ,Comparative Literature ,  ,  ,1,1,0,0,1,0,0,0,0,0,0,0,0,0,0,0,0,1,0,10KV1120BALA120151 ,KV ,771 ,BALAS ,1120 ,Comparative Literature ,3905 ,World Literature ,1,0,1,0,1,0,0,0,0,0,0,0,0,0,0,0,0,1,0,10KV3905BALA120151 ,KV ,771 ,BALAS ,1120 ,Comparative Literature ,3905 ,World Literature ,1,0,1,0,0,1,0,0,0,0,0,0,0,0,0,0,1,1,0,10KV8037BALA120151 ,KV ,771 ,MA ,1120 ,Comparative Literature ,  ,  ,12,2,10,0,3,0,0,2,0,0,1,6,0,0,1,0,0,3,9,10KS1120MA120151 ,KV ,771 ,PHD ,1120 ,Comparative Literature ,  ,  ,10,4,6,0,6,1,0,0,0,0,0,3,0,0,0,0,1,0,10,10KS1120PHD120151 ,KV ,864 ,BALAS ,0301 ,Linguistics ,  ,  ,59,20,39,0,34,6,2,10,0,0,4,2,1,4,0,0,9,51,8,10KV0301BALA120151 ,KV ,864 ,BALAS ,0301 ,Linguistics ,  ,  ,3,0,3,0,2,0,1,0,0,0,0,0,0,1,0,0,0,3,0,10KV8037BALA120151 ,KV ,864 ,BSLAS ,5351 ,Computer Sci & Linguistics ,  ,  ,11,8,3,0,3,2,1,0,0,0,1,4,0,1,0,0,3,4,7,10KV5351BSLA120151 ,KV ,864 ,MA ,0299 ,Teaching of English Sec Lang ,  ,  ,49,13,36,0,22,2,0,1,0,0,2,22,0,1,0,0,3,21,28,10KS0299MA120151 ,KV ,864 ,MA ,0301 ,Linguistics ,  ,  ,12,4,8,0,7,1,0,0,0,0,1,3,0,0,0,0,2,2,10,10KS0301MA120151 ,KV ,864 ,NDEG ,0299 ,Teaching of English Sec Lang ,  ,  ,1,0,1,0,1,0,0,0,0,0,0,0,0,0,0,0,0,1,0,10KS0299NDEG120151 ,KV ,864 ,NDEG ,0299 ,Teaching of English Sec Lang ,  ,  ,1,1,0,0,1,0,0,0,0,0,0,0,0,0,0,0,0,1,0,10KS0299NDEU120151 ,KV ,864 ,NDEG ,0301 ,Linguistics ,  ,  ,1,0,1,0,1,0,0,0,0,0,0,0,0,0,0,0,0,1,0,10KS0301NDEG120151 ,KV ,864 ,PHD ,0301 ,Linguistics ,  ,  ,32,11,21,0,11,3,0,0,0,0,1,17,0,0,1,0,3,5,27,10KS0301PHD120151 ,KV ,864 ,PHD ,0301 ,Linguistics ,5367 ,Sec Lang Acquis & Teacher Ed ,1,1,0,0,0,0,0,0,0,0,0,1,0,0,0,0,0,0,1,10KS0301PHD120151 ,KV ,872 ,BALAS ,0341 ,Geography ,3885 ,Physical Geography ,1,0,1,0,0,0,1,0,0,0,0,0,0,1,0,0,0,1,0,10KV3885BALA120151 ,KV ,872 ,BALAS ,5330 ,Geography & Geographic Info Sc ,  ,  ,16,13,3,0,11,1,0,1,0,0,0,3,0,0,0,0,1,12,4,10KV5330BALA120151 ,KV ,872 ,BALAS ,5330 ,Geography & Geographic Info Sc ,3884 ,Human Geography ,2,2,0,0,2,0,0,0,0,0,0,0,0,0,0,0,0,2,0,10KV5330BALA120151 ,KV ,872 ,BALAS ,5330 ,Geography & Geographic Info Sc ,3886 ,Geographic Information Science ,12,10,2,0,6,3,1,2,0,0,0,0,0,1,0,0,3,12,0,10KV5330BALA120151 ,KV ,872 ,BALAS ,5330 ,Geography & Geographic Info Sc ,3886 ,Geographic Information Science ,1,1,0,0,0,0,0,0,0,0,0,1,0,0,0,0,0,0,1,10KV8037BALA120151 ,KV ,872 ,MA ,0341 ,Geography ,  ,  ,3,0,3,0,2,0,0,0,0,0,0,1,0,0,0,0,0,1,2,10KS0341MA120151 ,KV ,872 ,MS ,0341 ,Geography ,  ,  ,5,3,2,0,4,0,0,0,0,0,0,1,0,0,0,0,0,1,4,10KS0341MS120151 ,KV ,872 ,PHD ,0341 ,Geography ,  ,  ,26,16,10,0,5,1,0,0,0,0,0,20,0,0,0,0,1,1,25,10KS0341PHD120151 ,KV ,927 ,BALAS ,0412 ,Germanic Lang & Lit ,  ,  ,4,2,2,0,1,1,0,0,0,0,0,2,0,0,0,0,1,1,3,10KV0412BALA120151 ,KV ,927 ,BALAS ,0412 ,Germanic Lang & Lit ,3887 ,German and Commercial Studies ,3,2,1,0,2,0,0,1,0,0,0,0,0,0,0,0,0,3,0,10KV3887BALA120151 ,KV ,927 ,BALAS ,0412 ,Germanic Lang & Lit ,3888 ,Language and Literature ,1,0,1,0,1,0,0,0,0,0,0,0,0,0,0,0,0,1,0,10KV3888BALA120151 ,KV ,927 ,BALAS ,0412 ,Germanic Lang & Lit ,3890 ,Modern German Studies ,1,0,1,0,1,0,0,0,0,0,0,0,0,0,0,0,0,1,0,10KV3890BALA120151 ,KV ,927 ,BALAS ,0412 ,Germanic Lang & Lit ,3891 ,Scandinavian Studies ,1,0,1,0,0,0,0,0,0,0,0,1,0,0,0,0,0,0,1,10KV8037BALA120151 ,KV ,927 ,MA ,0303 ,German ,  ,  ,3,0,3,0,2,0,0,0,0,0,1,0,0,0,0,0,1,3,0,10KS0303MA120151 ,KV ,927 ,NDEG ,0303 ,German ,  ,  ,2,1,1,0,0,0,0,0,0,0,0,2,0,0,0,0,0,0,2,10KS0303NDEG120151 ,KV ,927 ,PHD ,0303 ,German ,  ,  ,7,3,4,0,4,0,0,0,0,0,0,3,0,0,0,0,0,2,5,10KS0303PHD120151 ,KV ,948 ,MS ,0322 ,Microbiology ,  ,  ,1,1,0,0,1,0,0,0,0,0,0,0,0,0,0,0,0,1,0,10KS0322MS120151 ,KV ,948 ,PHD ,0322 ,Microbiology ,  ,  ,49,18,31,0,24,2,1,4,0,0,3,15,0,2,1,0,4,13,36,10KS0322PHD120151 ,KV ,954 ,MA ,5312 ,S Asian & Middle Eastern St ,  ,  ,4,3,1,0,1,0,0,2,0,0,1,0,0,0,0,0,1,4,0,10KS5312MA120151 ,KV ,958 ,BALAS ,0411 ,Russian Lang & Literature ,  ,  ,2,2,0,0,2,0,0,0,0,0,0,0,0,0,0,0,0,1,1,10KV0411BALA120151 ,KV ,958 ,BALAS ,0411 ,Russian Lang & Literature ,  ,  ,1,0,1,0,1,0,0,0,0,0,0,0,0,0,0,0,0,1,0,10KV8037BALA120151 ,KV ,958 ,PHD ,0302 ,Slavic Languages & Literature ,  ,  ,17,3,14,0,8,1,1,1,0,0,0,5,1,1,0,0,1,1,16,10KS0302PHD120151 ,KV ,982 ,BALAS ,5167 ,Latina/Latino Studies ,  ,  ,1,0,1,0,0,0,0,1,0,0,0,0,0,0,0,0,0,1,0,10KV5167BALA120151 ,KV ,982 ,BALAS ,5167 ,Latina/Latino Studies ,  ,  ,1,1,0,0,0,0,0,1,0,0,0,0,0,1,0,0,0,1,0,10KV8037BALA120151 ,KV ,985 ,BA ,0295 ,Teaching of French ,  ,  ,4,0,4,0,4,0,0,0,0,0,0,0,0,0,0,0,0,4,0,10KV0295BA120151 ,KV ,985 ,BALAS ,0304 ,French ,  ,  ,8,4,4,0,4,1,1,1,0,0,1,0,0,2,1,0,1,7,1,10KV0304BALA120151 ,KV ,985 ,BALAS ,0304 ,French ,3875 ,French Commercial Studies ,2,0,2,0,1,1,0,0,0,0,0,0,0,0,0,0,1,2,0,10KV3875BALA120151 ,KV ,985 ,BALAS ,0304 ,French ,3875 ,French Commercial Studies ,2,1,1,0,1,0,0,0,0,0,0,1,0,0,0,0,0,1,1,10KV8037BALA120151 ,KV ,985 ,BALAS ,0304 ,French ,3876 ,French Studies ,5,2,3,0,4,0,0,1,0,0,0,0,0,0,0,0,1,5,0,10KV3876BALA120151 ,KV ,985 ,BALAS ,0304 ,French ,3876 ,French Studies ,1,0,1,0,1,0,0,0,0,0,0,0,0,0,0,0,0,1,0,10KV8037BALA120151 ,KV ,985 ,BALAS ,0305 ,Italian ,  ,  ,2,2,0,0,1,0,0,1,0,0,0,0,0,0,0,0,0,2,0,10KV0305BALA120151 ,KV ,985 ,MA ,0304 ,French ,  ,  ,6,3,3,0,3,0,0,0,0,0,0,3,0,0,0,0,0,0,6,10KS0304MA120151 ,KV ,985 ,MA ,0305 ,Italian ,  ,  ,1,0,1,0,1,0,0,0,0,0,0,0,0,0,0,0,0,0,1,10KS0305MA120151 ,KV ,985 ,NDEG ,0304 ,French ,  ,  ,1,0,1,0,0,0,0,0,0,0,0,1,0,0,0,0,0,0,1,10KS0304NDEG120151 ,KV ,985 ,PHD ,0304 ,French ,  ,  ,14,7,7,0,7,1,2,0,0,0,0,4,0,2,0,0,1,3,11,10KS0304PHD120151 ,KV ,985 ,PHD ,0304 ,French ,5352 ,Romance Linguistics ,1,0,1,0,1,0,0,0,0,0,0,0,0,0,0,0,0,0,1,10KS0304PHD120151 ,KV ,985 ,PHD ,0304 ,French ,5367 ,Sec Lang Acquis & Teacher Ed ,2,1,1,0,0,0,0,0,0,0,0,2,0,0,0,0,0,0,2,10KS0304PHD120151 ,KV ,985 ,PHD ,0305 ,Italian ,  ,  ,1,0,1,0,1,0,0,0,0,0,0,0,0,0,0,0,0,0,1,10KS0305PHD120151 ,KV ,985 ,PHD ,0305 ,Italian ,5080 ,Medieval Studies ,1,1,0,0,1,0,0,0,0,0,0,0,0,0,0,0,0,0,1,10KS0305PHD120151 ,KV ,  ,  ,  ,Liberal Arts & Sci ,  ,***College total*** ,13475,7023,6449,3,6237,2045,786,1185,12,17,356,2738,99,933,107,55,2336,8879,4596,  ,,,,,,,,,,,,,,,,,,,,,,,,,,, ,,,,,,,,,,,,,,,,,,,,,,,,,,,120151 ,KW ,  ,  ,  ,General Studies ,  ,  ,  ,  ,  ,  ,  ,  ,  ,  ,  ,  ,  ,  ,  ,  ,  ,  ,  ,  ,  , 120151 ,KW ,605 ,NONE ,5083 ,Undeclared ,  ,  ,2207,1299,908,0,1007,351,129,345,1,1,73,287,13,165,27,13,404,1812,395,10KW5083NONE120151 ,KW ,  ,  ,  ,General Studies ,  ,***College total*** ,2207,1299,908,0,1007,351,129,345,1,1,73,287,13,165,27,13,404,1812,395,  ,,,,,,,,,,,,,,,,,,,,,,,,,,, ,,,,,,,,,,,,,,,,,,,,,,,,,,,120151 ,KY ,  ,  ,  ,Applied Health Sci ,  ,  ,  ,  ,  ,  ,  ,  ,  ,  ,  ,  ,  ,  ,  ,  ,  ,  ,  ,  ,  , 120151 ,KY ,294 ,BS ,5204 ,Health ,  ,  ,1,0,1,0,0,0,1,0,0,0,0,0,0,1,0,0,0,1,0,10KY5204BS120151 ,KY ,294 ,BS ,5204 ,Health ,5220 ,Health Behavior Change ,5,2,3,0,1,1,2,1,0,0,0,0,0,2,0,0,1,4,1,10KY5204BS120151 ,KY ,294 ,BS ,5204 ,Health ,5221 ,Health Diversity ,1,0,1,0,0,0,1,0,0,0,0,0,0,1,0,0,0,1,0,10KY5204BS120151 ,KY ,294 ,BS ,5460 ,Interdisciplinary Health Sci ,  ,  ,14,4,10,0,6,1,2,4,0,0,0,1,0,2,0,0,1,12,2,10KY5460BS120151 ,KY ,294 ,BS ,5460 ,Interdisciplinary Health Sci ,5219 ,Health and Aging ,41,8,33,0,22,10,3,5,0,0,1,0,0,3,0,0,12,39,2,10KY5460BS120151 ,KY ,294 ,BS ,5460 ,Interdisciplinary Health Sci ,5220 ,Health Behavior Change ,110,23,87,0,67,14,10,10,0,0,7,0,2,13,4,1,16,106,4,10KY5460BS120151 ,KY ,294 ,BS ,5460 ,Interdisciplinary Health Sci ,5221 ,Health Diversity ,55,10,45,0,25,8,6,13,0,0,3,0,0,9,1,0,10,54,1,10KY5460BS120151 ,KY ,581 ,BS ,0349 ,Community Health ,  ,  ,64,25,39,0,28,7,10,12,0,0,5,2,0,12,2,1,10,59,5,10KY0349BS120151 ,KY ,581 ,BS ,0349 ,Community Health ,0473 ,Health Education ,159,23,136,0,63,21,48,23,0,0,4,0,0,53,3,0,22,156,3,10KY0473BS120151 ,KY ,581 ,BS ,0349 ,Community Health ,0474 ,Health Planning & Admin ,339,86,253,0,138,84,61,40,0,0,11,1,4,72,2,2,91,330,9,10KY0474BS120151 ,KY ,581 ,BS ,0349 ,Community Health ,0495 ,Rehab & Disability Studies ,94,27,67,0,43,9,23,15,0,0,3,0,1,24,0,1,10,86,8,10KY0495BS120151 ,KY ,581 ,BS ,0351 ,Kinesiology ,  ,  ,540,214,326,0,365,61,29,60,0,1,11,8,5,33,5,4,70,497,43,10KY0351BS120151 ,KY ,581 ,BS ,0351 ,Kinesiology ,4049 ,Teacher Education K-12 ,18,9,9,0,16,0,0,2,0,0,0,0,0,0,0,0,0,18,0,10KY4049BS120151 ,KY ,581 ,MPH ,1630 ,Public Health ,  ,  ,20,6,14,0,10,2,3,2,0,0,1,2,0,3,1,0,3,18,2,10KS1630MPH120151 ,KY ,581 ,MS ,0349 ,Community Health ,  ,  ,2,0,2,0,0,0,1,0,0,0,0,1,0,1,0,0,0,1,1,10KS0349MS120151 ,KY ,581 ,MS ,0351 ,Kinesiology ,  ,  ,16,6,10,0,12,0,2,0,1,0,0,1,0,2,1,0,0,10,6,10KS0351MS120151 ,KY ,581 ,PHD ,0349 ,Community Health ,  ,  ,34,8,26,0,14,1,7,4,0,0,1,7,0,9,2,0,1,19,15,10KS0349PHD120151 ,KY ,581 ,PHD ,0351 ,Kinesiology ,  ,  ,53,27,26,0,29,3,3,1,0,0,1,16,0,3,0,0,4,16,37,10KS0351PHD120151 ,KY ,679 ,AUD ,1053 ,Audiology ,  ,  ,24,4,20,0,20,3,1,0,0,0,0,0,0,1,0,0,3,17,7,10KS1053AUD120151 ,KY ,679 ,BS ,0354 ,Speech & Hearing Science ,  ,  ,14,1,13,0,12,1,1,0,0,0,0,0,0,1,0,0,1,14,0,10KY0354BS120151 ,KY ,679 ,BS ,0354 ,Speech & Hearing Science ,1494 ,Neuroscience ,5,3,2,0,3,1,0,0,0,0,1,0,0,0,0,0,2,5,0,10KY1494BS120151 ,KY ,679 ,BS ,0354 ,Speech & Hearing Science ,4067 ,Audiology ,15,1,14,0,9,4,0,1,0,0,0,0,1,0,0,0,4,14,1,10KY4067BS120151 ,KY ,679 ,BS ,0354 ,Speech & Hearing Science ,4068 ,Speech-Language Pathology ,239,3,236,0,196,13,3,23,0,0,4,0,0,5,2,2,17,235,4,10KY4068BS120151 ,KY ,679 ,BS ,0354 ,Speech & Hearing Science ,5465 ,Cultural-Linguistic Diversity ,1,0,1,0,0,0,0,0,0,0,0,1,0,0,0,0,0,0,1,10KY5465BS120151 ,KY ,679 ,MA ,0354 ,Speech & Hearing Science ,  ,  ,56,4,52,0,44,2,3,4,0,0,1,1,1,3,0,0,3,47,9,10KS0354MA120151 ,KY ,679 ,PHD ,0354 ,Speech & Hearing Science ,  ,  ,11,1,10,0,6,0,1,0,0,0,0,4,0,1,0,0,0,5,6,10KS0354PHD120151 ,KY ,682 ,NDEG ,0067 ,Nondegree ,  ,  ,3,1,2,0,2,0,1,0,0,0,0,0,0,1,0,0,0,3,0,10KY0067NDEG120151 ,KY ,714 ,BS ,4043 ,"Recreation, Sport, and Tourism ",  ,  ,23,14,9,0,14,1,3,1,0,0,1,3,0,5,0,0,1,17,6,10KY4043BS120151 ,KY ,714 ,BS ,4043 ,"Recreation, Sport, and Tourism ",4044 ,Recreation Management ,48,15,33,0,42,0,4,2,0,0,0,0,0,5,1,0,0,48,0,10KY4044BS120151 ,KY ,714 ,BS ,4043 ,"Recreation, Sport, and Tourism ",4045 ,Tourism Management ,30,8,22,0,18,1,2,3,0,0,2,4,0,2,0,0,3,26,4,10KY4045BS120151 ,KY ,714 ,BS ,4043 ,"Recreation, Sport, and Tourism ",5266 ,Sport Management ,208,166,42,0,138,5,38,13,0,2,5,7,0,44,0,2,6,178,30,10KY5266BS120151 ,KY ,714 ,MS ,4043 ,"Recreation, Sport, and Tourism ",  ,  ,18,8,10,0,16,0,0,0,0,0,0,2,0,0,0,0,0,13,5,10KS4043MS120151 ,KY ,714 ,MS ,4043 ,"Recreation, Sport, and Tourism ",  ,  ,1,1,0,0,1,0,0,0,0,0,0,0,0,0,0,0,0,0,1,10KS4043MSU120151 ,KY ,714 ,PHD ,4043 ,"Recreation, Sport, and Tourism ",  ,  ,22,8,14,0,10,1,1,1,0,0,0,9,0,1,0,0,1,6,16,10KS4043PHD120151 ,KY ,  ,  ,  ,Applied Health Sci ,  ,***College total*** ,2284,716,1568,0,1370,254,270,240,1,3,62,70,14,312,24,13,292,2055,229,  ,,,,,,,,,,,,,,,,,,,,,,,,,,, ,,,,,,,,,,,,,,,,,,,,,,,,,,,120151 ,LC ,  ,  ,  ,Veterinary Medicine ,  ,  ,  ,  ,  ,  ,  ,  ,  ,  ,  ,  ,  ,  ,  ,  ,  ,  ,  ,  ,  , 120151 ,LC ,282 ,MS ,5216 ,VMS - Pathobiology ,  ,  ,10,3,7,0,8,1,0,0,0,0,0,1,0,0,0,0,1,3,7,10KS5216MS120151 ,LC ,282 ,PHD ,0361 ,VMS - Veterinary Pathobiology ,  ,  ,1,1,0,0,0,0,0,0,0,0,0,1,0,0,0,0,0,0,1,10KS0361PHD120151 ,LC ,282 ,PHD ,5216 ,VMS - Pathobiology ,  ,  ,10,9,1,0,2,0,0,0,0,0,0,8,0,0,0,0,0,2,8,10KS5216PHD120151 ,LC ,282 ,PHD ,5216 ,VMS - Pathobiology ,5222 ,Pathobiology Research Scholars ,1,0,1,0,1,0,0,0,0,0,0,0,0,0,0,0,0,1,0,10KS5216PHD120151 ,LC ,444 ,DVM ,0480 ,Veterinary Medicine ,  ,  ,484,78,405,1,345,10,4,7,1,0,1,1,115,4,1,0,11,372,112,10LC0480DVM120151 ,LC ,444 ,NDEG ,0480 ,Veterinary Medicine ,  ,  ,2,2,0,0,0,0,0,1,0,0,0,0,1,0,0,0,0,0,2,10LC0480NDEG120151 ,LC ,598 ,MS ,0359 ,VMS-Veterinary Clinical Medcne ,  ,  ,34,9,25,0,28,1,0,2,0,0,0,3,0,0,0,0,1,16,18,10KS0359MS120151 ,LC ,598 ,PHD ,0359 ,VMS-Veterinary Clinical Medcne ,  ,  ,1,0,1,0,0,0,0,0,0,0,0,1,0,0,0,0,0,0,1,10KS0359PHD120151 ,LC ,873 ,MS ,5274 ,VMS - Comparative Biosciences ,  ,  ,3,0,3,0,0,1,0,1,0,0,0,1,0,0,0,0,2,2,1,10KS5274MS120151 ,LC ,873 ,PHD ,5274 ,VMS - Comparative Biosciences ,  ,  ,8,3,5,0,2,1,0,0,0,0,0,5,0,0,0,0,1,2,6,10KS5274PHD120151 ,LC ,873 ,PHD ,5274 ,VMS - Comparative Biosciences ,5272 ,Comp Biosci Research Scholars ,1,1,0,0,1,0,0,0,0,0,0,0,0,0,0,0,0,1,0,10KS5274PHD120151 ,LC ,  ,  ,  ,Veterinary Medicine ,  ,***College total*** ,555,106,448,1,387,14,4,11,1,0,1,21,116,4,1,0,16,399,156,  ,,,,,,,,,,,,,,,,,,,,,,,,,,, ,,,,,,,,,,,,,,,,,,,,,,,,,,,120151 ,LG ,  ,  ,  ,Labor & Empl. Rel. ,  ,  ,  ,  ,  ,  ,  ,  ,  ,  ,  ,  ,  ,  ,  ,  ,  ,  ,  ,  ,  , 120151 ,LG ,568 ,MHRIR ,0364 ,Human Res & Industrial Rels ,  ,  ,144,44,100,0,45,17,17,6,2,0,2,55,0,19,2,0,19,73,71,10KS0364MHRI120151 ,LG ,568 ,PHD ,0364 ,Human Res & Industrial Rels ,  ,  ,10,4,6,0,2,0,0,0,0,0,0,7,1,0,0,0,0,4,6,10KS0364PHD120151 ,LG ,  ,  ,  ,Labor & Empl. Rel. ,  ,***College total*** ,154,48,106,0,47,17,17,6,2,0,2,62,1,19,2,0,19,77,77,  ,,,,,,,,,,,,,,,,,,,,,,,,,,, ,,,,,,,,,,,,,,,,,,,,,,,,,,,120151 ,LL ,  ,  ,  ,School of Social Work ,  ,  ,  ,  ,  ,  ,  ,  ,  ,  ,  ,  ,  ,  ,  ,  ,  ,  ,  ,  ,  , 120151 ,LL ,783 ,BSW ,0365 ,Social Work ,  ,  ,183,22,161,0,114,12,22,28,1,1,4,0,1,30,2,1,14,177,6,10LL0365BSW120151 ,LL ,783 ,MSW ,0365 ,Social Work ,  ,  ,3,1,2,0,2,0,1,0,0,0,0,0,0,1,0,0,0,2,1,10KS0365MSW120151 ,LL ,783 ,MSW ,0365 ,Social Work ,5077 ,Health Care ,33,2,31,0,23,1,2,5,0,0,0,1,1,2,0,0,1,29,4,10KS0365MSW120151 ,LL ,783 ,MSW ,0365 ,Social Work ,5078 ,Mental Health ,67,5,62,0,47,4,10,2,0,0,2,2,0,12,0,0,4,58,9,10KS0365MSW120151 ,LL ,783 ,MSW ,0365 ,Social Work ,5078 ,Mental Health ,1,0,1,0,1,0,0,0,0,0,0,0,0,0,0,0,0,1,0,10KS0365MSWX120151 ,LL ,783 ,MSW ,0365 ,Social Work ,5079 ,School Social Work ,34,2,32,0,27,1,0,4,0,0,2,0,0,3,0,0,1,31,3,10KS0365MSW120151 ,LL ,783 ,MSW ,0365 ,Social Work ,5217 ,"Advocacy, Ldrshp, Socl Change ",14,4,10,0,6,2,3,2,0,0,0,1,0,3,0,0,2,12,2,10KS0365MSW120151 ,LL ,783 ,MSW ,0365 ,Social Work ,5218 ,"Children, Youth, Family Svcs ",17,2,15,0,6,1,6,3,0,0,0,1,0,6,0,0,1,15,2,10KS0365MSW120151 ,LL ,783 ,NDEG ,0365 ,Social Work ,  ,  ,3,0,3,0,2,0,0,1,0,0,0,0,0,0,0,0,0,3,0,10LL0365NDEG120151 ,LL ,783 ,PHD ,0365 ,Social Work ,  ,  ,25,8,17,0,13,0,1,0,0,0,1,10,0,1,0,0,1,11,14,10KS0365PHD120151 ,LL ,  ,  ,  ,School of Social Work ,  ,***College total*** ,380,46,334,0,241,21,45,45,1,1,9,15,2,58,2,1,24,339,41,  ,,,,,,,,,,,,,,,,,,,,,,,,,,, ,,,,,,,,,,,,,,,,,,,,,,,,,,,120151 ,LN ,  ,  ,  ,Center Innov in Teach Learn ,  ,  ,  ,  ,  ,  ,  ,  ,  ,  ,  ,  ,  ,  ,  ,  ,  ,  ,  ,  ,  , 120151 ,LN ,641 ,NDEG ,1249 ,Nondegree-CE ,  ,  ,57,15,42,0,42,0,6,4,1,0,1,1,2,7,2,0,0,3,54,10LN1249NDEJ120151 ,LN ,  ,  ,  ,Center Innov in Teach Learn ,  ,***College total*** ,57,15,42,0,42,0,6,4,1,0,1,1,2,7,2,0,0,3,54,  ,,,,,,,,,,,,,,,,,,,,,,,,,,, ,,,,,,,,,,,,,,,,,,,,,,,,,,,120151 ,LP ,  ,  ,  ,Library & Info Sci ,  ,  ,  ,  ,  ,  ,  ,  ,  ,  ,  ,  ,  ,  ,  ,  ,  ,  ,  ,  ,  , 120151 ,LP ,992 ,CAS ,0370 ,Library & Information Science ,  ,  ,7,1,6,0,5,0,0,1,0,0,0,1,0,0,0,0,0,4,3,10KS0370CAS120151 ,LP ,992 ,CAS ,0370 ,Library & Information Science ,  ,  ,2,0,2,0,2,0,0,0,0,0,0,0,0,0,0,0,0,2,0,10KS0370CASU120151 ,LP ,992 ,MS ,0370 ,Library & Information Science ,  ,  ,189,49,140,0,149,2,8,11,0,0,6,9,4,11,2,2,7,123,66,10KS0370MS120151 ,LP ,992 ,MS ,0370 ,Library & Information Science ,  ,  ,6,1,5,0,4,1,0,0,0,0,0,1,0,0,0,0,1,4,2,10KS0370MSU120151 ,LP ,992 ,MS ,4026 ,Bioinformatics ,5098 ,Library & Information Science ,3,0,3,0,0,0,0,0,0,0,0,3,0,0,0,0,0,0,3,10KS5098MS120151 ,LP ,992 ,PHD ,0370 ,Library & Information Science ,  ,  ,60,19,41,0,33,4,5,4,0,0,0,14,0,7,0,0,4,22,38,10KS0370PHD120151 ,LP ,  ,  ,  ,Library & Info Sci ,  ,***College total*** ,267,70,197,0,193,7,13,16,0,0,6,28,4,18,2,2,12,155,112,  ,,,,,,,,,,,,,,,,,,,,,,,,,,, ,,,,,,,,,,,,,,,,,,,,,,,,,,,