"UIUC On-Campus Student Enrollment by Curriculum, Sex, Race/Ethnicity, and Residency",,,,,,,,,,,,,,,,,,,,,,,,,SPRING 2011,,,,,,,,"PUBLICATION DATE:  FEBRUARY 9, 2011",,,,,,,,,,* This section uses the new Federal IPEDS guidelines for reporting racial and ethnic data. ,,,,,,,Division of Management Information,,,,,,*** This report is derived from the Registration Census 10-day student statistics.  Any Codebook changes made after ,,,,,,,,,,,,"   For more information on these guidelines, see  ",,,,http://www.vpaa.uillinois.edu/RaceEthnicity/index.cfm,,,,,,,,,the tenth day of class will not be reflected.  Students obtaining a second bachelor's degree are no longer counted separately.,,,,,,,,,,,,,,,All students including multiracial and Hispanic,,,,Term/Year Code,Coll,Dept,Degree,Major code,Major Name,Conc code,Concentration Name (if any),Total,By Gender,,,By Self-reported Race/Ethnicity (NEW*),,,,,,,,,,,By Residency,,Academic Program Code,,,,,,,,,Men,Women,Unknown,Caucasian,Asian American,African American,Hispanic,Native American,Hawaiian/Pacific Isl,Multiracial,International,Unknown,All   African American,All    Native American,Illinois,Non-Illinois,,,,,,,,,,,,,,,,,,,,,,,,,,120111 , , , , ,***Campus total*** , , ,40239,21662,18551,26,23052,4559,2047,2447,52,48,685,6937,412,2272,252,28536,11703,120111 , , , , ,Undergraduate , , ,29838,16100,13716,22,18027,3882,1665,2050,39,44,549,3332,250,1834,183,24743,5095,120111 , , , , ,Graduate , , ,9292,5098,4192,2,4192,601,340,330,9,3,115,3580,122,390,60,3049,6243,120111 , , , , ,Professional , , ,1109,464,643,2,833,76,42,67,4,1,21,25,40,48,9,744,365,,,,,,,,,,,,,,,,,,,,,,,,,,120111 ,KL ,  ,  ,  ,"Agr, Cons, Env Sci ",  ,  ,  ,  ,  ,  ,  ,  ,  ,  ,  ,  ,  ,  ,  ,  ,  ,  ,  , 120111 ,KL ,306 ,MS ,5186 ,Bioenergy ,5166 ,Professional Science Masters ,6,4,2,0,5,0,0,0,0,0,0,1,0,0,0,4,2,1PKS5186MS120111 ,KL ,306 ,MS ,5188 ,Agricultural Production ,5166 ,Professional Science Masters ,4,2,2,0,3,0,0,1,0,0,0,0,0,0,0,4,0,1PKS5188MS120111 ,KL ,470 ,BS ,0176 ,Agr & Consumer Economics ,5003 ,Agri-Accounting ,81,42,39,0,47,11,8,4,0,0,1,10,0,8,1,70,11,10KL5003BS120111 ,KL ,470 ,BS ,0176 ,Agr & Consumer Economics ,5004 ,Agri-Finance ,66,49,17,0,49,5,0,1,0,0,2,9,0,1,0,55,11,10KL5004BS120111 ,KL ,470 ,BS ,0176 ,Agr & Consumer Economics ,5005 ,Farm Management ,27,26,1,0,27,0,0,0,0,0,0,0,0,0,0,27,0,10KL5005BS120111 ,KL ,470 ,BS ,0176 ,Agr & Consumer Economics ,5006 ,Agribusiness Markets & Mgmt ,126,88,38,0,109,5,4,2,0,0,1,5,0,4,0,119,7,10KL5006BS120111 ,KL ,470 ,BS ,0176 ,Agr & Consumer Economics ,5007 ,Consumer Economics & Finance ,67,50,17,0,57,3,0,3,0,0,0,4,0,0,1,60,7,10KL5007BS120111 ,KL ,470 ,BS ,0176 ,Agr & Consumer Economics ,5008 ,Envirnmntal Economics & Policy ,30,22,8,0,19,2,0,3,0,0,1,5,0,0,1,25,5,10KL5008BS120111 ,KL ,470 ,BS ,0176 ,Agr & Consumer Economics ,5010 ,"Policy, Intl Trade, & Dvlpmt ",41,25,16,0,25,7,1,4,0,0,0,4,0,1,0,36,5,10KL5010BS120111 ,KL ,470 ,BS ,0176 ,Agr & Consumer Economics ,5011 ,Public Policy and Law ,40,19,21,0,24,4,2,7,0,0,0,1,2,3,0,38,2,10KL5011BS120111 ,KL ,470 ,BS ,0176 ,Agr & Consumer Economics ,5136 ,Financial Planning ,67,43,24,0,42,1,3,2,0,0,1,18,0,4,0,49,18,10KL5136BS120111 ,KL ,470 ,MS ,0176 ,Agr & Consumer Economics ,  ,  ,20,12,8,0,9,1,0,0,0,0,0,10,0,0,0,5,15,10KS0176MS120111 ,KL ,470 ,MS ,5273 ,Agricultural & Applied Econ ,  ,  ,11,5,6,0,7,1,0,0,0,0,0,3,0,0,0,4,7,10KS5273MS120111 ,KL ,470 ,PHD ,0176 ,Agr & Consumer Economics ,  ,  ,29,16,13,0,7,0,2,0,0,0,0,20,0,2,0,2,27,10KS0176PHD120111 ,KL ,470 ,PHD ,5273 ,Agricultural & Applied Econ ,  ,  ,18,12,6,0,2,2,1,0,0,0,0,13,0,1,0,1,17,10KS5273PHD120111 ,KL ,483 ,NDEG ,0067 ,Nondegree ,  ,  ,65,38,27,0,48,0,1,2,0,0,1,12,1,1,1,53,12,10KL0067NDEG120111 ,KL ,538 ,BS ,0002 ,Animal Sciences ,0005 ,Animal Business Mgt and Ind ,11,4,7,0,10,0,1,0,0,0,0,0,0,1,0,11,0,10KL0005BS120111 ,KL ,538 ,BS ,0002 ,Animal Sciences ,0006 ,"Companion,Rec,Lab An Sci ",61,9,52,0,53,2,2,4,0,0,0,0,0,2,0,58,3,10KL0006BS120111 ,KL ,538 ,BS ,0002 ,Animal Sciences ,0007 ,Food Animal Science ,17,6,11,0,17,0,0,0,0,0,0,0,0,0,0,17,0,10KL0007BS120111 ,KL ,538 ,BS ,0002 ,Animal Sciences ,0008 ,"Science, Biotech & Pre-VetMed ",183,32,151,0,151,13,5,11,1,0,1,0,1,6,3,181,2,10KL0008BS120111 ,KL ,538 ,BS ,0002 ,Animal Sciences ,5267 ,Technology and Management ,6,1,5,0,6,0,0,0,0,0,0,0,0,0,0,6,0,10KL0002BS120111 ,KL ,538 ,BS ,0002 ,Animal Sciences ,5268 ,Companion Animal & Equine Sci ,46,5,41,0,40,0,4,1,0,0,0,1,0,4,0,45,1,10KL0002BS120111 ,KL ,538 ,BS ,0002 ,Animal Sciences ,5269 ,"Science, Pre-Vet Med and Med ",136,28,107,1,104,5,5,17,0,0,1,3,1,5,0,130,6,10KL0002BS120111 ,KL ,538 ,MS ,0002 ,Animal Sciences ,  ,  ,51,22,29,0,34,1,1,1,0,0,1,12,1,1,0,33,18,10KS0002MS120111 ,KL ,538 ,MS ,4026 ,Bioinformatics ,5099 ,Animal Science ,4,4,0,0,0,0,0,0,0,0,0,4,0,0,0,0,4,10KS5099MS120111 ,KL ,538 ,PHD ,0002 ,Animal Sciences ,  ,  ,51,33,18,0,20,0,0,1,0,0,0,30,0,0,0,9,42,10KS0002PHD120111 ,KL ,698 ,BS ,0037 ,Food Science & Human Nutrition ,0038 ,Food Science ,101,29,72,0,54,15,3,4,0,1,3,21,0,3,2,80,21,10KL0038BS120111 ,KL ,698 ,BS ,0037 ,Food Science & Human Nutrition ,0039 ,Food Industry and Business ,27,12,15,0,19,0,1,3,0,0,0,4,0,1,0,22,5,10KL0039BS120111 ,KL ,698 ,BS ,0037 ,Food Science & Human Nutrition ,0040 ,Human Nutrition ,106,13,93,0,66,14,6,7,0,1,2,9,1,6,0,90,16,10KL0040BS120111 ,KL ,698 ,BS ,0037 ,Food Science & Human Nutrition ,0041 ,Dietetics ,67,2,65,0,55,4,1,1,0,0,2,2,2,1,1,62,5,10KL0041BS120111 ,KL ,698 ,BS ,0037 ,Food Science & Human Nutrition ,0042 ,Hospitality Management ,69,20,49,0,49,4,2,5,0,0,0,9,0,2,0,60,9,10KL0042BS120111 ,KL ,698 ,MS ,0037 ,Food Science & Human Nutrition ,  ,  ,10,0,10,0,1,0,0,0,0,0,0,9,0,0,0,1,9,10KS0037MS120111 ,KL ,698 ,MS ,0037 ,Food Science & Human Nutrition ,0038 ,Food Science ,16,8,8,0,9,0,1,0,0,0,0,6,0,1,0,5,11,10KS0037MS120111 ,KL ,698 ,MS ,0037 ,Food Science & Human Nutrition ,0040 ,Human Nutrition ,8,2,6,0,3,0,1,0,0,0,0,3,1,1,0,4,4,10KS0037MS120111 ,KL ,698 ,MS ,0037 ,Food Science & Human Nutrition ,5166 ,Professional Science Masters ,3,1,2,0,1,1,0,0,0,0,1,0,0,0,0,2,1,1PKS0037MS120111 ,KL ,698 ,PHD ,0037 ,Food Science & Human Nutrition ,  ,  ,21,7,14,0,6,1,0,0,0,0,0,14,0,0,0,3,18,10KS0037PHD120111 ,KL ,698 ,PHD ,0037 ,Food Science & Human Nutrition ,0038 ,Food Science ,7,2,5,0,2,1,0,0,0,0,0,4,0,0,0,2,5,10KS0037PHD120111 ,KL ,698 ,PHD ,0037 ,Food Science & Human Nutrition ,0040 ,Human Nutrition ,3,1,2,0,0,1,0,0,0,0,0,2,0,0,0,0,3,10KS0037PHD120111 ,KL ,741 ,BS ,0025 ,Technical Systems Management ,  ,  ,163,150,13,0,109,13,11,15,0,0,3,11,1,11,0,147,16,10KL0025BS120111 ,KL ,741 ,BSAG ,0029 ,Agr Engineering & Agr Science ,  ,  ,28,24,4,0,24,1,1,1,0,0,1,0,0,2,0,27,1,10KL0029BSAG120111 ,KL ,741 ,BSAG ,5163 ,Agricultural & Biological Engr ,  ,  ,30,25,5,0,21,5,1,1,0,0,0,2,0,1,0,26,4,10KL5163BSAG120111 ,KL ,793 ,BS ,0043 ,Agr & Environmental Cmc & Educ ,  ,  ,1,1,0,0,0,1,0,0,0,0,0,0,0,0,0,1,0,10KL5033BS120111 ,KL ,793 ,BS ,0043 ,Agr & Environmental Cmc & Educ ,0046 ,Agricultural Leadership ,15,6,9,0,10,0,3,0,0,0,1,1,0,4,0,14,1,10KL0046BS120111 ,KL ,793 ,BS ,0043 ,Agr & Environmental Cmc & Educ ,0047 ,Agricultural Education ,27,6,21,0,25,1,1,0,0,0,0,0,0,1,0,26,1,10KL0047BS120111 ,KL ,793 ,BS ,0043 ,Agr & Environmental Cmc & Educ ,5033 ,"Agr, Cons, Env Sci Communictn ",49,10,39,0,46,0,2,0,0,0,1,0,0,3,1,49,0,10KL5033BS120111 ,KL ,793 ,BS ,0048 ,Human Development & Family St ,0049 ,Child and Adolescent Dev ,148,10,138,0,100,14,15,9,0,1,1,5,3,15,0,141,7,10KL0049BS120111 ,KL ,793 ,BS ,0048 ,Human Development & Family St ,0050 ,Family Studies ,64,8,56,0,43,0,7,10,0,0,3,0,1,8,0,60,4,10KL0050BS120111 ,KL ,793 ,MS ,0181 ,Agricultural Education ,  ,  ,6,2,4,0,5,0,0,0,0,0,1,0,0,0,0,5,1,10KS0181MS120111 ,KL ,793 ,MS ,0183 ,Human & Community Development ,  ,  ,3,0,3,0,3,0,0,0,0,0,0,0,0,0,0,3,0,10KS0183MS120111 ,KL ,793 ,PHD ,0183 ,Human & Community Development ,  ,  ,23,3,20,0,13,2,3,0,0,0,1,4,0,3,0,5,18,10KS0183PHD120111 ,KL ,793 ,PHD ,0183 ,Human & Community Development ,5126 ,Human Development & Family St ,8,3,5,0,4,2,1,1,0,0,0,0,0,1,0,2,6,10KS0183PHD120111 ,KL ,802 ,BS ,0030 ,Crop Sciences ,0031 ,Agroecology ,2,2,0,0,2,0,0,0,0,0,0,0,0,0,0,2,0,10KL0031BS120111 ,KL ,802 ,BS ,0030 ,Crop Sciences ,0033 ,Crops ,26,19,7,0,26,0,0,0,0,0,0,0,0,0,0,26,0,10KL0033BS120111 ,KL ,802 ,BS ,0030 ,Crop Sciences ,0034 ,Crop Agribusiness ,40,30,10,0,40,0,0,0,0,0,0,0,0,0,0,40,0,10KL0034BS120111 ,KL ,802 ,BS ,0030 ,Crop Sciences ,0035 ,Plant Biotech & Molecular Bio ,24,13,11,0,20,0,0,0,1,0,1,2,0,1,1,22,2,10KL0035BS120111 ,KL ,802 ,BS ,0030 ,Crop Sciences ,0036 ,Biological Sciences ,4,2,2,0,1,1,1,0,1,0,0,0,0,1,1,4,0,10KL0036BS120111 ,KL ,802 ,BS ,0030 ,Crop Sciences ,5123 ,Integrated Pest Management ,1,0,1,0,0,0,0,0,0,0,0,0,1,0,0,1,0,10KL5123BS120111 ,KL ,802 ,BS ,0063 ,Horticulture ,0064 ,Horticulture Science ,3,2,1,0,2,0,0,1,0,0,0,0,0,0,0,3,0,10KL0063BS120111 ,KL ,802 ,BS ,0063 ,Horticulture ,0065 ,Production and Management ,26,17,9,0,24,0,1,1,0,0,0,0,0,1,0,25,1,10KL0063BS120111 ,KL ,802 ,BS ,0063 ,Horticulture ,0065 ,Production and Management ,8,4,4,0,6,0,0,0,0,0,0,1,1,0,0,7,1,10KL0065BS120111 ,KL ,802 ,MS ,0030 ,Crop Sciences ,  ,  ,48,36,12,0,28,3,0,0,0,0,0,16,1,0,0,26,22,10KS0030MS120111 ,KL ,802 ,MS ,0030 ,Crop Sciences ,  ,  ,1,0,1,0,1,0,0,0,0,0,0,0,0,0,0,1,0,10KS0030MSU120111 ,KL ,802 ,MS ,4026 ,Bioinformatics ,  ,  ,1,0,1,0,1,0,0,0,0,0,0,0,0,0,0,0,1,10KS5100MS120111 ,KL ,802 ,MS ,4026 ,Bioinformatics ,5100 ,Crop Science ,5,5,0,0,0,1,0,0,0,0,0,4,0,0,0,0,5,10KS5100MS120111 ,KL ,802 ,PHD ,0030 ,Crop Sciences ,  ,  ,49,37,12,0,23,2,0,0,0,0,0,24,0,0,0,13,36,10KS0030PHD120111 ,KL ,875 ,BS ,0051 ,Natural Resrcs & Environ Sci ,0057 ,Fish and Wildlife Conservation ,21,12,9,0,18,2,0,0,0,0,1,0,0,0,0,21,0,10KL0051BS120111 ,KL ,875 ,BS ,0051 ,Natural Resrcs & Environ Sci ,0057 ,Fish and Wildlife Conservation ,23,11,12,0,20,0,0,2,0,0,0,1,0,0,0,22,1,10KL0057BS120111 ,KL ,875 ,BS ,0051 ,Natural Resrcs & Environ Sci ,3870 ,Forest Science ,7,6,1,0,6,0,0,1,0,0,0,0,0,0,0,7,0,10KL3870BS120111 ,KL ,875 ,BS ,0051 ,Natural Resrcs & Environ Sci ,3871 ,Human Dimensions ,14,3,11,0,10,2,1,1,0,0,0,0,0,1,0,13,1,10KL3871BS120111 ,KL ,875 ,BS ,0051 ,Natural Resrcs & Environ Sci ,3872 ,Resource Ecology ,15,11,4,0,11,1,0,1,0,0,0,1,1,0,0,14,1,10KL3872BS120111 ,KL ,875 ,BS ,0051 ,Natural Resrcs & Environ Sci ,3873 ,Soil and Water Science ,8,5,3,0,6,1,0,1,0,0,0,0,0,0,0,7,1,10KL3873BS120111 ,KL ,875 ,BS ,0051 ,Natural Resrcs & Environ Sci ,5239 ,Humn Dimnsns of the Environmnt ,29,16,13,0,21,3,1,0,0,0,2,2,0,2,1,26,3,10KL0051BS120111 ,KL ,875 ,BS ,0051 ,Natural Resrcs & Environ Sci ,5240 ,Resrce Cons & Restoration Ecol ,49,22,27,0,38,1,0,2,0,0,2,6,0,1,0,41,8,10KL0051BS120111 ,KL ,875 ,BS ,0051 ,Natural Resrcs & Environ Sci ,5241 ,Globl Chg & Landscape Dynamics ,14,9,5,0,9,1,1,0,0,0,1,2,0,1,0,12,2,10KL0051BS120111 ,KL ,875 ,MS ,0190 ,Natural Res & Env Sciences ,  ,  ,49,29,20,0,40,2,0,2,0,0,0,5,0,0,0,20,29,10KS0190MS120111 ,KL ,875 ,PHD ,0190 ,Natural Res & Env Sciences ,  ,  ,26,17,9,0,14,0,0,1,0,0,1,10,0,0,1,12,14,10KS0190PHD120111 ,KL ,971 ,MS ,0191 ,Nutritional Sciences ,  ,  ,24,7,17,0,14,3,1,1,0,0,0,5,0,1,0,11,13,10KS0191MS120111 ,KL ,971 ,PHD ,0191 ,Nutritional Sciences ,  ,  ,31,9,22,0,17,4,0,2,0,0,1,7,0,1,0,10,21,10KS0191PHD120111 ,KL ,  ,  ,  ,"Agr, Cons, Env Sci ",  ,***College total*** ,2815,1266,1548,1,1981,170,106,137,3,3,39,357,19,118,15,2265,550,  ,,,,,,,,,,,,,,,,,,,,,,,,, ,,,,,,,,,,,,,,,,,,,,,,,,,120111 ,KM ,  ,  ,  ,Business ,  ,  ,  ,  ,  ,  ,  ,  ,  ,  ,  ,  ,  ,  ,  ,  ,  ,  ,  , 120111 ,KM ,230 ,MBA ,9875 ,Business Administration (MBA) ,  ,  ,17,15,2,0,9,1,1,1,0,0,0,4,1,1,0,15,2,10KS4064MBA120111 ,KM ,230 ,MBA ,9875 ,Business Administration (MBA) ,  ,  ,193,126,67,0,69,26,10,3,0,0,4,76,5,10,1,92,101,10KS9875MBA120111 ,KM ,230 ,MBA ,9875 ,Business Administration (MBA) ,4064 ,MBA ,90,64,26,0,57,13,8,1,0,0,2,6,3,9,1,90,0,10KS4064MBA120111 ,KM ,260 ,BS ,0075 ,Finance ,  ,  ,471,344,127,0,269,84,12,33,0,0,5,66,2,13,1,385,86,10KM0075BS120111 ,KM ,260 ,MS ,0075 ,Finance ,  ,  ,1,1,0,0,0,0,0,1,0,0,0,0,0,1,0,0,1,10KS0075MS120111 ,KM ,260 ,MS ,0075 ,Finance ,  ,  ,116,65,51,0,7,10,0,0,0,0,0,97,2,0,0,6,110,10KS0075MSK120111 ,KM ,260 ,NDEG ,0075 ,Finance ,  ,  ,16,10,6,0,0,0,0,0,0,0,0,16,0,0,0,0,16,10KS0075NDEG120111 ,KM ,260 ,PHD ,0075 ,Finance ,  ,  ,22,11,11,0,0,1,0,0,0,0,0,21,0,0,0,1,21,10KS0075PHD120111 ,KM ,346 ,BS ,0071 ,Accountancy ,  ,  ,873,490,383,0,440,180,33,44,1,1,5,166,3,35,1,643,230,10KM0071BS120111 ,KM ,346 ,MAS ,0071 ,Accountancy ,  ,  ,219,125,94,0,148,37,2,4,0,0,1,23,4,2,0,179,40,10KS0071MAS120111 ,KM ,346 ,MS ,0071 ,Accountancy ,  ,  ,133,23,110,0,5,6,0,0,0,0,0,122,0,0,0,4,129,10KS0071MSK120111 ,KM ,346 ,MS ,5187 ,Taxation ,  ,  ,29,16,13,0,12,4,3,0,0,0,1,3,6,3,0,7,22,10KS5187MSK2120111 ,KM ,346 ,NDEG ,0071 ,Accountancy ,0073 ,Accountancy Postb ,10,6,4,0,5,2,0,3,0,0,0,0,0,0,0,9,1,10KM0073NDEG120111 ,KM ,346 ,PHD ,0071 ,Accountancy ,  ,  ,26,14,12,0,12,0,1,0,0,0,1,12,0,1,1,6,20,10KS0071PHD120111 ,KM ,902 ,BS ,0079 ,Business Administration ,0080 ,Marketing ,2,1,1,0,2,0,0,0,0,0,0,0,0,0,0,2,0,10KM0080BS120111 ,KM ,902 ,BS ,0079 ,Business Administration ,0081 ,Organizational Administration ,2,1,1,0,1,0,0,0,0,0,0,1,0,0,0,1,1,10KM0081BS120111 ,KM ,902 ,BS ,1432 ,Marketing ,  ,  ,119,42,77,0,77,8,13,11,0,0,3,6,1,13,0,105,14,10KM1432BS120111 ,KM ,902 ,BS ,1432 ,Marketing ,  ,  ,107,33,74,0,73,9,6,16,0,0,3,0,0,6,0,99,8,10KM8037BS120111 ,KM ,902 ,BS ,5070 ,Information Sys & Info Tech ,  ,  ,22,16,6,0,12,4,1,2,0,0,1,2,0,1,0,18,4,10KM5070BS120111 ,KM ,902 ,BS ,5070 ,Information Sys & Info Tech ,  ,  ,14,12,2,0,5,1,5,1,0,0,1,0,1,6,0,14,0,10KM8037BS120111 ,KM ,902 ,BS ,5071 ,Supply Chain Management ,  ,  ,22,11,11,0,17,3,0,0,0,0,0,1,1,0,0,20,2,10KM5071BS120111 ,KM ,902 ,BS ,5071 ,Supply Chain Management ,  ,  ,36,22,14,0,24,5,0,3,0,0,0,3,1,0,0,32,4,10KM8037BS120111 ,KM ,902 ,BS ,5072 ,Business Process Management ,  ,  ,17,12,5,0,10,3,1,1,0,0,1,1,0,1,0,13,4,10KM5072BS120111 ,KM ,902 ,BS ,5072 ,Business Process Management ,  ,  ,10,4,6,0,6,2,0,1,0,0,1,0,0,0,0,9,1,10KM8037BS120111 ,KM ,902 ,BS ,5073 ,Management ,  ,  ,1,1,0,0,1,0,0,0,0,0,0,0,0,0,0,1,0,10KM5073BS120111 ,KM ,902 ,BS ,5073 ,Management ,0086 ,Entrepreneurship ,22,14,8,0,16,1,2,1,0,0,0,2,0,2,0,19,3,10KM5073BS120111 ,KM ,902 ,BS ,5073 ,Management ,0086 ,Entrepreneurship ,14,6,8,0,7,2,1,1,0,0,0,2,1,1,0,11,3,10KM8037BS120111 ,KM ,902 ,BS ,5073 ,Management ,5074 ,International Business ,47,23,24,0,29,8,2,6,0,0,0,2,0,2,0,42,5,10KM5073BS120111 ,KM ,902 ,BS ,5073 ,Management ,5074 ,International Business ,16,8,8,0,9,2,3,0,0,0,0,2,0,3,0,12,4,10KM8037BS120111 ,KM ,902 ,BS ,5073 ,Management ,5075 ,General Management ,49,26,22,1,36,5,3,5,0,0,0,0,0,3,0,46,3,10KM5073BS120111 ,KM ,902 ,BS ,5073 ,Management ,5075 ,General Management ,17,2,15,0,9,3,2,2,0,0,1,0,0,2,0,14,3,10KM8037BS120111 ,KM ,902 ,MS ,5148 ,Technology Management ,  ,  ,57,40,17,0,1,3,0,0,0,0,0,53,0,0,0,3,54,10KS5148MSK120111 ,KM ,902 ,PHD ,0079 ,Business Administration ,  ,  ,48,27,21,0,11,3,0,0,0,0,0,34,0,0,0,2,46,10KS0079PHD120111 ,KM ,938 ,MBA ,9875 ,Business Administration (MBA) ,  ,  ,3,1,1,1,2,0,0,0,0,0,0,0,1,0,0,3,0,10KS3924MBA2120111 ,KM ,938 ,MBA ,9875 ,Business Administration (MBA) ,3924 ,Executive Program ,69,56,13,0,46,6,9,1,0,0,0,3,4,9,0,64,5,10KS3924MBA2120111 ,KM ,952 ,NDEG ,0067 ,Nondegree ,  ,  ,58,33,25,0,0,1,0,0,0,0,0,54,3,0,0,1,57,10KM0067NDEG120111 ,KM ,952 ,NONE ,0070 ,Curric Unassigned ,  ,  ,799,457,342,0,504,122,29,60,1,0,11,66,6,34,4,665,134,10KM0070NONE120111 ,KM ,  ,  ,  ,Business ,  ,***College total*** ,3767,2158,1607,2,1931,555,147,201,2,1,41,844,45,158,9,2633,1134,  ,,,,,,,,,,,,,,,,,,,,,,,,, ,,,,,,,,,,,,,,,,,,,,,,,,,120111 ,KN ,  ,  ,  ,Education ,  ,  ,  ,  ,  ,  ,  ,  ,  ,  ,  ,  ,  ,  ,  ,  ,  ,  ,  , 120111 ,KN ,335 ,NDEG ,0067 ,Nondegree ,  ,  ,9,1,8,0,6,0,0,1,0,0,0,1,1,0,0,8,1,10KN0067NDEG120111 ,KN ,335 ,NONE ,4089 ,Pre-Early Chld/Elem Ed/Spec Ed ,  ,  ,263,17,246,0,208,23,8,15,0,1,4,4,0,9,0,253,10,10KN4089NONE120111 ,KN ,570 ,BS ,0093 ,Special Education ,  ,  ,74,8,66,0,62,2,1,4,0,0,3,1,1,1,1,72,2,10KN0093BS120111 ,KN ,570 ,EDM ,0093 ,Special Education ,  ,  ,36,8,28,0,30,3,2,0,0,0,0,1,0,2,0,32,4,10KS0093EDM120111 ,KN ,570 ,MA ,0093 ,Special Education ,  ,  ,2,1,1,0,1,0,0,0,0,0,0,0,1,0,0,2,0,10KS0093MA120111 ,KN ,570 ,MS ,0093 ,Special Education ,  ,  ,1,0,1,0,1,0,0,0,0,0,0,0,0,0,0,0,1,10KS0093MS120111 ,KN ,570 ,PHD ,0093 ,Special Education ,  ,  ,24,3,21,0,16,0,3,0,0,0,0,5,0,3,0,11,13,10KS0093PHD120111 ,KN ,613 ,BS ,0094 ,Early Childhood Education ,3966 ,ECh: Geography ,1,0,1,0,1,0,0,0,0,0,0,0,0,0,0,1,0,10KN3966BS120111 ,KN ,613 ,BS ,0094 ,Early Childhood Education ,3967 ,ECh: History ,4,0,4,0,2,0,2,0,0,0,0,0,0,2,0,4,0,10KN3967BS120111 ,KN ,613 ,BS ,0094 ,Early Childhood Education ,3968 ,ECh: Language arts ,8,0,8,0,4,1,2,1,0,0,0,0,0,2,0,8,0,10KN3968BS120111 ,KN ,613 ,BS ,0094 ,Early Childhood Education ,3970 ,ECh: Mathematics ,11,0,11,0,8,2,0,0,0,0,0,1,0,0,0,9,2,10KN3970BS120111 ,KN ,613 ,BS ,0094 ,Early Childhood Education ,3975 ,ECh: Psychology ,11,0,11,0,7,1,1,1,0,0,0,1,0,1,0,8,3,10KN3975BS120111 ,KN ,613 ,BS ,0094 ,Early Childhood Education ,3976 ,ECh: Sociology ,2,0,2,0,1,0,1,0,0,0,0,0,0,1,0,2,0,10KN3976BS120111 ,KN ,613 ,BS ,0094 ,Early Childhood Education ,4014 ,ECh: Spanish ,5,0,5,0,4,0,0,1,0,0,0,0,0,0,0,5,0,10KN4014BS120111 ,KN ,613 ,BS ,0095 ,Elementary Education ,3936 ,EIEd: Anthropology ,1,0,1,0,0,1,0,0,0,0,0,0,0,0,0,1,0,10KN3936BS120111 ,KN ,613 ,BS ,0095 ,Elementary Education ,3940 ,EIEd: Chemisty ,2,0,2,0,1,1,0,0,0,0,0,0,0,0,0,2,0,10KN3940BS120111 ,KN ,613 ,BS ,0095 ,Elementary Education ,3945 ,EIEd: Geography ,3,0,3,0,3,0,0,0,0,0,0,0,0,0,0,3,0,10KN3945BS120111 ,KN ,613 ,BS ,0095 ,Elementary Education ,3946 ,EIEd: History ,13,2,11,0,11,1,0,0,0,0,1,0,0,0,0,13,0,10KN3946BS120111 ,KN ,613 ,BS ,0095 ,Elementary Education ,3947 ,EIEd: Language Arts ,57,1,56,0,49,2,2,3,0,0,1,0,0,3,0,56,1,10KN3947BS120111 ,KN ,613 ,BS ,0095 ,Elementary Education ,3948 ,EIEd: Linguistics ,1,0,1,0,0,0,0,0,0,0,1,0,0,0,0,1,0,10KN3948BS120111 ,KN ,613 ,BS ,0095 ,Elementary Education ,3949 ,EIEd: Mathematics ,96,5,91,0,77,11,1,6,0,0,1,0,0,1,0,93,3,10KN3949BS120111 ,KN ,613 ,BS ,0095 ,Elementary Education ,3950 ,EIEd: Music ,1,0,1,0,1,0,0,0,0,0,0,0,0,0,0,1,0,10KN3950BS120111 ,KN ,613 ,BS ,0095 ,Elementary Education ,3951 ,EIEd: Philosophy ,1,0,0,1,1,0,0,0,0,0,0,0,0,0,0,1,0,10KN3951BS120111 ,KN ,613 ,BS ,0095 ,Elementary Education ,3953 ,EIEd: Political Science ,1,0,1,0,1,0,0,0,0,0,0,0,0,0,0,1,0,10KN3953BS120111 ,KN ,613 ,BS ,0095 ,Elementary Education ,3954 ,ElEd: Psychology ,19,1,18,0,17,0,2,0,0,0,0,0,0,2,0,19,0,10KN3954BS120111 ,KN ,613 ,BS ,0095 ,Elementary Education ,3955 ,ElEd: Sociology ,11,0,11,0,8,0,2,1,0,0,0,0,0,2,0,11,0,10KN3955BS120111 ,KN ,613 ,BS ,0095 ,Elementary Education ,3956 ,EIEd: Theatre ,1,0,1,0,0,0,0,1,0,0,0,0,0,0,0,1,0,10KN3956BS120111 ,KN ,613 ,BS ,0095 ,Elementary Education ,3996 ,EIEd: French ,6,0,6,0,5,0,0,1,0,0,0,0,0,0,0,6,0,10KN3996BS120111 ,KN ,613 ,BS ,0095 ,Elementary Education ,4004 ,EIEd: Spanish ,36,3,33,0,32,2,0,2,0,0,0,0,0,0,0,35,1,10KN4004BS120111 ,KN ,613 ,BS ,0095 ,Elementary Education ,5193 ,General Sciences ,9,0,9,0,9,0,0,0,0,0,0,0,0,0,0,9,0,10KN5193BS120111 ,KN ,613 ,BS ,0095 ,Elementary Education ,5194 ,ESL/Bilingual Education ,4,0,4,0,1,3,0,0,0,0,0,0,0,0,0,4,0,10KN5194BS120111 ,KN ,613 ,CAS ,0095 ,Elementary Education ,  ,  ,1,0,1,0,1,0,0,0,0,0,0,0,0,0,0,1,0,10KS0095CAS120111 ,KN ,613 ,EDD ,0215 ,Secondary & Continuing Educ ,  ,  ,1,0,1,0,1,0,0,0,0,0,0,0,0,0,0,1,0,10KS0215EDD120111 ,KN ,613 ,EDD ,1144 ,Curriculum and Instruction ,  ,  ,9,4,5,0,4,1,3,0,1,0,0,0,0,3,1,7,2,10KS1144EDD120111 ,KN ,613 ,EDM ,0095 ,Elementary Education ,  ,  ,2,0,2,0,2,0,0,0,0,0,0,0,0,0,0,2,0,10KS0095EDM120111 ,KN ,613 ,EDM ,0095 ,Elementary Education ,  ,  ,1,0,1,0,0,0,1,0,0,0,0,0,0,1,0,1,0,10KS0211EDM120111 ,KN ,613 ,EDM ,0095 ,Elementary Education ,0211 ,Elementary Ed - Cert ,10,2,8,0,6,1,2,0,0,0,1,0,0,2,0,10,0,10KS0211EDM120111 ,KN ,613 ,EDM ,0215 ,Secondary & Continuing Educ ,  ,  ,1,1,0,0,1,0,0,0,0,0,0,0,0,0,0,1,0,10KS0215EDM120111 ,KN ,613 ,EDM ,1144 ,Curriculum and Instruction ,  ,  ,46,8,38,0,34,4,3,1,0,0,1,2,1,3,0,44,2,10KS1144EDM120111 ,KN ,613 ,EDM ,5082 ,Early Childhood Education ,  ,  ,2,0,2,0,2,0,0,0,0,0,0,0,0,0,0,2,0,10KS5082EDM120111 ,KN ,613 ,EDM ,8527 ,Secondary Education ,  ,  ,1,0,1,0,1,0,0,0,0,0,0,0,0,0,0,1,0,10KS8527EDM120111 ,KN ,613 ,EDM ,8527 ,Secondary Education ,5224 ,English ,3,0,3,0,3,0,0,0,0,0,0,0,0,0,0,3,0,10KS8527EDM120111 ,KN ,613 ,EDM ,8527 ,Secondary Education ,5225 ,Social Studies ,2,2,0,0,2,0,0,0,0,0,0,0,0,0,0,2,0,10KS8527EDM120111 ,KN ,613 ,EDM ,8527 ,Secondary Education ,5226 ,Sciences ,2,2,0,0,0,1,0,0,0,0,0,0,1,0,0,2,0,10KS8527EDM120111 ,KN ,613 ,EDM ,8527 ,Secondary Education ,5227 ,Mathematics ,5,2,3,0,4,1,0,0,0,0,0,0,0,0,0,5,0,10KS8527EDM120111 ,KN ,613 ,MA ,1144 ,Curriculum and Instruction ,  ,  ,3,0,3,0,0,0,1,0,0,0,0,2,0,1,0,1,2,10KS1144MA120111 ,KN ,613 ,MS ,1144 ,Curriculum and Instruction ,  ,  ,2,1,1,0,1,0,0,0,0,0,0,1,0,0,0,1,1,10KS1144MS120111 ,KN ,613 ,PHD ,0095 ,Elementary Education ,  ,  ,24,3,21,0,6,0,1,1,0,0,0,16,0,1,0,7,17,10KS0095PHD120111 ,KN ,613 ,PHD ,0215 ,Secondary & Continuing Educ ,  ,  ,37,13,24,0,12,1,4,1,0,0,0,19,0,4,0,12,25,10KS0215PHD120111 ,KN ,613 ,PHD ,1144 ,Curriculum and Instruction ,  ,  ,41,10,31,0,22,4,0,4,0,0,0,11,0,0,0,18,23,10KS1144PHD120111 ,KN ,616 ,MA ,0210 ,Educational Psychology ,  ,  ,1,1,0,0,0,0,0,0,0,0,0,1,0,0,0,0,1,10KS0210MA120111 ,KN ,616 ,NDEG ,0210 ,Educational Psychology ,  ,  ,1,0,1,0,0,0,0,0,0,0,1,0,0,0,1,1,0,10KS0210NDEG120111 ,KN ,616 ,PHD ,0210 ,Educational Psychology ,  ,  ,87,23,64,0,33,3,9,9,0,0,2,31,0,11,1,20,67,10KS0210PHD120111 ,KN ,640 ,EDD ,0220 ,Educational Policy Studies ,  ,  ,1,0,1,0,0,0,0,1,0,0,0,0,0,0,0,0,1,10KS0220EDD120111 ,KN ,640 ,EDM ,0220 ,Educational Policy Studies ,  ,  ,4,2,2,0,0,0,1,1,0,0,2,0,0,3,0,4,0,10KS0220EDM120111 ,KN ,640 ,MA ,0220 ,Educational Policy Studies ,  ,  ,11,6,5,0,3,0,8,0,0,0,0,0,0,8,0,5,6,10KS0220MA120111 ,KN ,640 ,PHD ,0220 ,Educational Policy Studies ,  ,  ,131,43,88,0,30,7,42,31,2,0,1,16,2,47,7,66,65,10KS0220PHD120111 ,KN ,674 ,CAS ,0209 ,Ed Organization and Leadership ,  ,  ,4,2,2,0,3,0,1,0,0,0,0,0,0,1,0,4,0,10KS0209CAS120111 ,KN ,674 ,CAS ,0209 ,Ed Organization and Leadership ,5097 ,Educational Admin & Leadership ,1,0,1,0,0,0,1,0,0,0,0,0,0,1,0,1,0,10KS0209CAS120111 ,KN ,674 ,EDD ,0209 ,Ed Organization and Leadership ,  ,  ,30,18,12,0,26,1,3,0,0,0,0,0,0,3,0,30,0,10KS0209EDD120111 ,KN ,674 ,EDD ,0209 ,Ed Organization and Leadership ,  ,  ,6,3,3,0,6,0,0,0,0,0,0,0,0,0,0,6,0,10KS0209EDDX120111 ,KN ,674 ,EDD ,0209 ,Ed Organization and Leadership ,5096 ,Higher Education ,2,1,1,0,1,1,0,0,0,0,0,0,0,0,0,2,0,10KS0209EDD120111 ,KN ,674 ,EDD ,0209 ,Ed Organization and Leadership ,5097 ,Educational Admin & Leadership ,4,3,1,0,4,0,0,0,0,0,0,0,0,0,0,4,0,10KS0209EDD120111 ,KN ,674 ,EDM ,0209 ,Ed Organization and Leadership ,  ,  ,14,5,9,0,9,1,4,0,0,0,0,0,0,4,0,13,1,10KS0209EDM120111 ,KN ,674 ,EDM ,0209 ,Ed Organization and Leadership ,5096 ,Higher Education ,26,3,23,0,16,2,4,2,0,0,1,0,1,4,0,25,1,10KS0209EDM120111 ,KN ,674 ,EDM ,0209 ,Ed Organization and Leadership ,5097 ,Educational Admin & Leadership ,21,7,14,0,17,0,2,0,0,0,1,1,0,2,0,20,1,10KS0209EDM120111 ,KN ,674 ,MS ,0209 ,Ed Organization and Leadership ,  ,  ,1,1,0,0,1,0,0,0,0,0,0,0,0,0,0,1,0,10KS0209MS120111 ,KN ,674 ,MS ,0209 ,Ed Organization and Leadership ,5096 ,Higher Education ,3,2,1,0,1,0,1,1,0,0,0,0,0,1,0,2,1,10KS0209MS120111 ,KN ,674 ,PHD ,0209 ,Ed Organization and Leadership ,  ,  ,19,11,8,0,12,2,2,1,0,0,0,2,0,3,0,12,7,10KS0209PHD120111 ,KN ,674 ,PHD ,0209 ,Ed Organization and Leadership ,5096 ,Higher Education ,3,1,2,0,3,0,0,0,0,0,0,0,0,0,0,3,0,10KS0209PHD120111 ,KN ,760 ,CAS ,4096 ,Human Resource Education ,  ,  ,1,0,1,0,0,0,1,0,0,0,0,0,0,1,0,1,0,10KS4096CAS120111 ,KN ,760 ,EDD ,4096 ,Human Resource Education ,  ,  ,2,1,1,0,1,0,0,0,0,0,0,1,0,0,0,1,1,10KS4096EDD120111 ,KN ,760 ,EDD ,4096 ,Human Resource Education ,5137 ,Human Resource Development ,2,1,1,0,1,0,1,0,0,0,0,0,0,1,0,2,0,10KS4096EDD120111 ,KN ,760 ,EDM ,4096 ,Human Resource Education ,  ,  ,10,7,3,0,4,2,1,0,0,0,0,3,0,1,0,7,3,10KS4096EDM120111 ,KN ,760 ,EDM ,4096 ,Human Resource Education ,5137 ,Human Resource Development ,25,6,19,0,15,1,4,1,0,0,0,4,0,4,0,21,4,10KS4096EDM120111 ,KN ,760 ,MA ,0220 ,Educational Policy Studies ,  ,  ,1,0,1,0,0,0,1,0,0,0,0,0,0,1,0,1,0,10KS0220MA120111 ,KN ,760 ,MS ,4096 ,Human Resource Education ,5137 ,Human Resource Development ,7,3,4,0,1,1,0,0,0,0,0,5,0,0,0,2,5,10KS4096MS120111 ,KN ,760 ,PHD ,0220 ,Educational Policy Studies ,  ,  ,3,1,2,0,0,0,2,1,0,0,0,0,0,2,0,1,2,10KS0220PHD120111 ,KN ,760 ,PHD ,4096 ,Human Resource Education ,  ,  ,8,2,6,0,3,0,0,1,0,0,0,4,0,1,1,5,3,10KS4096PHD120111 ,KN ,760 ,PHD ,4096 ,Human Resource Education ,5137 ,Human Resource Development ,26,15,11,0,5,2,3,0,0,0,0,16,0,3,0,8,18,10KS4096PHD120111 ,KN ,  ,  ,  ,Education ,  ,***College total*** ,1361,266,1094,1,864,89,133,93,3,1,21,149,8,146,12,1061,300,  ,,,,,,,,,,,,,,,,,,,,,,,,, ,,,,,,,,,,,,,,,,,,,,,,,,,120111 ,KP ,  ,  ,  ,Engineering ,  ,  ,  ,  ,  ,  ,  ,  ,  ,  ,  ,  ,  ,  ,  ,  ,  ,  ,  , 120111 ,KP ,210 ,BS ,0118 ,Engineering Mechanics ,  ,  ,1,1,0,0,1,0,0,0,0,0,0,0,0,0,0,1,0,10KP0118BS120111 ,KP ,227 ,BS ,0102 ,Agricultural Engineering ,  ,  ,23,17,6,0,21,0,1,1,0,0,0,0,0,1,0,22,1,10KP0102BS120111 ,KP ,227 ,BS ,0102 ,Agricultural Engineering ,3907 ,Food & Bioprocess Engineering ,1,1,0,0,1,0,0,0,0,0,0,0,0,0,0,1,0,10KP0102BS120111 ,KP ,227 ,BS ,5163 ,Agricultural & Biological Engr ,  ,  ,72,49,23,0,51,10,1,3,0,0,0,5,2,1,0,62,10,10KP5163BS120111 ,KP ,227 ,MS ,0102 ,Agricultural Engineering ,  ,  ,2,1,1,0,0,1,0,0,0,0,0,1,0,0,0,1,1,10KS0102MS120111 ,KP ,227 ,MS ,5163 ,Agricultural & Biological Engr ,  ,  ,22,17,5,0,5,0,0,1,0,0,1,15,0,0,0,4,18,10KS5163MS120111 ,KP ,227 ,NDEG ,0067 ,Nondegree ,  ,  ,146,113,33,0,36,0,0,1,0,0,0,108,1,0,0,38,108,10KP0067NDEG120111 ,KP ,227 ,PHD ,0102 ,Agricultural Engineering ,  ,  ,8,8,0,0,1,0,0,0,0,0,0,7,0,0,0,1,7,10KS0102PHD120111 ,KP ,227 ,PHD ,5163 ,Agricultural & Biological Engr ,  ,  ,22,16,6,0,3,1,0,1,0,0,0,17,0,0,0,2,20,10KS5163PHD120111 ,KP ,244 ,BS ,0121 ,Engineering Physics ,  ,  ,126,111,15,0,87,14,0,4,0,1,5,14,1,0,1,99,27,10KP0121BS120111 ,KP ,244 ,MS ,0240 ,Physics ,  ,  ,1,1,0,0,1,0,0,0,0,0,0,0,0,0,0,1,0,10KS0240MS120111 ,KP ,244 ,MS ,0241 ,Teaching of Physics ,  ,  ,2,2,0,0,1,0,1,0,0,0,0,0,0,1,0,2,0,10KS0241MS120111 ,KP ,244 ,PHD ,0240 ,Physics ,  ,  ,251,220,31,0,105,15,1,3,0,0,2,120,5,1,0,22,229,10KS0240PHD120111 ,KP ,251 ,BS ,0106 ,Civil Engineering ,  ,  ,751,541,209,1,512,72,21,27,0,1,13,97,8,22,1,587,164,10KP0106BS120111 ,KP ,251 ,MS ,0106 ,Civil Engineering ,  ,  ,214,169,44,1,94,19,2,7,0,0,2,89,1,3,1,77,137,10KS0106MS120111 ,KP ,251 ,MS ,0231 ,Environ Engr in Civil Engr ,  ,  ,43,22,21,0,18,5,0,3,0,0,1,14,2,0,0,14,29,10KS0231MS120111 ,KP ,251 ,MS ,0232 ,Environ Science in Civil Engr ,  ,  ,2,0,2,0,0,0,0,0,0,0,0,2,0,0,0,0,2,10KS0232MS120111 ,KP ,251 ,NDEG ,0106 ,Civil Engineering ,  ,  ,1,1,0,0,0,0,1,0,0,0,0,0,0,1,0,1,0,10KS0106NDEG120111 ,KP ,251 ,PHD ,0106 ,Civil Engineering ,  ,  ,141,115,26,0,33,5,0,3,0,0,1,98,1,1,0,13,128,10KS0106PHD120111 ,KP ,251 ,PHD ,0231 ,Environ Engr in Civil Engr ,  ,  ,45,19,26,0,10,2,0,2,0,0,0,31,0,0,0,3,42,10KS0231PHD120111 ,KP ,251 ,PHD ,0232 ,Environ Science in Civil Engr ,  ,  ,3,1,2,0,0,0,0,0,0,0,0,2,1,0,0,0,3,10KS0232PHD120111 ,KP ,343 ,BS ,0408 ,Bioengineering ,  ,  ,153,95,58,0,98,32,0,7,1,0,5,10,0,0,1,127,26,10KP0408BS120111 ,KP ,343 ,MS ,0408 ,Bioengineering ,  ,  ,2,2,0,0,0,2,0,0,0,0,0,0,0,0,0,2,0,10KS0408MS120111 ,KP ,343 ,PHD ,0408 ,Bioengineering ,  ,  ,36,22,14,0,10,5,1,0,0,0,2,17,1,1,0,6,30,10KS0408PHD120111 ,KP ,422 ,BS ,0124 ,General Engineering ,  ,  ,379,294,85,0,255,52,5,21,0,2,4,39,1,6,2,313,66,10KP0124BS120111 ,KP ,422 ,BS ,0127 ,Industrial Engineering ,  ,  ,161,120,41,0,64,23,4,6,0,0,1,62,1,4,0,85,76,10KP0127BS120111 ,KP ,422 ,MS ,0127 ,Industrial Engineering ,  ,  ,8,5,3,0,2,0,0,0,0,0,0,6,0,0,0,2,6,10KS0127MS120111 ,KP ,422 ,MS ,3846 ,Systems & Entrepreneurial Engr ,  ,  ,7,6,1,0,7,0,0,0,0,0,0,0,0,0,0,6,1,10KS3846MS120111 ,KP ,422 ,PHD ,0127 ,Industrial Engineering ,  ,  ,29,18,11,0,2,0,0,0,0,0,0,27,0,0,0,0,29,10KS0127PHD120111 ,KP ,422 ,PHD ,3846 ,Systems & Entrepreneurial Engr ,  ,  ,17,13,4,0,4,0,1,0,0,0,0,12,0,1,0,4,13,10KS3846PHD120111 ,KP ,434 ,BS ,0112 ,Computer Science ,  ,  ,775,702,73,0,358,148,10,17,0,0,20,211,11,14,4,423,352,10KP0112BS120111 ,KP ,434 ,MCS ,0112 ,Computer Science ,  ,  ,9,9,0,0,4,0,0,0,0,0,0,5,0,0,0,4,5,10KS0112MCS120111 ,KP ,434 ,MS ,0112 ,Computer Science ,  ,  ,31,23,8,0,7,2,0,1,0,0,0,21,0,0,0,6,25,10KS0112MS120111 ,KP ,434 ,MS ,0112 ,Computer Science ,1854 ,CS:BS/MS Program ,9,7,2,0,6,0,0,0,0,0,0,2,1,0,0,6,3,10KS1854MS120111 ,KP ,434 ,MS ,4026 ,Bioinformatics ,4028 ,Computer Science ,2,1,1,0,1,0,0,0,0,0,0,1,0,0,0,2,0,10KS4028MS120111 ,KP ,434 ,PHD ,0112 ,Computer Science ,  ,  ,300,253,47,0,66,24,2,0,0,0,0,206,2,2,0,35,265,10KS0112PHD120111 ,KP ,545 ,MS ,5244 ,Financial Engineering ,  ,  ,25,20,5,0,2,2,0,0,0,0,0,21,0,0,0,3,22,10KS5244MS120111 ,KP ,615 ,BS ,4048 ,Aerospace Engineering ,  ,  ,351,302,49,0,239,45,5,17,3,1,5,32,4,6,6,279,72,10KP4048BS120111 ,KP ,615 ,MS ,4048 ,Aerospace Engineering ,  ,  ,82,69,13,0,30,12,0,3,0,0,0,37,0,0,0,26,56,10KS4048MS120111 ,KP ,615 ,NDEG ,4048 ,Aerospace Engineering ,  ,  ,1,1,0,0,0,1,0,0,0,0,0,0,0,0,0,1,0,10KS4048NDEG120111 ,KP ,615 ,PHD ,4048 ,Aerospace Engineering ,  ,  ,55,52,3,0,22,2,0,1,0,0,1,29,0,1,1,14,41,10KS4048PHD120111 ,KP ,917 ,BS ,0118 ,Engineering Mechanics ,  ,  ,131,110,21,0,81,15,2,6,0,0,3,24,0,2,0,97,34,10KP0118BS120111 ,KP ,917 ,BS ,0133 ,Mechanical Engineering ,  ,  ,728,655,72,1,478,88,14,25,1,3,12,102,5,14,3,541,187,10KP0133BS120111 ,KP ,917 ,BS ,0133 ,Mechanical Engineering ,  ,  ,1,1,0,0,1,0,0,0,0,0,0,0,0,0,0,1,0,10KP4018BS120111 ,KP ,917 ,MS ,0133 ,Mechanical Engineering ,  ,  ,137,126,11,0,55,11,0,5,0,0,0,66,0,0,0,37,100,10KS0133MS120111 ,KP ,917 ,MS ,0133 ,Mechanical Engineering ,4018 ,BS/MS Mechanical Engineering ,8,7,1,0,7,1,0,0,0,0,0,0,0,0,0,8,0,10KS4018MS120111 ,KP ,917 ,MS ,0242 ,Theoretical & Applied Mechans ,  ,  ,16,12,4,0,11,0,0,1,0,0,0,4,0,0,0,4,12,10KS0242MS120111 ,KP ,917 ,PHD ,0133 ,Mechanical Engineering ,  ,  ,140,123,17,0,25,3,1,1,0,0,0,109,1,1,0,11,129,10KS0133PHD120111 ,KP ,917 ,PHD ,0242 ,Theoretical & Applied Mechans ,  ,  ,29,24,5,0,9,1,0,1,0,0,0,18,0,0,0,7,22,10KS0242PHD120111 ,KP ,919 ,BS ,0130 ,Materials Science & Engr ,  ,  ,223,173,50,0,111,48,1,5,0,0,13,43,2,1,0,144,79,10KP0130BS120111 ,KP ,919 ,BS ,0130 ,Materials Science & Engr ,3908 ,Ceramics ,9,6,3,0,5,0,0,0,0,0,0,4,0,0,0,5,4,10KP3908BS120111 ,KP ,919 ,BS ,0130 ,Materials Science & Engr ,3909 ,Electronic Materials ,15,15,0,0,7,3,0,0,0,0,0,5,0,0,0,8,7,10KP3909BS120111 ,KP ,919 ,BS ,0130 ,Materials Science & Engr ,3910 ,Metals ,17,13,4,0,9,3,1,2,0,0,1,1,0,1,0,15,2,10KP3910BS120111 ,KP ,919 ,BS ,0130 ,Materials Science & Engr ,3911 ,Biomaterials ,24,16,8,0,17,4,0,0,0,0,1,2,0,0,0,21,3,10KP3911BS120111 ,KP ,919 ,BS ,0130 ,Materials Science & Engr ,3912 ,Polymer ,17,11,6,0,11,0,1,0,0,0,0,4,1,1,0,13,4,10KP3912BS120111 ,KP ,919 ,MS ,0130 ,Materials Science & Engr ,  ,  ,13,11,2,0,4,2,0,2,0,0,1,4,0,0,1,6,7,10KS0130MS120111 ,KP ,919 ,MS ,0130 ,Materials Science & Engr ,  ,  ,1,1,0,0,1,0,0,0,0,0,0,0,0,0,0,1,0,10KS5012MS120111 ,KP ,919 ,MS ,0130 ,Materials Science & Engr ,5012 ,BS/MS Materials Science & Eng ,1,0,1,0,0,0,0,0,0,0,0,1,0,0,0,0,1,10KS5012MS120111 ,KP ,919 ,PHD ,0130 ,Materials Science & Engr ,  ,  ,131,98,33,0,46,11,0,2,1,0,1,69,1,0,1,10,121,10KS0130PHD120111 ,KP ,933 ,BS ,0109 ,Computer Engineering ,  ,  ,494,455,38,1,230,96,7,29,1,1,8,119,3,8,2,299,195,10KP0109BS120111 ,KP ,933 ,BS ,0115 ,Electrical Engineering ,  ,  ,969,853,114,2,299,216,18,37,0,0,19,377,3,20,4,443,526,10KP0115BS120111 ,KP ,933 ,MS ,1200 ,Electrical & Computer Engr ,  ,  ,202,180,22,0,94,19,0,7,0,0,2,77,3,0,0,56,146,10KS1200MS120111 ,KP ,933 ,NDEG ,1200 ,Electrical & Computer Engr ,  ,  ,2,2,0,0,2,0,0,0,0,0,0,0,0,0,0,1,1,10KS1200NDEG120111 ,KP ,933 ,PHD ,0115 ,Electrical Engineering ,  ,  ,2,1,1,0,1,0,0,0,0,0,0,1,0,0,0,0,2,10KS0115PHD120111 ,KP ,933 ,PHD ,1200 ,Electrical & Computer Engr ,  ,  ,273,228,45,0,47,24,5,6,0,0,4,186,1,7,1,41,232,10KS1200PHD120111 ,KP ,973 ,BS ,0139 ,Nuclear Engineering ,  ,  ,5,5,0,0,4,1,0,0,0,0,0,0,0,0,0,4,1,10KP0139BS120111 ,KP ,973 ,BS ,0139 ,Nuclear Engineering ,3913 ,"Power, Safety, and the Environ ",1,1,0,0,1,0,0,0,0,0,0,0,0,0,0,1,0,10KP0139BS120111 ,KP ,973 ,BS ,0139 ,Nuclear Engineering ,3913 ,"Power, Safety, and the Environ ",41,36,5,0,22,5,3,4,0,0,2,4,1,3,1,34,7,10KP3913BS120111 ,KP ,973 ,BS ,0139 ,Nuclear Engineering ,3914 ,Plasma and Fusion Sci and Engr ,12,11,1,0,9,2,0,0,0,0,0,1,0,0,0,8,4,10KP3914BS120111 ,KP ,973 ,BS ,0139 ,Nuclear Engineering ,3915 ,"Radiol, Medical, & Instr Apps ",3,3,0,0,2,1,0,0,0,0,0,0,0,0,0,3,0,10KP3915BS120111 ,KP ,973 ,BS ,5183 ,"Nuclear, Plasma, Radiolgc Engr ",  ,  ,63,55,8,0,43,9,0,4,0,0,1,5,1,0,1,49,14,10KP5183BS120111 ,KP ,973 ,BS ,5183 ,"Nuclear, Plasma, Radiolgc Engr ",3913 ,"Power, Safety, and the Environ ",30,25,5,0,23,2,0,1,0,0,0,4,0,0,0,23,7,10KP5183BS120111 ,KP ,973 ,BS ,5183 ,"Nuclear, Plasma, Radiolgc Engr ",3914 ,Plasma and Fusion Sci and Engr ,13,11,2,0,8,2,1,1,0,0,0,1,0,1,0,9,4,10KP5183BS120111 ,KP ,973 ,BS ,5183 ,"Nuclear, Plasma, Radiolgc Engr ",3915 ,"Radiol, Medical, & Instr Apps ",5,2,3,0,5,0,0,0,0,0,0,0,0,0,0,5,0,10KP5183BS120111 ,KP ,973 ,MS ,5183 ,"Nuclear, Plasma, Radiolgc Engr ",  ,  ,13,12,1,0,11,0,0,0,0,0,0,2,0,0,0,8,5,10KS5183MS120111 ,KP ,973 ,PHD ,0139 ,Nuclear Engineering ,  ,  ,23,18,5,0,9,0,0,0,0,0,0,14,0,0,0,5,18,10KS0139PHD120111 ,KP ,973 ,PHD ,5183 ,"Nuclear, Plasma, Radiolgc Engr ",  ,  ,22,17,5,0,0,2,0,1,0,0,0,19,0,0,0,0,22,10KS5183PHD120111 ,KP ,  ,  ,  ,Engineering ,  ,***College total*** ,8123,6756,1361,6,3845,1063,110,269,7,9,131,2624,65,125,31,4213,3910,  ,,,,,,,,,,,,,,,,,,,,,,,,, ,,,,,,,,,,,,,,,,,,,,,,,,,120111 ,KR ,  ,  ,  ,Fine & Applied Arts ,  ,  ,  ,  ,  ,  ,  ,  ,  ,  ,  ,  ,  ,  ,  ,  ,  ,  ,  , 120111 ,KR ,447 ,NDEG ,0067 ,Nondegree ,  ,  ,25,12,13,0,5,2,1,0,0,0,0,17,0,1,0,7,18,10KR0067NDEG120111 ,KR ,495 ,AD ,0265 ,Music ,  ,  ,5,1,4,0,3,0,0,0,0,0,0,2,0,0,0,1,4,10KS0265AD120111 ,KR ,495 ,AMUSD ,0265 ,Music ,  ,  ,33,15,18,0,15,0,0,1,0,0,0,17,0,0,0,6,27,10KS0265AMUS120111 ,KR ,495 ,AMUSD ,0265 ,Music ,3930 ,Choral Music ,10,4,6,0,5,1,0,0,0,0,0,4,0,0,0,2,8,10KS0265AMUS120111 ,KR ,495 ,AMUSD ,0265 ,Music ,5110 ,Performance and Literature ,116,45,71,0,41,2,0,3,0,0,1,68,1,1,1,22,94,10KS0265AMUS120111 ,KR ,495 ,AMUSD ,0265 ,Music ,5111 ,Music Composition ,17,13,4,0,6,0,0,0,0,0,2,9,0,0,1,2,15,10KS0265AMUS120111 ,KR ,495 ,AMUSD ,0265 ,Music ,5117 ,Vocal Coaching & Accompanying ,8,2,6,0,4,2,0,0,0,0,0,2,0,0,0,3,5,10KS0265AMUS120111 ,KR ,495 ,AMUSD ,0265 ,Music ,5118 ,Jazz Performance ,21,20,1,0,14,0,1,1,0,0,0,5,0,1,0,8,13,10KS0265AMUS120111 ,KR ,495 ,BA ,0265 ,Music ,  ,  ,26,14,12,0,17,3,2,2,0,0,1,1,0,2,0,21,5,10KR0265BA120111 ,KR ,495 ,BME ,0168 ,Music Education ,3930 ,Choral Music ,43,12,31,0,36,4,0,2,0,0,1,0,0,0,1,41,2,10KR3930BME120111 ,KR ,495 ,BME ,0168 ,Music Education ,3931 ,Instrumental Music ,130,66,64,0,116,7,2,4,0,0,1,0,0,2,0,121,9,10KR3931BME120111 ,KR ,495 ,BME ,0168 ,Music Education ,3932 ,Elementary General Music ,4,2,2,0,2,1,0,1,0,0,0,0,0,0,0,4,0,10KR3932BME120111 ,KR ,495 ,BMUS ,0157 ,Voice ,  ,  ,28,6,22,0,24,2,2,0,0,0,0,0,0,2,0,26,2,10KR0157BMUS120111 ,KR ,495 ,BMUS ,0158 ,Instrumental Music ,  ,  ,80,32,48,0,51,14,2,4,0,0,1,7,1,2,0,55,25,10KR0158BMUS120111 ,KR ,495 ,BMUS ,0159 ,Music Composition ,  ,  ,11,8,3,0,8,2,0,0,0,0,0,1,0,0,0,9,2,10KR0159BMUS120111 ,KR ,495 ,BMUS ,0160 ,Music History ,  ,  ,7,3,4,0,5,2,0,0,0,0,0,0,0,0,0,5,2,10KR0160BMUS120111 ,KR ,495 ,BMUS ,0161 ,Open Studies ,  ,  ,8,3,5,0,4,1,1,0,0,0,1,1,0,2,0,7,1,10KR0161BMUS120111 ,KR ,495 ,BMUS ,5045 ,Jazz Performance ,  ,  ,31,25,6,0,27,1,2,1,0,0,0,0,0,2,0,25,6,10KR5045BMUS120111 ,KR ,495 ,EDD ,0168 ,Music Education ,  ,  ,9,6,3,0,6,0,2,0,0,0,0,1,0,2,0,1,8,10KS0168EDD120111 ,KR ,495 ,MME ,0168 ,Music Education ,  ,  ,9,6,3,0,6,1,0,0,0,0,1,1,0,1,0,6,3,10KS0168MME120111 ,KR ,495 ,MMUS ,0265 ,Music ,  ,  ,8,3,5,0,8,0,0,0,0,0,0,0,0,0,0,2,6,10KS0265MMUS120111 ,KR ,495 ,MMUS ,0265 ,Music ,5110 ,Performance and Literature ,51,22,29,0,30,1,2,5,0,0,1,12,0,2,0,15,36,10KS0265MMUS120111 ,KR ,495 ,MMUS ,0265 ,Music ,5111 ,Music Composition ,1,0,1,0,0,0,0,0,0,0,0,1,0,0,0,0,1,10KS0265MMUS120111 ,KR ,495 ,MMUS ,0265 ,Music ,5113 ,Musicology ,9,7,2,0,9,0,0,0,0,0,0,0,0,0,0,1,8,10KS0265MMUS120111 ,KR ,495 ,MMUS ,0265 ,Music ,5114 ,Piano Pedagogy ,7,2,5,0,2,3,0,0,0,0,1,1,0,0,0,2,5,10KS0265MMUS120111 ,KR ,495 ,MMUS ,0265 ,Music ,5116 ,Instrumental Conducting (Orch) ,4,3,1,0,2,1,0,0,0,0,0,1,0,0,0,2,2,10KS0265MMUS120111 ,KR ,495 ,MMUS ,0265 ,Music ,5117 ,Vocal Coaching & Accompanying ,3,1,2,0,2,0,0,0,0,0,0,1,0,0,0,1,2,10KS0265MMUS120111 ,KR ,495 ,MMUS ,0265 ,Music ,5118 ,Jazz Performance ,15,14,1,0,13,0,1,0,0,0,0,1,0,1,0,4,11,10KS0265MMUS120111 ,KR ,495 ,PHD ,0168 ,Music Education ,  ,  ,2,2,0,0,2,0,0,0,0,0,0,0,0,0,0,2,0,10KS0168PHD120111 ,KR ,495 ,PHD ,1481 ,Musicology ,  ,  ,22,9,13,0,16,1,0,1,0,0,0,4,0,1,1,9,13,10KS1481PHD120111 ,KR ,526 ,BFA ,0148 ,Graphic Design ,  ,  ,65,24,41,0,45,13,3,2,0,0,0,1,1,3,0,59,6,10KR0148BFA120111 ,KR ,526 ,BFA ,0149 ,Crafts ,3933 ,Ceramics ,4,1,3,0,2,0,0,0,0,0,1,1,0,0,0,3,1,10KR3933BFA120111 ,KR ,526 ,BFA ,0149 ,Crafts ,3935 ,Metals ,8,0,8,0,6,2,0,0,0,0,0,0,0,0,0,8,0,10KR3935BFA120111 ,KR ,526 ,BFA ,0150 ,History of Art ,  ,  ,12,0,12,0,10,0,0,1,0,0,0,1,0,0,0,11,1,10KR0150BFA120111 ,KR ,526 ,BFA ,0151 ,Photography ,  ,  ,36,9,27,0,28,0,2,4,0,0,1,1,0,2,1,33,3,10KR0151BFA120111 ,KR ,526 ,BFA ,0152 ,Industrial Design ,  ,  ,112,53,59,0,50,24,2,10,0,0,5,19,2,3,0,85,27,10KR0152BFA120111 ,KR ,526 ,BFA ,0153 ,Painting ,  ,  ,33,9,24,0,18,4,1,5,0,0,1,3,1,1,0,29,4,10KR0153BFA120111 ,KR ,526 ,BFA ,0154 ,Sculpture ,  ,  ,3,1,2,0,3,0,0,0,0,0,0,0,0,0,0,3,0,10KR0154BFA120111 ,KR ,526 ,BFA ,0169 ,Art Education ,  ,  ,57,7,50,0,49,0,1,4,0,0,1,1,1,2,1,55,2,10KR0169BFA120111 ,KR ,526 ,BFA ,5128 ,New Media ,  ,  ,23,9,14,0,20,0,1,0,0,0,0,2,0,1,0,21,2,10KR5128BFA120111 ,KR ,526 ,EDM ,0169 ,Art Education ,  ,  ,4,1,3,0,4,0,0,0,0,0,0,0,0,0,0,3,1,10KS0169EDM120111 ,KR ,526 ,MA ,0169 ,Art Education ,  ,  ,5,1,4,0,4,1,0,0,0,0,0,0,0,0,0,4,1,10KS0169MA120111 ,KR ,526 ,MA ,0250 ,Art History ,  ,  ,8,0,8,0,5,0,0,1,0,0,0,2,0,0,0,3,5,10KS0250MA120111 ,KR ,526 ,MFA ,0252 ,Art and Design ,  ,  ,4,4,0,0,4,0,0,0,0,0,0,0,0,0,0,1,3,10KS0252MFA120111 ,KR ,526 ,MFA ,0252 ,Art and Design ,0254 ,Graphic Design ,2,2,0,0,0,0,0,0,0,0,0,2,0,0,0,0,2,10KS0254MFA120111 ,KR ,526 ,MFA ,0252 ,Art and Design ,0255 ,Industrial Design ,10,6,4,0,2,1,0,0,0,0,0,7,0,0,0,1,9,10KS0255MFA120111 ,KR ,526 ,MFA ,0252 ,Art and Design ,0256 ,Metals ,6,2,4,0,2,1,0,1,0,0,1,1,0,0,1,1,5,10KS0256MFA120111 ,KR ,526 ,MFA ,0252 ,Art and Design ,0257 ,Painting ,8,3,5,0,8,0,0,0,0,0,0,0,0,0,0,2,6,10KS0257MFA120111 ,KR ,526 ,MFA ,0252 ,Art and Design ,0258 ,Photography ,2,1,1,0,2,0,0,0,0,0,0,0,0,0,0,0,2,10KS0258MFA120111 ,KR ,526 ,MFA ,0252 ,Art and Design ,0260 ,Sculpture ,3,1,2,0,2,0,0,0,0,0,1,0,0,0,0,1,2,10KS0260MFA120111 ,KR ,526 ,NDEG ,0252 ,Art and Design ,  ,  ,1,1,0,0,1,0,0,0,0,0,0,0,0,0,0,1,0,10KS0252NDEG120111 ,KR ,526 ,NONE ,4090 ,Art Foundation ,  ,  ,141,54,87,0,79,26,10,10,1,0,1,10,4,11,1,125,16,10KR4090NONE120111 ,KR ,526 ,PHD ,0169 ,Art Education ,  ,  ,12,5,7,0,5,0,0,0,0,0,0,7,0,0,0,5,7,10KS0169PHD120111 ,KR ,526 ,PHD ,0250 ,Art History ,  ,  ,19,4,15,0,11,0,0,2,0,0,0,5,1,0,0,2,17,10KS0250PHD120111 ,KR ,569 ,BFA ,0156 ,Landscape Architecture ,  ,  ,1,1,0,0,0,0,0,1,0,0,0,0,0,0,0,1,0,10KR0156BFA120111 ,KR ,569 ,BLA ,0156 ,Landscape Architecture ,  ,  ,26,18,8,0,19,1,1,3,0,0,0,1,1,1,0,25,1,10KR0156BLA120111 ,KR ,569 ,BLA ,0156 ,Landscape Architecture ,5095 ,Five-Year Program ,54,24,30,0,38,5,0,2,0,0,1,7,1,0,0,46,8,10KR5095BLA120111 ,KR ,569 ,MLA ,0156 ,Landscape Architecture ,  ,  ,29,13,16,0,19,1,0,1,0,0,0,8,0,0,0,18,11,10KS0156MLA120111 ,KR ,569 ,PHD ,0156 ,Landscape Architecture ,  ,  ,12,7,5,0,6,0,1,0,0,0,0,5,0,1,0,3,9,10KS0156PHD120111 ,KR ,733 ,BA ,0155 ,Urban Planning ,  ,  ,106,70,36,0,62,9,11,10,0,0,3,10,1,12,0,86,20,10KR0155BA120111 ,KR ,733 ,MUP ,0155 ,Urban Planning ,  ,  ,44,19,25,0,23,3,3,4,0,0,3,8,0,4,1,17,27,10KS0155MUP120111 ,KR ,733 ,PHD ,0274 ,Regional Planning ,  ,  ,23,15,8,0,8,2,0,0,0,0,0,13,0,0,0,6,17,10KS0274PHD120111 ,KR ,767 ,BS ,0146 ,Architectural Studies ,  ,  ,467,265,202,0,305,42,6,37,1,1,15,54,6,7,4,377,90,10KR0146BS120111 ,KR ,767 ,MARCH ,0249 ,Architecture ,0247 ,Architecture - 2 Yr ,139,80,59,0,92,9,7,12,0,0,3,15,1,7,2,104,35,10KS0247MARC120111 ,KR ,767 ,MARCH ,0249 ,Architecture ,0248 ,Architecture Track 3 ,30,15,15,0,19,2,2,4,0,0,0,3,0,3,0,15,15,10KS0248MARC120111 ,KR ,767 ,MS ,4091 ,Architectural Studies ,  ,  ,1,1,0,0,1,0,0,0,0,0,0,0,0,0,0,1,0,10KS4091MS120111 ,KR ,767 ,NDEG ,0249 ,Architecture ,  ,  ,2,0,2,0,0,0,0,0,0,0,0,2,0,0,0,0,2,10KS0249NDEG120111 ,KR ,767 ,PHD ,0249 ,Architecture ,  ,  ,14,6,8,0,3,0,0,0,0,0,0,11,0,0,0,2,12,10KS0249PHD120111 ,KR ,801 ,BFA ,0261 ,Dance ,  ,  ,66,6,60,0,45,3,13,5,0,0,0,0,0,14,0,53,13,10KR0261BFA120111 ,KR ,801 ,MFA ,0261 ,Dance ,  ,  ,12,2,10,0,10,0,0,2,0,0,0,0,0,0,0,2,10,10KS0261MFA120111 ,KR ,883 ,BFA ,0162 ,Theatre ,3980 ,Stage Management ,10,3,7,0,6,1,1,0,0,0,1,1,0,1,0,7,3,10KR3980BFA120111 ,KR ,883 ,BFA ,0162 ,Theatre ,3985 ,Theatre Studies ,16,3,13,0,11,0,2,1,0,0,0,1,1,2,0,14,2,10KR3985BFA120111 ,KR ,883 ,BFA ,0162 ,Theatre ,4081 ,Acting ,33,15,18,0,20,0,8,4,0,0,1,0,0,10,0,31,2,10KR4081BFA120111 ,KR ,883 ,BFA ,0162 ,Theatre ,4082 ,Costume Design and Technology ,3,0,3,0,2,0,0,1,0,0,0,0,0,0,0,3,0,10KR4082BFA120111 ,KR ,883 ,BFA ,0162 ,Theatre ,4083 ,Scenic Technology ,3,3,0,0,2,0,0,1,0,0,0,0,0,0,0,2,1,10KR4083BFA120111 ,KR ,883 ,BFA ,0162 ,Theatre ,4084 ,Lighting Design ,6,6,0,0,5,0,0,1,0,0,0,0,0,0,0,6,0,10KR4084BFA120111 ,KR ,883 ,BFA ,0162 ,Theatre ,4085 ,Sound Design and Technology ,3,3,0,0,3,0,0,0,0,0,0,0,0,0,0,3,0,10KR4085BFA120111 ,KR ,883 ,BFA ,0162 ,Theatre ,4086 ,Scenic Design ,4,0,4,0,1,0,0,0,0,0,1,2,0,0,0,2,2,10KR4086BFA120111 ,KR ,883 ,MA ,0162 ,Theatre ,  ,  ,6,3,3,0,2,0,1,0,0,0,0,2,1,1,0,2,4,10KS0162MA120111 ,KR ,883 ,MFA ,0162 ,Theatre ,  ,  ,1,1,0,0,1,0,0,0,0,0,0,0,0,0,0,1,0,10KS0271MFA120111 ,KR ,883 ,MFA ,0162 ,Theatre ,0271 ,Design and Technology ,35,16,19,0,25,1,1,0,0,0,3,5,0,2,3,5,30,10KS0271MFA120111 ,KR ,883 ,MFA ,0162 ,Theatre ,0272 ,Acting ,9,6,3,0,8,0,0,1,0,0,0,0,0,0,0,2,7,10KS0272MFA120111 ,KR ,883 ,NONE ,0162 ,Theatre ,4080 ,Theatre Foundations ,31,10,21,0,23,0,1,5,0,1,0,0,1,1,0,29,2,10KR4080NONE120111 ,KR ,883 ,PHD ,0162 ,Theatre ,  ,  ,13,5,8,0,10,0,0,0,0,0,0,3,0,0,0,5,8,10KS0162PHD120111 ,KR ,  ,  ,  ,Fine & Applied Arts ,  ,***College total*** ,2520,1172,1348,0,1608,202,96,160,2,2,54,371,25,111,18,1734,786,  ,,,,,,,,,,,,,,,,,,,,,,,,, ,,,,,,,,,,,,,,,,,,,,,,,,,120111 ,KS ,  ,  ,  ,Graduate College ,  ,  ,  ,  ,  ,  ,  ,  ,  ,  ,  ,  ,  ,  ,  ,  ,  ,  ,  , 120111 ,KS ,486 ,NDEG ,0067 ,Nondegree ,  ,  ,19,9,10,0,12,1,1,3,0,0,1,0,1,1,1,17,2,10KS0067NDEG120111 ,KS ,  ,  ,  ,Graduate College ,  ,***College total*** ,19,9,10,0,12,1,1,3,0,0,1,0,1,1,1,17,2,  ,,,,,,,,,,,,,,,,,,,,,,,,, ,,,,,,,,,,,,,,,,,,,,,,,,,120111 ,KT ,  ,  ,  ,Media ,  ,  ,  ,  ,  ,  ,  ,  ,  ,  ,  ,  ,  ,  ,  ,  ,  ,  ,  , 120111 ,KT ,238 ,BS ,0382 ,Media Studies ,  ,  ,53,15,38,0,34,3,3,5,0,0,2,6,0,4,0,45,8,10KT0382BS120111 ,KT ,238 ,PHD ,0279 ,Communications ,  ,  ,46,22,24,0,8,2,4,7,0,0,2,22,1,6,2,10,36,10KS0279PHD120111 ,KT ,238 ,PHD ,5202 ,Communications and Media ,  ,  ,7,3,4,0,2,0,0,0,0,0,1,4,0,1,0,2,5,10KS5202PHD120111 ,KT ,408 ,BS ,0277 ,Advertising ,  ,  ,608,189,419,0,401,51,48,40,1,0,11,53,3,51,3,520,88,10KT0277BS120111 ,KT ,408 ,MS ,0277 ,Advertising ,  ,  ,12,0,12,0,5,0,0,0,0,0,1,6,0,1,0,4,8,10KS0277MS120111 ,KT ,436 ,BS ,5201 ,Media and Cinema Studies ,  ,  ,5,2,3,0,3,1,0,0,0,0,0,1,0,0,0,4,1,10KT5201BS120111 ,KT ,436 ,BS ,5201 ,Media and Cinema Studies ,3869 ,Cinema Studies ,29,18,11,0,21,1,1,3,0,0,1,2,0,1,1,27,2,10KT5201BS120111 ,KT ,436 ,BS ,5201 ,Media and Cinema Studies ,5205 ,Media Studies ,40,15,25,0,17,9,6,3,0,0,1,4,0,7,0,34,6,10KT5201BS120111 ,KT ,642 ,BSJ ,0380 ,News-Editorial ,  ,  ,169,53,116,0,116,15,12,16,0,2,4,3,1,14,0,157,12,10KT0380BSJ120111 ,KT ,642 ,BSJ ,0381 ,Broadcast Journalism ,  ,  ,138,43,95,0,87,10,22,7,0,0,2,6,4,23,0,115,23,10KT0381BSJ120111 ,KT ,642 ,MS ,0278 ,Journalism ,  ,  ,14,5,9,0,11,1,0,0,0,0,0,2,0,0,0,11,3,10KS0278MS120111 ,KT ,934 ,NDEG ,0067 ,Nondegree ,  ,  ,6,3,3,0,2,0,0,0,0,0,1,3,0,0,0,3,3,10KT0067NDEG120111 ,KT ,934 ,NONE ,0390 ,General Curriculum ,  ,  ,15,7,8,0,11,1,1,0,0,0,1,1,0,1,1,11,4,10KT0390NONE120111 ,KT ,  ,  ,  ,Media ,  ,***College total*** ,1142,375,767,0,718,94,97,81,1,2,27,113,9,109,7,943,199,  ,,,,,,,,,,,,,,,,,,,,,,,,, ,,,,,,,,,,,,,,,,,,,,,,,,,120111 ,KU ,  ,  ,  ,Law ,  ,  ,  ,  ,  ,  ,  ,  ,  ,  ,  ,  ,  ,  ,  ,  ,  ,  ,  , 120111 ,KU ,853 ,JD ,0385 ,Law ,  ,  ,630,369,261,0,429,59,39,41,4,1,13,23,21,41,8,352,278,10KU0385JD120111 ,KU ,853 ,JSD ,0281 ,Law ,  ,  ,10,6,4,0,0,0,0,0,0,0,0,10,0,0,0,0,10,10KS0281JSD120111 ,KU ,853 ,LLM ,0281 ,Law ,  ,  ,83,23,60,0,0,2,0,0,0,0,0,80,1,0,0,1,82,10KS0281LLM120111 ,KU ,853 ,NDEG ,0281 ,Law ,  ,  ,4,2,2,0,0,0,0,0,0,0,0,4,0,0,0,0,4,10KS0281NDEG120111 ,KU ,853 ,NDEG ,0385 ,Law ,  ,  ,2,1,1,0,0,0,0,0,0,0,1,0,1,1,0,2,0,10KU0385NDEG120111 ,KU ,  ,  ,  ,Law ,  ,***College total*** ,729,401,328,0,429,61,39,41,4,1,14,117,23,42,8,355,374,  ,,,,,,,,,,,,,,,,,,,,,,,,, ,,,,,,,,,,,,,,,,,,,,,,,,,120111 ,KV ,  ,  ,  ,Liberal Arts & Sci ,  ,  ,  ,  ,  ,  ,  ,  ,  ,  ,  ,  ,  ,  ,  ,  ,  ,  ,  , 120111 ,KV ,241 ,BALAS ,0340 ,Anthropology ,  ,  ,121,43,78,0,81,11,9,17,0,0,3,0,0,10,2,115,6,10KV0340BALA120111 ,KV ,241 ,BALAS ,0340 ,Anthropology ,  ,  ,12,4,8,0,11,0,0,1,0,0,0,0,0,0,0,12,0,10KV8037BALA120111 ,KV ,241 ,BALAS ,0340 ,Anthropology ,5043 ,Socioculturl & Linguistic Anth ,1,0,1,0,1,0,0,0,0,0,0,0,0,0,0,1,0,10KV0340BALA120111 ,KV ,241 ,BALAS ,0340 ,Anthropology ,5043 ,Socioculturl & Linguistic Anth ,4,0,4,0,3,0,0,1,0,0,0,0,0,0,0,4,0,10KV5043BALA120111 ,KV ,241 ,BALAS ,0340 ,Anthropology ,5043 ,Socioculturl & Linguistic Anth ,1,1,0,0,1,0,0,0,0,0,0,0,0,0,0,1,0,10KV8037BALA120111 ,KV ,241 ,MA ,0340 ,Anthropology ,  ,  ,2,0,2,0,2,0,0,0,0,0,0,0,0,0,0,1,1,10KS0340MA120111 ,KV ,241 ,PHD ,0340 ,Anthropology ,  ,  ,60,21,39,0,33,3,1,6,0,1,0,13,3,1,1,13,47,10KS0340PHD120111 ,KV ,253 ,BSLAS ,0334 ,Atmospheric Sciences ,  ,  ,78,52,26,0,63,4,1,8,0,0,0,1,1,1,0,74,4,10KV0334BSLA120111 ,KV ,253 ,BSLAS ,0334 ,Atmospheric Sciences ,  ,  ,1,1,0,0,1,0,0,0,0,0,0,0,0,0,0,1,0,10KV8037BSLA120111 ,KV ,253 ,MS ,0334 ,Atmospheric Sciences ,  ,  ,19,9,10,0,15,0,0,1,0,0,1,2,0,0,0,8,11,10KS0334MS120111 ,KV ,253 ,PHD ,0334 ,Atmospheric Sciences ,  ,  ,31,16,15,0,16,0,0,0,0,0,0,15,0,0,0,1,30,10KS0334PHD120111 ,KV ,257 ,BSLAS ,0439 ,Mathematics ,  ,  ,40,21,19,0,27,4,2,2,0,0,0,4,1,2,0,35,5,10KV0439BSLA120111 ,KV ,257 ,BSLAS ,0439 ,Mathematics ,  ,  ,6,5,1,0,4,1,1,0,0,0,0,0,0,1,0,6,0,10KV8037BSLA120111 ,KV ,257 ,BSLAS ,0439 ,Mathematics ,3894 ,Operations Research ,2,2,0,0,1,1,0,0,0,0,0,0,0,0,0,2,0,10KV8037BSLA120111 ,KV ,257 ,BSLAS ,0439 ,Mathematics ,3895 ,Applied Mathematics ,5,2,3,0,2,0,0,0,0,0,0,3,0,0,0,2,3,10KV3895BSLA120111 ,KV ,257 ,BSLAS ,0439 ,Mathematics ,3895 ,Applied Mathematics ,3,2,1,0,0,0,0,0,0,0,0,3,0,0,0,0,3,10KV8037BSLA120111 ,KV ,257 ,BSLAS ,0439 ,Mathematics ,3896 ,Graduate Preparation ,1,1,0,0,0,0,0,0,0,0,0,1,0,0,0,0,1,10KV0439BSLA120111 ,KV ,257 ,BSLAS ,0439 ,Mathematics ,3896 ,Graduate Preparation ,7,5,2,0,3,2,0,1,0,0,1,0,0,1,1,6,1,10KV3896BSLA120111 ,KV ,257 ,BSLAS ,0439 ,Mathematics ,3896 ,Graduate Preparation ,1,1,0,0,0,0,1,0,0,0,0,0,0,1,0,1,0,10KV8037BSLA120111 ,KV ,257 ,BSLAS ,0439 ,Mathematics ,3897 ,Mathematics Teaching Option ,64,31,33,0,55,6,0,1,0,0,0,1,1,0,0,62,2,10KV3897BSLA120111 ,KV ,257 ,BSLAS ,0439 ,Mathematics ,3897 ,Mathematics Teaching Option ,1,0,1,0,1,0,0,0,0,0,0,0,0,0,0,1,0,10KV8037BSLA120111 ,KV ,257 ,BSLAS ,0461 ,Actuarial Science ,  ,  ,260,143,117,0,109,43,5,6,0,2,0,94,1,5,0,158,102,10KV0461BSLA120111 ,KV ,257 ,BSLAS ,0461 ,Actuarial Science ,  ,  ,10,5,5,0,2,2,0,0,0,0,0,6,0,0,0,4,6,10KV8037BSLA120111 ,KV ,257 ,BSLAS ,1438 ,Math & Computer Science ,  ,  ,70,61,9,0,35,13,1,3,0,0,0,18,0,1,0,49,21,10KV1438BSLA120111 ,KV ,257 ,BSLAS ,1438 ,Math & Computer Science ,  ,  ,1,1,0,0,0,0,0,0,0,0,0,1,0,0,0,0,1,10KV8037BSLA120111 ,KV ,257 ,MS ,0290 ,Teaching of Mathematics ,  ,  ,3,3,0,0,3,0,0,0,0,0,0,0,0,0,0,3,0,10KS0290MS120111 ,KV ,257 ,MS ,0327 ,Applied Mathematics ,  ,  ,9,6,3,0,1,0,0,0,0,0,0,8,0,0,0,1,8,10KS0327MS120111 ,KV ,257 ,MS ,0327 ,Applied Mathematics ,0328 ,Actuarial Science ,11,9,2,0,1,0,0,0,0,0,0,10,0,0,0,1,10,10KS0328MS120111 ,KV ,257 ,MS ,0439 ,Mathematics ,  ,  ,12,10,2,0,5,0,0,0,0,0,1,6,0,0,0,4,8,10KS0439MS120111 ,KV ,257 ,NDEG ,0439 ,Mathematics ,  ,  ,2,2,0,0,1,1,0,0,0,0,0,0,0,0,0,2,0,10KS0439NDEG120111 ,KV ,257 ,NONE ,0439 ,Mathematics ,  ,  ,282,156,126,0,142,24,4,15,0,1,0,91,5,5,0,186,96,10KV0439NONE120111 ,KV ,257 ,NONE ,0439 ,Mathematics ,3895 ,Applied Mathematics ,1,1,0,0,0,1,0,0,0,0,0,0,0,0,0,0,1,10KV0439NONE120111 ,KV ,257 ,PHD ,0439 ,Mathematics ,  ,  ,156,113,43,0,58,7,0,4,0,0,3,80,4,1,1,16,140,10KS0439PHD120111 ,KV ,265 ,BSLAS ,5086 ,"Earth Systems, Env, & Society ",  ,  ,19,9,10,0,11,1,0,3,0,0,1,3,0,0,0,16,3,10KV5086BSLA120111 ,KV ,265 ,BSLAS ,5086 ,"Earth Systems, Env, & Society ",  ,  ,1,0,1,0,1,0,0,0,0,0,0,0,0,0,0,1,0,10KV8037BSLA120111 ,KV ,265 ,BSLAS ,5086 ,"Earth Systems, Env, & Society ",5103 ,Society and the Environment ,80,44,36,0,61,5,4,6,1,0,0,2,1,4,1,76,4,10KV5086BSLA120111 ,KV ,265 ,BSLAS ,5086 ,"Earth Systems, Env, & Society ",5103 ,Society and the Environment ,4,1,3,0,3,1,0,0,0,0,0,0,0,0,0,4,0,10KV8037BSLA120111 ,KV ,265 ,BSLAS ,5086 ,"Earth Systems, Env, & Society ",5104 ,Science of the Earth System ,44,23,21,0,31,3,0,4,0,0,3,2,1,1,2,39,5,10KV5086BSLA120111 ,KV ,265 ,BSLAS ,5086 ,"Earth Systems, Env, & Society ",5104 ,Science of the Earth System ,1,0,1,0,1,0,0,0,0,0,0,0,0,0,0,1,0,10KV8037BSLA120111 ,KV ,265 ,BSLAS ,5281 ,"Earth, Society, & Environment ",5104 ,Science of the Earth System ,1,0,1,0,1,0,0,0,0,0,0,0,0,0,0,1,0,10KV5281BSLA120111 ,KV ,299 ,BALAS ,0338 ,Psychology ,  ,  ,1,0,1,0,0,0,0,1,0,0,0,0,0,0,0,1,0,10KV0338BALA120111 ,KV ,299 ,BSLAS ,0338 ,Psychology ,  ,  ,1245,399,843,3,731,171,85,130,1,2,29,88,8,99,10,1108,137,10KV0338BSLA120111 ,KV ,299 ,BSLAS ,0338 ,Psychology ,  ,  ,57,15,42,0,41,6,0,8,0,0,0,1,1,0,0,54,3,10KV8037BSLA120111 ,KV ,299 ,MA ,0338 ,Psychology ,  ,  ,1,0,1,0,1,0,0,0,0,0,0,0,0,0,0,0,1,10KS0338MA120111 ,KV ,299 ,MS ,0338 ,Psychology ,  ,  ,1,1,0,0,0,0,0,0,0,0,0,1,0,0,0,0,1,10KS0338MS120111 ,KV ,299 ,PHD ,0338 ,Psychology ,  ,  ,141,47,94,0,75,11,5,7,0,1,2,39,1,6,4,26,115,10KS0338PHD120111 ,KV ,303 ,BALAS ,1008 ,African American Studies ,  ,  ,4,3,1,0,0,0,3,0,0,0,0,1,0,3,0,3,1,10KV1008BALA120111 ,KV ,303 ,BALAS ,1008 ,African American Studies ,  ,  ,1,0,1,0,1,0,0,0,0,0,0,0,0,0,0,1,0,10KV8037BALA120111 ,KV ,324 ,BALAS ,0344 ,Sociology ,  ,  ,298,120,178,0,118,32,72,50,0,2,9,10,5,82,7,272,26,10KV0344BALA120111 ,KV ,324 ,BALAS ,0344 ,Sociology ,  ,  ,29,8,21,0,15,0,5,7,0,0,0,2,0,5,0,27,2,10KV8037BALA120111 ,KV ,324 ,BSLAS ,0344 ,Sociology ,  ,  ,1,1,0,0,0,0,1,0,0,0,0,0,0,1,0,1,0,10KV0344BSLA120111 ,KV ,324 ,MA ,0344 ,Sociology ,  ,  ,1,0,1,0,1,0,0,0,0,0,0,0,0,0,0,1,0,10KS0344MA120111 ,KV ,324 ,PHD ,0344 ,Sociology ,  ,  ,52,21,31,0,18,5,5,3,0,0,1,18,2,5,0,13,39,10KS0344PHD120111 ,KV ,361 ,MS ,0324 ,Entomology ,  ,  ,8,5,3,0,6,1,0,0,0,0,0,1,0,0,0,1,7,10KS0324MS120111 ,KV ,361 ,PHD ,0324 ,Entomology ,  ,  ,24,9,15,0,12,1,0,1,0,0,0,9,1,0,0,3,21,10KS0324PHD120111 ,KV ,362 ,BALAS ,0285 ,E Asian Languages & Cultures ,  ,  ,71,31,40,0,22,31,4,6,0,0,6,2,0,4,2,66,5,10KV0285BALA120111 ,KV ,362 ,BALAS ,0285 ,E Asian Languages & Cultures ,  ,  ,1,1,0,0,1,0,0,0,0,0,0,0,0,0,0,1,0,10KV8037BALA120111 ,KV ,362 ,BALAS ,0285 ,E Asian Languages & Cultures ,5119 ,Teaching East Asian Languages ,3,0,3,0,0,1,1,0,0,0,1,0,0,1,0,3,0,10KV0285BALA120111 ,KV ,362 ,MA ,0284 ,Asian Studies ,  ,  ,13,7,6,0,7,1,0,0,0,0,0,4,1,0,0,7,6,10KS0284MA120111 ,KV ,362 ,PHD ,0285 ,E Asian Languages & Cultures ,  ,  ,28,6,22,0,2,4,0,0,1,0,0,21,0,0,1,2,26,10KS0285PHD120111 ,KV ,377 ,MS ,0320 ,Plant Biology ,  ,  ,7,3,4,0,6,0,0,0,1,0,0,0,0,0,1,4,3,10KS0320MS120111 ,KV ,377 ,PHD ,0320 ,Plant Biology ,  ,  ,32,12,20,0,23,2,1,0,0,0,0,5,1,1,0,17,15,10KS0320PHD120111 ,KV ,383 ,BSLAS ,0438 ,Integrative Biology ,  ,  ,348,145,203,0,242,37,15,28,2,0,7,15,2,18,3,328,20,10KV0438BSLA120111 ,KV ,383 ,BSLAS ,0438 ,Integrative Biology ,  ,  ,2,2,0,0,2,0,0,0,0,0,0,0,0,0,0,2,0,10KV5028BSLA120111 ,KV ,383 ,BSLAS ,0438 ,Integrative Biology ,  ,  ,13,4,9,0,8,5,0,0,0,0,0,0,0,0,0,13,0,10KV8037BSLA120111 ,KV ,383 ,BSLAS ,0438 ,Integrative Biology ,5028 ,Honors Integrative Biology ,1,1,0,0,1,0,0,0,0,0,0,0,0,0,0,1,0,10KV0438BSLA120111 ,KV ,383 ,BSLAS ,0438 ,Integrative Biology ,5028 ,Honors Integrative Biology ,34,13,21,0,29,2,0,0,0,0,1,1,1,0,1,31,3,10KV5028BSLA120111 ,KV ,383 ,BSLAS ,0438 ,Integrative Biology ,5028 ,Honors Integrative Biology ,5,2,3,0,4,1,0,0,0,0,0,0,0,0,0,5,0,10KV8037BSLA120111 ,KV ,383 ,MS ,0314 ,Biology ,  ,  ,19,14,5,0,12,4,2,0,0,0,0,1,0,2,0,16,3,10KS0314MS120111 ,KV ,383 ,MS ,0314 ,Biology ,0315 ,"Ecology, Ethology, Evolution ",2,0,2,0,2,0,0,0,0,0,0,0,0,0,0,2,0,10KS0315MS120111 ,KV ,383 ,MS ,5107 ,"Ecol, Evol, Conservation Biol ",  ,  ,3,3,0,0,3,0,0,0,0,0,0,0,0,0,0,1,2,10KS5107MS120111 ,KV ,383 ,PHD ,0314 ,Biology ,0315 ,"Ecology, Ethology, Evolution ",15,6,9,0,11,0,0,0,0,0,1,3,0,0,0,0,15,10KS0315PHD120111 ,KV ,383 ,PHD ,0314 ,Biology ,0316 ,Ecology & Evolutionary Biology ,8,2,6,0,7,0,0,0,0,0,1,0,0,0,1,5,3,10KS0316PHD120111 ,KV ,383 ,PHD ,0314 ,Biology ,0317 ,Physiol & Molec Plant Biology ,5,3,2,0,1,0,0,0,0,0,0,4,0,0,0,1,4,10KS0317PHD120111 ,KV ,383 ,PHD ,5107 ,"Ecol, Evol, Conservation Biol ",  ,  ,20,7,13,0,14,2,0,1,0,0,0,1,2,0,0,6,14,10KS5107PHD120111 ,KV ,397 ,BSLAS ,0314 ,Biology ,  ,  ,2,1,1,0,2,0,0,0,0,0,0,0,0,0,0,2,0,10KV0314BSLA120111 ,KV ,397 ,BSLAS ,0314 ,Biology ,3993 ,Biology Teacher Educ Option ,8,3,5,0,8,0,0,0,0,0,0,0,0,0,0,8,0,10KV3993BSLA120111 ,KV ,397 ,MS ,0293 ,Teaching of Biological Science ,  ,  ,3,2,1,0,3,0,0,0,0,0,0,0,0,0,0,3,0,10KS0293MS120111 ,KV ,397 ,NONE ,0314 ,Biology ,  ,  ,567,266,301,0,299,145,27,51,2,1,10,27,5,35,6,516,51,10KV0314NONE120111 ,KV ,405 ,BALAS ,0074 ,Economics ,  ,  ,595,447,148,0,245,91,10,15,1,0,7,224,2,11,2,345,250,10KV0074BALA120111 ,KV ,405 ,BALAS ,0074 ,Economics ,  ,  ,60,42,18,0,25,17,0,4,1,0,0,12,1,0,1,44,16,10KV8037BALA120111 ,KV ,405 ,BSLAS ,0074 ,Economics ,  ,  ,1,0,1,0,0,0,0,0,0,0,0,1,0,0,0,0,1,10KV8037BSLA120111 ,KV ,405 ,MS ,0074 ,Economics ,3925 ,Policy Economics ,115,71,44,0,3,3,0,0,0,0,1,108,0,0,0,4,111,10KS3925MS120111 ,KV ,405 ,PHD ,0074 ,Economics ,  ,  ,107,71,36,0,14,6,0,2,0,0,0,83,2,0,0,8,99,10KS0074PHD120111 ,KV ,413 ,BS ,0335 ,Chemistry ,  ,  ,149,98,51,0,79,33,4,10,0,0,3,18,2,4,0,117,32,10KV0335BS120111 ,KV ,413 ,BS ,0335 ,Chemistry ,5023 ,Environmental Chemistry ,4,2,2,0,3,1,0,0,0,0,0,0,0,0,0,4,0,10KV0335BS120111 ,KV ,413 ,BS ,0335 ,Chemistry ,5023 ,Environmental Chemistry ,2,1,1,0,1,0,0,0,0,0,0,1,0,0,0,2,0,10KV5023BS120111 ,KV ,413 ,BSLAS ,0335 ,Chemistry ,  ,  ,250,138,112,0,128,72,13,11,0,0,6,20,0,14,3,219,31,10KV0335BSLA120111 ,KV ,413 ,BSLAS ,0335 ,Chemistry ,  ,  ,14,4,10,0,9,1,0,2,0,0,1,1,0,0,0,13,1,10KV8037BSLA120111 ,KV ,413 ,BSLAS ,0335 ,Chemistry ,3918 ,Chemistry Teaching Option ,16,11,5,0,13,2,0,1,0,0,0,0,0,0,0,16,0,10KV3918BSLA120111 ,KV ,413 ,MS ,0294 ,Teaching of Chemistry ,  ,  ,2,2,0,0,2,0,0,0,0,0,0,0,0,0,0,2,0,10KS0294MS120111 ,KV ,413 ,MS ,0335 ,Chemistry ,  ,  ,2,0,2,0,2,0,0,0,0,0,0,0,0,0,0,0,2,10KS0335MS120111 ,KV ,413 ,PHD ,0335 ,Chemistry ,  ,  ,250,175,75,0,156,15,5,8,1,0,8,53,4,6,4,18,232,10KS0335PHD120111 ,KV ,413 ,PHD ,0337 ,Chemical Physics ,  ,  ,10,9,1,0,5,0,0,1,0,0,0,3,1,0,0,0,10,10KS0337PHD120111 ,KV ,415 ,BSLAS ,0433 ,Molecular and Cellular Biology ,  ,  ,957,504,453,0,533,265,49,47,1,4,20,31,7,52,5,897,60,10KV0433BSLA120111 ,KV ,415 ,BSLAS ,0433 ,Molecular and Cellular Biology ,  ,  ,58,33,25,0,34,21,1,0,0,0,1,1,0,1,0,56,2,10KV8037BSLA120111 ,KV ,415 ,BSLAS ,0433 ,Molecular and Cellular Biology ,5121 ,Honors ,72,37,35,0,35,24,2,2,0,0,5,3,1,2,1,69,3,10KV0433BSLA120111 ,KV ,415 ,BSLAS ,0433 ,Molecular and Cellular Biology ,5121 ,Honors ,11,6,5,0,3,7,0,0,0,0,1,0,0,0,0,11,0,10KV8037BSLA120111 ,KV ,415 ,NONE ,3854 ,Molecular&Cell Bio-undeclared ,  ,  ,18,11,7,0,5,2,0,1,0,0,0,10,0,0,0,3,15,10KS3854NONE120111 ,KV ,415 ,PHD ,0319 ,Biophysics & Computnl Biology ,  ,  ,65,52,13,0,16,4,0,2,0,0,1,42,0,0,0,6,59,10KS0319PHD120111 ,KV ,415 ,PHD ,0323 ,Neuroscience ,  ,  ,53,20,33,0,24,11,2,5,0,1,1,9,0,3,0,17,36,10KS0323PHD120111 ,KV ,430 ,BSLAS ,0333 ,Astronomy ,  ,  ,33,25,8,0,20,4,0,5,1,0,1,2,0,1,1,30,3,10KV0333BSLA120111 ,KV ,430 ,MS ,0333 ,Astronomy ,  ,  ,2,1,1,0,2,0,0,0,0,0,0,0,0,0,0,2,0,10KS0333MS120111 ,KV ,430 ,PHD ,0333 ,Astronomy ,  ,  ,27,15,12,0,9,3,0,0,0,0,0,15,0,0,0,2,25,10KS0333PHD120111 ,KV ,438 ,BS ,0318 ,Biochemistry ,  ,  ,111,62,49,0,52,37,0,5,0,0,1,15,1,0,0,88,23,10KV0318BS120111 ,KV ,438 ,MS ,0318 ,Biochemistry ,  ,  ,3,2,1,0,1,0,0,0,0,0,1,1,0,0,1,2,1,10KS0318MS120111 ,KV ,438 ,NDEG ,0318 ,Biochemistry ,  ,  ,1,1,0,0,0,1,0,0,0,0,0,0,0,0,0,1,0,10KS0318NDEG120111 ,KV ,438 ,PHD ,0318 ,Biochemistry ,  ,  ,60,30,30,0,21,9,0,4,0,0,1,25,0,0,1,18,42,10KS0318PHD120111 ,KV ,451 ,BALAS ,0342 ,History ,  ,  ,376,259,117,0,309,16,9,25,0,1,10,4,2,17,0,364,12,10KV0342BALA120111 ,KV ,451 ,BALAS ,0342 ,History ,  ,  ,20,14,6,0,17,1,1,1,0,0,0,0,0,1,0,19,1,10KV8037BALA120111 ,KV ,451 ,BALAS ,0342 ,History ,3917 ,Teaching of Social Studies ,79,41,38,0,69,3,1,5,0,0,1,0,0,2,0,78,1,10KV3917BALA120111 ,KV ,451 ,BALAS ,0342 ,History ,3917 ,Teaching of Social Studies ,1,1,0,0,1,0,0,0,0,0,0,0,0,0,0,1,0,10KV8037BALA120111 ,KV ,451 ,PHD ,0342 ,History ,  ,  ,108,56,52,0,64,4,10,4,0,0,4,18,4,12,2,15,93,10KS0342PHD120111 ,KV ,461 ,MA ,0283 ,African Studies ,  ,  ,12,8,4,0,4,0,4,0,0,0,0,3,1,4,0,5,7,10KS0283MA120111 ,KV ,489 ,BALAS ,0313 ,Speech Communication ,  ,  ,34,8,26,0,21,1,8,3,0,0,0,1,0,8,0,32,2,10KV0313BALA120111 ,KV ,489 ,BALAS ,0313 ,Speech Communication ,  ,  ,3,0,3,0,3,0,0,0,0,0,0,0,0,0,0,3,0,10KV8037BALA120111 ,KV ,489 ,BALAS ,5164 ,Communication ,  ,  ,821,327,493,1,482,51,157,73,1,0,9,40,8,161,9,749,72,10KV5164BALA120111 ,KV ,489 ,BALAS ,5164 ,Communication ,  ,  ,22,5,17,0,9,8,2,3,0,0,0,0,0,2,1,20,2,10KV8037BALA120111 ,KV ,489 ,MA ,5164 ,Communication ,  ,  ,27,4,23,0,18,1,2,1,0,0,0,4,1,2,0,15,12,10KS5164MA120111 ,KV ,489 ,MA ,5164 ,Communication ,  ,  ,1,0,1,0,1,0,0,0,0,0,0,0,0,0,0,1,0,10KS5164MAU120111 ,KV ,489 ,PHD ,0313 ,Speech Communication ,  ,  ,9,8,1,0,7,1,0,1,0,0,0,0,0,0,0,1,8,10KS0313PHD120111 ,KV ,489 ,PHD ,5164 ,Communication ,  ,  ,29,11,18,0,24,1,2,1,0,0,0,0,1,2,0,14,15,10KS5164PHD120111 ,KV ,490 ,BALAS ,0443 ,Religious Studies ,  ,  ,4,1,3,0,2,1,0,0,0,0,1,0,0,0,0,4,0,10KV0443BALA120111 ,KV ,490 ,BALAS ,0443 ,Religious Studies ,3899 ,Christianity ,1,0,1,0,1,0,0,0,0,0,0,0,0,0,0,1,0,10KV3899BALA120111 ,KV ,490 ,BALAS ,0443 ,Religious Studies ,3900 ,Islam ,1,0,1,0,1,0,0,0,0,0,0,0,0,0,0,1,0,10KV3900BALA120111 ,KV ,490 ,BALAS ,0443 ,Religious Studies ,3903 ,Religion and Culture ,1,1,0,0,0,0,0,1,0,0,0,0,0,0,0,1,0,10KV3903BALA120111 ,KV ,490 ,BALAS ,5197 ,Religion ,  ,  ,10,6,4,0,8,2,0,0,0,0,0,0,0,0,0,10,0,10KV5197BALA120111 ,KV ,490 ,BALAS ,5197 ,Religion ,3899 ,Christianity ,3,1,2,0,1,1,0,1,0,0,0,0,0,0,0,3,0,10KV5197BALA120111 ,KV ,490 ,BALAS ,5197 ,Religion ,3900 ,Islam ,2,2,0,0,1,1,0,0,0,0,0,0,0,0,0,2,0,10KV5197BALA120111 ,KV ,490 ,BALAS ,5197 ,Religion ,3903 ,Religion and Culture ,1,1,0,0,1,0,0,0,0,0,0,0,0,0,0,1,0,10KV5197BALA120111 ,KV ,490 ,BALAS ,5197 ,Religion ,5199 ,Religion in America ,2,0,2,0,2,0,0,0,0,0,0,0,0,0,0,2,0,10KV5197BALA120111 ,KV ,499 ,BALAS ,0311 ,English ,  ,  ,510,169,340,1,381,37,32,41,1,0,11,4,3,42,5,497,13,10KV0311BALA120111 ,KV ,499 ,BALAS ,0311 ,English ,  ,  ,71,23,48,0,55,6,3,5,0,0,1,1,0,3,0,70,1,10KV8037BALA120111 ,KV ,499 ,BALAS ,0311 ,English ,3916 ,English Teaching Option ,83,22,61,0,68,6,3,5,0,0,1,0,0,3,0,83,0,10KV3916BALA120111 ,KV ,499 ,BALAS ,0420 ,Rhetoric ,3892 ,Creative Writing ,6,3,3,0,3,1,0,1,0,0,1,0,0,0,0,6,0,10KV0420BALA120111 ,KV ,499 ,BALAS ,0420 ,Rhetoric ,3892 ,Creative Writing ,87,47,40,0,49,5,19,10,0,0,0,1,3,20,0,86,1,10KV3892BALA120111 ,KV ,499 ,BALAS ,0420 ,Rhetoric ,3892 ,Creative Writing ,11,4,7,0,6,2,2,1,0,0,0,0,0,2,0,11,0,10KV8037BALA120111 ,KV ,499 ,BSLAS ,0311 ,English ,  ,  ,1,1,0,0,1,0,0,0,0,0,0,0,0,0,0,1,0,10KV0311BSLA120111 ,KV ,499 ,MA ,0311 ,English ,  ,  ,9,4,5,0,6,1,1,0,0,0,0,1,0,1,0,2,7,10KS0311MA120111 ,KV ,499 ,MFA ,1136 ,Creative Writing ,  ,  ,16,7,9,0,14,1,0,1,0,0,0,0,0,0,0,4,12,10KS1136MFA120111 ,KV ,499 ,PHD ,0311 ,English ,  ,  ,116,36,80,0,86,8,3,10,0,0,0,9,0,3,0,24,92,10KS0311PHD120111 ,KV ,499 ,PHD ,0311 ,English ,5080 ,Medieval Studies ,1,0,1,0,1,0,0,0,0,0,0,0,0,0,0,0,1,10KS0311PHD120111 ,KV ,514 ,BALAS ,0308 ,Classics ,  ,  ,8,3,5,0,6,1,0,0,0,0,1,0,0,0,0,8,0,10KV0308BALA120111 ,KV ,514 ,BALAS ,0308 ,Classics ,  ,  ,2,1,1,0,1,1,0,0,0,0,0,0,0,0,0,2,0,10KV8037BALA120111 ,KV ,514 ,BALAS ,0308 ,Classics ,0309 ,Greek ,2,2,0,0,1,0,0,1,0,0,0,0,0,0,0,1,1,10KV0309BALA120111 ,KV ,514 ,BALAS ,0308 ,Classics ,0310 ,Latin ,4,2,2,0,3,1,0,0,0,0,0,0,0,0,0,3,1,10KV0310BALA120111 ,KV ,514 ,BALAS ,0308 ,Classics ,0310 ,Latin ,1,1,0,0,1,0,0,0,0,0,0,0,0,0,0,1,0,10KV8037BALA120111 ,KV ,514 ,BALAS ,0308 ,Classics ,3878 ,Classical Civilization ,2,1,1,0,1,0,0,1,0,0,0,0,0,0,0,2,0,10KV0308BALA120111 ,KV ,514 ,BALAS ,0308 ,Classics ,3878 ,Classical Civilization ,7,3,4,0,7,0,0,0,0,0,0,0,0,0,0,7,0,10KV3878BALA120111 ,KV ,514 ,MA ,0308 ,Classics ,  ,  ,8,5,3,0,7,0,0,1,0,0,0,0,0,0,0,1,7,10KS0308MA120111 ,KV ,514 ,MA ,0345 ,Teaching of Latin ,  ,  ,1,0,1,0,0,0,0,0,0,0,1,0,0,0,1,1,0,10KS0345MA120111 ,KV ,514 ,PHD ,0347 ,Classical Philology ,  ,  ,7,4,3,0,4,1,0,2,0,0,0,0,0,0,0,1,6,10KS0347PHD120111 ,KV ,553 ,BALAS ,0287 ,Russian & E European Studies ,  ,  ,4,4,0,0,2,0,0,0,0,0,2,0,0,1,1,3,1,10KV0287BALA120111 ,KV ,553 ,BALAS ,4097 ,"Russian, E Eur, Eurasian St ",  ,  ,2,2,0,0,2,0,0,0,0,0,0,0,0,0,0,2,0,10KV4097BALA120111 ,KV ,553 ,MA ,4097 ,"Russian, E Eur, Eurasian St ",  ,  ,7,2,5,0,7,0,0,0,0,0,0,0,0,0,0,4,3,10KS4097MA120111 ,KV ,580 ,BALAS ,0150 ,History of Art ,  ,  ,28,0,28,0,16,4,2,0,0,0,1,3,2,2,0,24,4,10KV0150BALA120111 ,KV ,580 ,BALAS ,0401 ,International Studies ,  ,  ,91,24,66,1,43,16,4,12,1,0,2,11,2,6,2,78,13,10KV0401BALA120111 ,KV ,580 ,BALAS ,0401 ,International Studies ,  ,  ,18,2,16,0,13,4,0,1,0,0,0,0,0,0,0,18,0,10KV8037BALA120111 ,KV ,580 ,BALAS ,0463 ,Individual Plans of Study ,  ,  ,3,2,1,0,2,1,0,0,0,0,0,0,0,0,0,3,0,10KV0463BALA120111 ,KV ,580 ,BALAS ,3865 ,Interdisciplinary ,3867 ,Renaissance Studies ,1,0,1,0,0,1,0,0,0,0,0,0,0,0,0,1,0,10KV3867BALA120111 ,KV ,580 ,BALAS ,3865 ,Interdisciplinary ,3869 ,Cinema Studies ,8,6,2,0,4,2,2,0,0,0,0,0,0,2,0,8,0,10KV3869BALA120111 ,KV ,580 ,BALAS ,3865 ,Interdisciplinary ,3869 ,Cinema Studies ,2,0,2,0,2,0,0,0,0,0,0,0,0,0,0,2,0,10KV8037BALA120111 ,KV ,580 ,BALAS ,3865 ,Interdisciplinary ,4029 ,Gender and Women's Studies ,1,0,1,0,1,0,0,0,0,0,0,0,0,0,0,1,0,10KV4029BALA120111 ,KV ,580 ,BALAS ,5206 ,Global Studies ,  ,  ,200,60,140,0,123,26,10,17,0,0,4,17,3,10,0,179,21,10KV5206BALA120111 ,KV ,580 ,BALAS ,5206 ,Global Studies ,  ,  ,9,2,7,0,7,1,0,0,0,0,1,0,0,0,0,8,1,10KV8037BALA120111 ,KV ,580 ,BS ,0240 ,Physics ,  ,  ,104,92,12,0,55,15,1,8,0,0,3,21,1,1,1,70,34,10KV0240BS120111 ,KV ,580 ,BSLAS ,0240 ,Physics ,  ,  ,69,56,13,0,38,11,1,4,0,0,0,14,1,1,0,49,20,10KV0240BSLA120111 ,KV ,580 ,BSLAS ,0240 ,Physics ,  ,  ,4,4,0,0,1,1,0,0,0,0,0,2,0,0,0,2,2,10KV8037BSLA120111 ,KV ,580 ,BSLAS ,0240 ,Physics ,3919 ,Physics Teaching Option ,8,7,1,0,7,0,0,1,0,0,0,0,0,0,0,8,0,10KV3919BSLA120111 ,KV ,580 ,BSLAS ,0463 ,Individual Plans of Study ,  ,  ,4,3,1,0,2,1,0,1,0,0,0,0,0,0,0,4,0,10KV0463BSLA120111 ,KV ,580 ,NDEG ,0067 ,Nondegree ,  ,  ,147,65,82,0,46,5,4,5,0,0,2,83,2,4,1,57,90,10KV0067NDEG120111 ,KV ,580 ,NONE ,0390 ,General Curriculum ,  ,  ,54,24,29,1,3,5,35,10,0,0,0,0,1,36,0,50,4,10KV0390NONE120111 ,KV ,580 ,NONE ,5246 ,LAS - Undeclared ,  ,  ,90,32,58,0,1,1,61,21,0,0,3,0,3,64,2,83,7,10KV5246NONE120111 ,KV ,583 ,BSLAS ,0329 ,Statistics ,  ,  ,103,68,35,0,46,19,7,3,0,0,0,28,0,7,1,70,33,10KV0329BSLA120111 ,KV ,583 ,BSLAS ,0329 ,Statistics ,  ,  ,6,2,4,0,1,3,0,0,0,0,0,2,0,0,0,4,2,10KV8037BSLA120111 ,KV ,583 ,BSLAS ,0464 ,Statistics & Computer Science ,  ,  ,15,10,5,0,6,2,1,0,0,0,0,6,0,1,0,9,6,10KV0464BSLA120111 ,KV ,583 ,BSLAS ,0464 ,Statistics & Computer Science ,  ,  ,2,0,2,0,0,0,0,0,0,0,0,2,0,0,0,0,2,10KV8037BSLA120111 ,KV ,583 ,MS ,0329 ,Statistics ,  ,  ,20,7,13,0,3,2,0,0,0,0,0,15,0,0,0,4,16,10KS0329MS120111 ,KV ,583 ,MS ,0329 ,Statistics ,5165 ,Analytics ,9,4,5,0,5,0,0,0,0,0,0,3,1,0,0,4,5,10KS5165MS120111 ,KV ,583 ,PHD ,0329 ,Statistics ,  ,  ,24,15,9,0,3,1,1,0,0,0,0,19,0,1,0,3,21,10KS0329PHD120111 ,KV ,584 ,PHD ,0321 ,Cell and Structural Biology ,  ,  ,3,3,0,0,1,0,0,0,0,0,0,2,0,0,0,0,3,10KS0321PHD120111 ,KV ,584 ,PHD ,4094 ,Cell and Developmental Biology ,  ,  ,43,22,21,0,12,5,0,1,0,0,0,25,0,0,0,8,35,10KS4094PHD120111 ,KV ,585 ,BA ,0297 ,Teaching of Spanish ,  ,  ,25,6,19,0,22,1,0,1,0,0,1,0,0,0,0,25,0,10KV0297BA120111 ,KV ,585 ,BALAS ,0305 ,Italian ,  ,  ,4,1,3,0,2,0,0,2,0,0,0,0,0,0,0,4,0,10KV0305BALA120111 ,KV ,585 ,BALAS ,0307 ,Spanish ,  ,  ,162,33,129,0,108,9,4,36,0,0,5,0,0,5,2,162,0,10KV0307BALA120111 ,KV ,585 ,BALAS ,0307 ,Spanish ,  ,  ,30,2,28,0,23,1,1,4,0,0,1,0,0,1,1,29,1,10KV8037BALA120111 ,KV ,585 ,MA ,0305 ,Italian ,  ,  ,1,1,0,0,1,0,0,0,0,0,0,0,0,0,0,0,1,10KS0305MA120111 ,KV ,585 ,MA ,0307 ,Spanish ,  ,  ,1,1,0,0,0,0,0,1,0,0,0,0,0,0,0,1,0,10KS0307MA120111 ,KV ,585 ,MA ,0307 ,Spanish ,5122 ,Spanish Linguistics ,8,2,6,0,2,0,0,2,0,0,0,4,0,0,0,1,7,10KS0307MA120111 ,KV ,585 ,PHD ,0305 ,Italian ,  ,  ,1,0,1,0,0,0,0,0,0,0,0,1,0,0,0,0,1,10KS0305PHD120111 ,KV ,585 ,PHD ,0306 ,Portuguese ,  ,  ,2,1,1,0,0,0,0,1,0,0,0,1,0,0,0,0,2,10KS0306PHD120111 ,KV ,585 ,PHD ,0307 ,Spanish ,  ,  ,29,5,24,0,9,0,0,10,0,0,0,10,0,3,0,5,24,10KS0307PHD120111 ,KV ,604 ,PHD ,0325 ,Molecular & Integrative Physi ,  ,  ,34,13,21,0,12,2,2,3,0,0,1,14,0,2,0,8,26,10KS0325PHD120111 ,KV ,655 ,BALAS ,0336 ,Geology ,  ,  ,1,1,0,0,1,0,0,0,0,0,0,0,0,0,0,0,1,10KV0336BALA120111 ,KV ,655 ,BS ,0336 ,Geology ,  ,  ,23,16,7,0,19,1,0,1,0,0,2,0,0,1,1,23,0,10KV0336BS120111 ,KV ,655 ,BS ,0336 ,Geology ,3880 ,Geophysics ,3,2,1,0,2,0,0,0,0,0,0,1,0,0,0,2,1,10KV3880BS120111 ,KV ,655 ,BS ,0336 ,Geology ,3881 ,Environmental Geology ,1,1,0,0,1,0,0,0,0,0,0,0,0,0,0,1,0,10KV0336BS120111 ,KV ,655 ,BS ,0336 ,Geology ,3881 ,Environmental Geology ,3,2,1,0,2,1,0,0,0,0,0,0,0,0,0,3,0,10KV3881BS120111 ,KV ,655 ,BSLAS ,0336 ,Geology ,  ,  ,12,9,3,0,10,0,0,0,0,0,0,1,1,0,0,10,2,10KV0336BSLA120111 ,KV ,655 ,BSLAS ,0336 ,Geology ,  ,  ,1,1,0,0,0,0,0,1,0,0,0,0,0,0,0,1,0,10KV8037BSLA120111 ,KV ,655 ,BSLAS ,0336 ,Geology ,3879 ,Teaching of Earth Science ,1,0,1,0,1,0,0,0,0,0,0,0,0,0,0,1,0,10KV3879BSLA120111 ,KV ,655 ,BSLAS ,0336 ,Geology ,3882 ,Earth & Environmental Sciences ,3,2,1,0,1,0,1,1,0,0,0,0,0,1,0,3,0,10KV3882BSLA120111 ,KV ,655 ,MS ,0336 ,Geology ,  ,  ,14,7,7,0,11,1,0,0,0,0,0,0,2,0,0,9,5,10KS0336MS120111 ,KV ,655 ,PHD ,0336 ,Geology ,  ,  ,15,9,6,0,4,0,0,0,0,0,0,11,0,0,0,2,13,10KS0336PHD120111 ,KV ,670 ,MA ,5203 ,European Union Studies ,  ,  ,5,2,3,0,5,0,0,0,0,0,0,0,0,0,0,4,1,10KS5203MA120111 ,KV ,680 ,BALAS ,1279 ,Gender and Women's Studies ,  ,  ,15,1,14,0,6,2,6,1,0,0,0,0,0,6,0,15,0,10KV1279BALA120111 ,KV ,680 ,BALAS ,1279 ,Gender and Women's Studies ,  ,  ,1,0,1,0,0,0,1,0,0,0,0,0,0,1,0,1,0,10KV8037BALA120111 ,KV ,687 ,BS ,0300 ,Chemical Engineering ,  ,  ,475,325,149,1,256,98,11,22,1,1,6,77,3,11,3,359,116,10KV0300BS120111 ,KV ,687 ,BS ,0300 ,Chemical Engineering ,  ,  ,2,1,1,0,0,2,0,0,0,0,0,0,0,0,0,2,0,10KV5029BS120111 ,KV ,687 ,BS ,0300 ,Chemical Engineering ,5029 ,Biomolecular Engineering ,1,1,0,0,0,0,0,0,0,0,1,0,0,0,0,1,0,10KV0300BS120111 ,KV ,687 ,BS ,0300 ,Chemical Engineering ,5029 ,Biomolecular Engineering ,8,7,1,0,5,1,0,1,0,0,0,1,0,0,0,7,1,10KV5029BS120111 ,KV ,687 ,MS ,0300 ,Chemical Engineering ,  ,  ,4,1,3,0,0,0,0,0,0,0,0,4,0,0,0,0,4,10KS0300MS120111 ,KV ,687 ,NDEG ,0300 ,Chemical Engineering ,  ,  ,1,0,1,0,0,0,0,1,0,0,0,0,0,0,0,0,1,10KS0300NDEG120111 ,KV ,687 ,PHD ,0300 ,Chemical Engineering ,  ,  ,95,61,34,0,36,9,0,4,0,0,1,43,2,0,0,6,89,10KS0300PHD120111 ,KV ,710 ,BALAS ,0343 ,Political Science ,  ,  ,705,443,262,0,466,64,54,70,0,2,9,32,8,62,2,653,52,10KV0343BALA120111 ,KV ,710 ,BALAS ,0343 ,Political Science ,  ,  ,92,48,44,0,68,7,3,5,0,0,2,4,3,3,1,87,5,10KV8037BALA120111 ,KV ,710 ,BSLAS ,0343 ,Political Science ,  ,  ,4,3,1,0,3,1,0,0,0,0,0,0,0,0,0,4,0,10KV0343BSLA120111 ,KV ,710 ,BSLAS ,0343 ,Political Science ,  ,  ,1,0,1,0,1,0,0,0,0,0,0,0,0,0,0,1,0,10KV8037BSLA120111 ,KV ,710 ,MA ,0343 ,Political Science ,  ,  ,2,1,1,0,1,0,0,0,0,0,0,1,0,0,0,1,1,10KS0343MA120111 ,KV ,710 ,MA ,0343 ,Political Science ,5120 ,Civic Leadership ,16,8,8,0,14,1,1,0,0,0,0,0,0,1,0,14,2,10KS0343MA120111 ,KV ,710 ,PHD ,0343 ,Political Science ,  ,  ,59,31,28,0,46,4,2,1,0,0,0,6,0,2,1,8,51,10KS0343PHD120111 ,KV ,715 ,BALAS ,0332 ,Philosophy ,  ,  ,85,65,20,0,57,9,7,3,0,0,2,6,1,8,2,76,9,10KV0332BALA120111 ,KV ,715 ,BALAS ,0332 ,Philosophy ,  ,  ,3,2,1,0,3,0,0,0,0,0,0,0,0,0,0,3,0,10KV8037BALA120111 ,KV ,715 ,PHD ,0332 ,Philosophy ,  ,  ,33,30,3,0,31,0,0,0,0,0,0,2,0,0,0,10,23,10KS0332PHD120111 ,KV ,729 ,BALAS ,0286 ,Latin American Studies ,  ,  ,4,2,2,0,0,0,0,4,0,0,0,0,0,1,2,4,0,10KV0286BALA120111 ,KV ,729 ,BALAS ,0286 ,Latin American Studies ,  ,  ,1,1,0,0,0,0,0,1,0,0,0,0,0,0,0,1,0,10KV8037BALA120111 ,KV ,729 ,MA ,0286 ,Latin American Studies ,  ,  ,5,3,2,0,2,0,0,2,0,0,0,1,0,0,0,1,4,10KS0286MA120111 ,KV ,748 ,NDEG ,0299 ,Teaching of English Sec Lang ,  ,  ,2,0,2,0,0,1,0,0,0,0,0,1,0,0,0,1,1,10KS0299NDEG120111 ,KV ,771 ,BALAS ,1120 ,Comparative Literature ,  ,  ,10,4,6,0,6,1,1,2,0,0,0,0,0,1,1,10,0,10KV1120BALA120111 ,KV ,771 ,BALAS ,1120 ,Comparative Literature ,3905 ,World Literature ,3,0,2,1,2,0,0,0,0,0,0,1,0,0,0,3,0,10KV3905BALA120111 ,KV ,771 ,BALAS ,1120 ,Comparative Literature ,3905 ,World Literature ,1,0,1,0,1,0,0,0,0,0,0,0,0,0,0,0,1,10KV8037BALA120111 ,KV ,771 ,MA ,1120 ,Comparative Literature ,  ,  ,4,3,1,0,3,0,0,0,0,0,0,1,0,0,0,0,4,10KS1120MA120111 ,KV ,771 ,PHD ,1120 ,Comparative Literature ,  ,  ,15,3,12,0,6,1,0,1,0,0,0,7,0,0,0,2,13,10KS1120PHD120111 ,KV ,864 ,BALAS ,0301 ,Linguistics ,  ,  ,36,14,22,0,29,3,0,1,0,0,2,1,0,0,0,35,1,10KV0301BALA120111 ,KV ,864 ,BALAS ,0301 ,Linguistics ,  ,  ,3,3,0,0,1,2,0,0,0,0,0,0,0,0,0,3,0,10KV3874BALA120111 ,KV ,864 ,BALAS ,0301 ,Linguistics ,  ,  ,2,0,2,0,2,0,0,0,0,0,0,0,0,0,0,2,0,10KV8037BALA120111 ,KV ,864 ,BALAS ,0301 ,Linguistics ,3874 ,Hebrew Language & Linguistics ,3,2,1,0,2,0,0,0,0,0,1,0,0,0,0,3,0,10KV3874BALA120111 ,KV ,864 ,MA ,0299 ,Teaching of English Sec Lang ,  ,  ,48,8,40,0,16,7,1,2,0,0,0,22,0,1,0,17,31,10KS0299MA120111 ,KV ,864 ,MA ,0301 ,Linguistics ,  ,  ,20,8,12,0,10,1,0,0,0,0,0,9,0,0,0,4,16,10KS0301MA120111 ,KV ,864 ,NDEG ,0301 ,Linguistics ,  ,  ,1,0,1,0,0,0,0,0,0,0,0,1,0,0,0,0,1,10KS0301NDEG120111 ,KV ,864 ,PHD ,0301 ,Linguistics ,  ,  ,38,13,25,0,9,4,2,2,0,0,0,20,1,2,0,6,32,10KS0301PHD120111 ,KV ,872 ,BALAS ,0341 ,Geography ,  ,  ,17,14,3,0,12,0,2,1,0,0,0,1,1,2,0,16,1,10KV0341BALA120111 ,KV ,872 ,BALAS ,0341 ,Geography ,  ,  ,1,1,0,0,1,0,0,0,0,0,0,0,0,0,0,1,0,10KV8037BALA120111 ,KV ,872 ,BALAS ,0341 ,Geography ,3883 ,Environmental Geography ,1,1,0,0,0,1,0,0,0,0,0,0,0,0,0,1,0,10KV3883BALA120111 ,KV ,872 ,BALAS ,0341 ,Geography ,3884 ,Human Geography ,2,1,1,0,2,0,0,0,0,0,0,0,0,0,0,2,0,10KV3884BALA120111 ,KV ,872 ,BALAS ,0341 ,Geography ,3885 ,Physical Geography ,1,1,0,0,0,0,0,1,0,0,0,0,0,0,0,1,0,10KV0341BALA120111 ,KV ,872 ,BALAS ,0341 ,Geography ,3885 ,Physical Geography ,1,0,1,0,1,0,0,0,0,0,0,0,0,0,0,1,0,10KV3885BALA120111 ,KV ,872 ,BALAS ,0341 ,Geography ,3886 ,Geographic Information Science ,2,1,1,0,0,1,0,0,0,0,0,1,0,0,0,1,1,10KV3886BALA120111 ,KV ,872 ,MA ,0341 ,Geography ,  ,  ,5,3,2,0,4,0,0,0,0,0,0,0,1,0,0,5,0,10KS0341MA120111 ,KV ,872 ,MS ,0341 ,Geography ,  ,  ,4,2,2,0,2,0,0,0,0,0,0,2,0,0,0,1,3,10KS0341MS120111 ,KV ,872 ,NDEG ,0341 ,Geography ,  ,  ,2,2,0,0,2,0,0,0,0,0,0,0,0,0,0,2,0,10KS0341NDEG120111 ,KV ,872 ,PHD ,0341 ,Geography ,  ,  ,37,23,14,0,19,1,3,1,0,0,1,12,0,3,1,7,30,10KS0341PHD120111 ,KV ,927 ,BA ,0296 ,Teaching of German ,  ,  ,3,1,2,0,2,1,0,0,0,0,0,0,0,0,0,3,0,10KV0296BA120111 ,KV ,927 ,BALAS ,0412 ,Germanic Lang & Lit ,  ,  ,9,3,6,0,6,2,0,0,0,0,1,0,0,0,0,9,0,10KV0412BALA120111 ,KV ,927 ,BALAS ,0412 ,Germanic Lang & Lit ,3887 ,German and Commercial Studies ,1,1,0,0,1,0,0,0,0,0,0,0,0,0,0,1,0,10KV3887BALA120111 ,KV ,927 ,BALAS ,0412 ,Germanic Lang & Lit ,3888 ,Language and Literature ,1,0,1,0,1,0,0,0,0,0,0,0,0,0,0,1,0,10KV3888BALA120111 ,KV ,927 ,BALAS ,0412 ,Germanic Lang & Lit ,3888 ,Language and Literature ,2,0,2,0,2,0,0,0,0,0,0,0,0,0,0,2,0,10KV8037BALA120111 ,KV ,927 ,BALAS ,0412 ,Germanic Lang & Lit ,3889 ,Language Studies ,1,1,0,0,0,0,0,1,0,0,0,0,0,0,0,1,0,10KV3889BALA120111 ,KV ,927 ,BALAS ,0412 ,Germanic Lang & Lit ,3889 ,Language Studies ,1,1,0,0,1,0,0,0,0,0,0,0,0,0,0,1,0,10KV8037BALA120111 ,KV ,927 ,MA ,0303 ,German ,  ,  ,7,3,4,0,4,1,0,0,0,0,0,2,0,0,0,3,4,10KS0303MA120111 ,KV ,927 ,NDEG ,0303 ,German ,  ,  ,2,0,2,0,0,0,0,0,0,0,0,2,0,0,0,0,2,10KS0303NDEG120111 ,KV ,927 ,PHD ,0303 ,German ,  ,  ,11,5,6,0,9,0,0,0,0,0,0,2,0,0,0,2,9,10KS0303PHD120111 ,KV ,948 ,PHD ,0322 ,Microbiology ,  ,  ,72,25,47,0,33,4,2,7,1,0,1,22,2,3,1,14,58,10KS0322PHD120111 ,KV ,958 ,BALAS ,0411 ,Russian Lang & Literature ,  ,  ,3,2,1,0,3,0,0,0,0,0,0,0,0,0,0,3,0,10KV0411BALA120111 ,KV ,958 ,BALAS ,0411 ,Russian Lang & Literature ,  ,  ,1,1,0,0,1,0,0,0,0,0,0,0,0,0,0,1,0,10KV8037BALA120111 ,KV ,958 ,MA ,0302 ,Slavic Languages & Literature ,  ,  ,4,1,3,0,3,0,1,0,0,0,0,0,0,1,0,3,1,10KS0302MA120111 ,KV ,958 ,PHD ,0302 ,Slavic Languages & Literature ,  ,  ,10,1,9,0,1,1,0,0,0,0,0,6,2,0,0,0,10,10KS0302PHD120111 ,KV ,982 ,BALAS ,5167 ,Latina/Latino Studies ,  ,  ,4,0,4,0,0,0,0,4,0,0,0,0,0,0,0,4,0,10KV5167BALA120111 ,KV ,985 ,BA ,0295 ,Teaching of French ,  ,  ,4,0,4,0,3,0,0,0,0,0,0,0,1,0,0,4,0,10KV0295BA120111 ,KV ,985 ,BALAS ,0304 ,French ,  ,  ,19,5,14,0,16,1,0,0,0,0,1,1,0,0,1,17,2,10KV0304BALA120111 ,KV ,985 ,BALAS ,0304 ,French ,3875 ,French Commercial Studies ,2,1,1,0,2,0,0,0,0,0,0,0,0,0,0,2,0,10KV0304BALA120111 ,KV ,985 ,BALAS ,0304 ,French ,3875 ,French Commercial Studies ,5,3,2,0,4,0,0,0,0,0,0,1,0,0,0,4,1,10KV3875BALA120111 ,KV ,985 ,BALAS ,0304 ,French ,3876 ,French Studies ,1,0,1,0,0,0,0,0,0,0,1,0,0,1,0,1,0,10KV0304BALA120111 ,KV ,985 ,BALAS ,0304 ,French ,3876 ,French Studies ,17,4,13,0,12,0,0,2,0,1,2,0,0,1,1,17,0,10KV3876BALA120111 ,KV ,985 ,MA ,0304 ,French ,  ,  ,11,1,10,0,10,0,0,0,0,0,0,1,0,0,0,6,5,10KS0304MA120111 ,KV ,985 ,NDEG ,0304 ,French ,  ,  ,1,0,1,0,1,0,0,0,0,0,0,0,0,0,0,1,0,10KS0304NDEG120111 ,KV ,985 ,PHD ,0304 ,French ,  ,  ,21,8,13,0,14,0,2,0,0,0,0,5,0,2,0,3,18,10KS0304PHD120111 ,KV ,  ,  ,  ,Liberal Arts & Sci ,  ,***College total*** ,13611,6772,6830,9,7643,1760,836,982,18,20,240,1976,136,936,109,10137,3474,  ,,,,,,,,,,,,,,,,,,,,,,,,, ,,,,,,,,,,,,,,,,,,,,,,,,,120111 ,KW ,  ,  ,  ,General Studies ,  ,  ,  ,  ,  ,  ,  ,  ,  ,  ,  ,  ,  ,  ,  ,  ,  ,  ,  , 120111 ,KW ,605 ,NONE ,5083 ,Undeclared ,  ,  ,2445,1331,1113,1,1436,324,189,228,4,6,46,197,15,206,13,2163,282,10KW5083NONE120111 ,KW ,  ,  ,  ,General Studies ,  ,***College total*** ,2445,1331,1113,1,1436,324,189,228,4,6,46,197,15,206,13,2163,282,  ,,,,,,,,,,,,,,,,,,,,,,,,, ,,,,,,,,,,,,,,,,,,,,,,,,,120111 ,KY ,  ,  ,  ,Applied Health Sci ,  ,  ,  ,  ,  ,  ,  ,  ,  ,  ,  ,  ,  ,  ,  ,  ,  ,  ,  , 120111 ,KY ,581 ,BS ,0349 ,Community Health ,  ,  ,71,17,54,0,43,5,12,9,0,0,1,0,1,12,0,64,7,10KY0349BS120111 ,KY ,581 ,BS ,0349 ,Community Health ,0473 ,Health Education ,175,22,153,0,77,26,43,19,2,0,7,0,1,44,5,172,3,10KY0473BS120111 ,KY ,581 ,BS ,0349 ,Community Health ,0474 ,Health Planning & Admin ,250,68,181,1,116,47,52,23,1,3,4,1,3,53,2,244,6,10KY0474BS120111 ,KY ,581 ,BS ,0349 ,Community Health ,0495 ,Rehab & Disability Studies ,83,15,68,0,39,6,20,15,0,0,3,0,0,21,2,78,5,10KY0495BS120111 ,KY ,581 ,BS ,0351 ,Kinesiology ,  ,  ,559,228,330,1,428,38,24,44,1,0,10,7,7,25,4,527,32,10KY0351BS120111 ,KY ,581 ,BS ,0351 ,Kinesiology ,4049 ,Teacher Education K-12 ,28,20,8,0,24,0,0,4,0,0,0,0,0,0,0,28,0,10KY4049BS120111 ,KY ,581 ,BS ,5185 ,Athletic Training ,  ,  ,34,9,25,0,28,1,1,2,0,0,2,0,0,1,1,34,0,10KY5185BS120111 ,KY ,581 ,MPH ,1630 ,Public Health ,  ,  ,14,5,9,0,12,1,0,0,0,0,0,1,0,0,0,12,2,10KS1630MPH120111 ,KY ,581 ,MS ,0349 ,Community Health ,  ,  ,11,5,6,0,4,1,3,0,0,0,0,3,0,3,0,8,3,10KS0349MS120111 ,KY ,581 ,MS ,0350 ,Rehabilitation ,  ,  ,6,2,4,0,4,0,0,0,0,0,2,0,0,2,1,5,1,10KS0350MS120111 ,KY ,581 ,MS ,0351 ,Kinesiology ,  ,  ,16,6,10,0,10,0,0,0,0,0,0,6,0,0,0,8,8,10KS0351MS120111 ,KY ,581 ,MSPH ,0349 ,Community Health ,  ,  ,2,1,1,0,0,0,2,0,0,0,0,0,0,2,0,2,0,10KS0349MSPH120111 ,KY ,581 ,PHD ,0349 ,Community Health ,  ,  ,22,6,16,0,9,1,5,1,0,0,0,5,1,5,0,15,7,10KS0349PHD120111 ,KY ,581 ,PHD ,0351 ,Kinesiology ,  ,  ,54,26,28,0,30,2,4,0,0,0,0,17,1,4,0,21,33,10KS0351PHD120111 ,KY ,679 ,AUD ,1053 ,Audiology ,  ,  ,21,5,16,0,18,0,1,0,0,0,1,0,1,2,0,18,3,10KS1053AUD120111 ,KY ,679 ,BS ,0354 ,Speech & Hearing Science ,  ,  ,63,1,62,0,55,2,0,5,0,0,1,0,0,0,0,60,3,10KY0354BS120111 ,KY ,679 ,BS ,0354 ,Speech & Hearing Science ,4066 ,Human Communication Science ,5,0,5,0,3,0,0,1,0,0,0,1,0,0,0,4,1,10KY4066BS120111 ,KY ,679 ,BS ,0354 ,Speech & Hearing Science ,4067 ,Audiology ,17,4,13,0,14,2,0,1,0,0,0,0,0,0,0,17,0,10KY4067BS120111 ,KY ,679 ,BS ,0354 ,Speech & Hearing Science ,4068 ,Speech-Language Pathology ,201,5,196,0,169,7,3,13,1,0,4,4,0,4,2,196,5,10KY4068BS120111 ,KY ,679 ,MA ,0354 ,Speech & Hearing Science ,  ,  ,53,2,51,0,49,1,0,1,0,0,1,1,0,0,1,43,10,10KS0354MA120111 ,KY ,679 ,PHD ,0354 ,Speech & Hearing Science ,  ,  ,8,1,7,0,4,0,0,0,0,0,0,4,0,0,0,2,6,10KS0354PHD120111 ,KY ,682 ,NDEG ,0067 ,Nondegree ,  ,  ,10,4,6,0,9,0,0,0,0,0,0,1,0,0,0,9,1,10KY0067NDEG120111 ,KY ,714 ,BS ,4043 ,"Recreation, Sport, and Tourism ",  ,  ,40,28,12,0,32,0,0,4,1,0,0,3,0,0,1,37,3,10KY4043BS120111 ,KY ,714 ,BS ,4043 ,"Recreation, Sport, and Tourism ",4044 ,Recreation Management ,43,20,23,0,36,0,4,2,0,0,0,1,0,4,0,38,5,10KY4044BS120111 ,KY ,714 ,BS ,4043 ,"Recreation, Sport, and Tourism ",4045 ,Tourism Management ,52,11,41,0,37,3,4,5,0,0,0,3,0,5,1,43,9,10KY4045BS120111 ,KY ,714 ,BS ,4043 ,"Recreation, Sport, and Tourism ",4046 ,Sports Management ,144,123,20,1,107,5,19,6,1,0,1,5,0,20,1,121,23,10KY4046BS120111 ,KY ,714 ,BS ,4043 ,"Recreation, Sport, and Tourism ",5266 ,Sport Management ,41,32,9,0,29,0,3,6,0,0,1,2,0,3,0,37,4,10KY5266BS120111 ,KY ,714 ,MS ,4043 ,"Recreation, Sport, and Tourism ",  ,  ,23,11,12,0,16,0,1,3,0,0,0,3,0,1,0,16,7,10KS4043MS120111 ,KY ,714 ,PHD ,4043 ,"Recreation, Sport, and Tourism ",  ,  ,31,16,15,0,13,0,2,4,0,0,0,12,0,3,0,12,19,10KS4043PHD120111 ,KY ,754 ,BS ,5204 ,Health ,  ,  ,20,7,13,0,11,3,1,1,0,0,2,0,2,3,0,20,0,10KY5204BS120111 ,KY ,754 ,BS ,5204 ,Health ,5219 ,Health and Aging ,16,2,14,0,10,0,2,2,0,0,2,0,0,3,0,16,0,10KY5204BS120111 ,KY ,754 ,BS ,5204 ,Health ,5220 ,Health Behavior Change ,35,10,25,0,22,7,4,1,0,0,1,0,0,5,1,33,2,10KY5204BS120111 ,KY ,754 ,BS ,5204 ,Health ,5221 ,Health Diversity ,18,3,15,0,9,3,1,3,0,0,2,0,0,2,0,18,0,10KY5204BS120111 ,KY ,  ,  ,  ,Applied Health Sci ,  ,***College total*** ,2166,715,1448,3,1467,161,211,175,7,3,45,80,17,227,22,1958,208,  ,,,,,,,,,,,,,,,,,,,,,,,,, ,,,,,,,,,,,,,,,,,,,,,,,,,120111 ,LC ,  ,  ,  ,Veterinary Medicine ,  ,  ,  ,  ,  ,  ,  ,  ,  ,  ,  ,  ,  ,  ,  ,  ,  ,  ,  , 120111 ,LC ,282 ,MS ,0361 ,VMS - Veterinary Pathobiology ,  ,  ,2,1,1,0,1,0,0,0,0,0,0,1,0,0,0,1,1,10KS0361MS120111 ,LC ,282 ,MS ,5216 ,VMS - Pathobiology ,  ,  ,1,0,1,0,1,0,0,0,0,0,0,0,0,0,0,0,1,10KS5216MS120111 ,LC ,282 ,NDEG ,0361 ,VMS - Veterinary Pathobiology ,  ,  ,1,0,1,0,1,0,0,0,0,0,0,0,0,0,0,0,1,10KS0361NDEG120111 ,LC ,282 ,NDEG ,5216 ,VMS - Pathobiology ,  ,  ,1,0,1,0,1,0,0,0,0,0,0,0,0,0,0,0,1,10KS5216NDEG120111 ,LC ,282 ,PHD ,0361 ,VMS - Veterinary Pathobiology ,  ,  ,9,6,3,0,3,1,1,1,0,0,0,3,0,1,0,3,6,10KS0361PHD120111 ,LC ,282 ,PHD ,5216 ,VMS - Pathobiology ,  ,  ,3,1,2,0,2,0,0,0,0,0,0,1,0,0,0,1,2,10KS5216PHD120111 ,LC ,444 ,DVM ,0480 ,Veterinary Medicine ,  ,  ,475,94,379,2,403,16,3,26,0,0,7,2,18,6,1,388,87,10LC0480DVM120111 ,LC ,444 ,DVM ,0480 ,Veterinary Medicine ,0481 ,Vet Biosciences Res Scholars ,1,0,1,0,0,1,0,0,0,0,0,0,0,0,0,1,0,10LC0481DVM120111 ,LC ,444 ,DVM ,0480 ,Veterinary Medicine ,0483 ,Vet Pathobiology Res Scholars ,1,0,1,0,1,0,0,0,0,0,0,0,0,0,0,1,0,10LC0483DVM120111 ,LC ,598 ,MS ,0359 ,VMS-Veterinary Clinical Medcne ,  ,  ,27,6,21,0,21,1,1,1,0,0,0,3,0,1,0,7,20,10KS0359MS120111 ,LC ,598 ,NDEG ,0359 ,VMS-Veterinary Clinical Medcne ,  ,  ,1,0,1,0,1,0,0,0,0,0,0,0,0,0,0,0,1,10KS0359NDEG120111 ,LC ,598 ,PHD ,0359 ,VMS-Veterinary Clinical Medcne ,  ,  ,2,1,1,0,1,0,0,0,0,0,0,1,0,0,0,0,2,10KS0359PHD120111 ,LC ,598 ,PHD ,0359 ,VMS-Veterinary Clinical Medcne ,0359 ,  ,1,0,1,0,0,0,0,0,0,0,1,0,0,0,0,0,1,10KS0359PHD120111 ,LC ,873 ,MS ,0357 ,VMS - Veterinary Biosciences ,  ,  ,2,0,2,0,1,1,0,0,0,0,0,0,0,0,0,2,0,10KS0357MS120111 ,LC ,873 ,PHD ,0357 ,VMS - Veterinary Biosciences ,  ,  ,11,3,8,0,5,0,0,1,0,0,0,4,1,0,0,5,6,10KS0357PHD120111 ,LC ,873 ,PHD ,0357 ,VMS - Veterinary Biosciences ,0358 ,Vet Biosciences Res Scholars ,3,2,1,0,1,0,0,0,0,0,0,2,0,0,0,1,2,10KS0358PHD120111 ,LC ,  ,  ,  ,Veterinary Medicine ,  ,***College total*** ,541,114,425,2,443,20,5,29,0,0,8,17,19,8,1,410,131,  ,,,,,,,,,,,,,,,,,,,,,,,,, ,,,,,,,,,,,,,,,,,,,,,,,,,120111 ,LE ,  ,  ,  ,Institute of Aviation ,  ,  ,  ,  ,  ,  ,  ,  ,  ,  ,  ,  ,  ,  ,  ,  ,  ,  ,  , 120111 ,LE ,707 ,AVIPC ,0487 ,Professional Pilot ,  ,  ,39,36,3,0,25,4,2,4,0,0,2,2,0,2,1,32,7,10LE0487AVIP120111 ,LE ,707 ,BS ,0489 ,Aviation Human Factors ,  ,  ,91,84,7,0,69,8,5,5,0,0,0,2,2,5,0,81,10,10LE0489BS120111 ,LE ,707 ,MS ,3530 ,Human Factors ,  ,  ,4,1,3,0,2,0,0,0,0,0,0,2,0,0,0,1,3,10KS3530MS120111 ,LE ,  ,  ,  ,Institute of Aviation ,  ,***College total*** ,134,121,13,0,96,12,7,9,0,0,2,6,2,7,1,114,20,  ,,,,,,,,,,,,,,,,,,,,,,,,, ,,,,,,,,,,,,,,,,,,,,,,,,,120111 ,LG ,  ,  ,  ,Labor & Empl. Rel. ,  ,  ,  ,  ,  ,  ,  ,  ,  ,  ,  ,  ,  ,  ,  ,  ,  ,  ,  , 120111 ,LG ,568 ,MHRIR ,0364 ,Human Res & Industrial Rels ,  ,  ,123,37,86,0,53,11,10,3,0,0,2,42,2,10,0,62,61,10KS0364MHRI120111 ,LG ,568 ,PHD ,0364 ,Human Res & Industrial Rels ,  ,  ,12,6,6,0,3,0,1,0,0,0,0,8,0,1,0,3,9,10KS0364PHD120111 ,LG ,  ,  ,  ,Labor & Empl. Rel. ,  ,***College total*** ,135,43,92,0,56,11,11,3,0,0,2,50,2,11,0,65,70,  ,,,,,,,,,,,,,,,,,,,,,,,,, ,,,,,,,,,,,,,,,,,,,,,,,,,120111 ,LL ,  ,  ,  ,School of Social Work ,  ,  ,  ,  ,  ,  ,  ,  ,  ,  ,  ,  ,  ,  ,  ,  ,  ,  ,  , 120111 ,LL ,783 ,BSW ,0365 ,Social Work ,  ,  ,51,7,44,0,33,3,7,4,0,0,3,1,0,8,1,49,2,10LL0365BSW120111 ,LL ,783 ,MSW ,0365 ,Social Work ,  ,  ,28,3,25,0,21,0,6,0,0,0,0,0,1,6,0,27,1,10KS0365MSW120111 ,LL ,783 ,MSW ,0365 ,Social Work ,5077 ,Health Care ,17,0,17,0,13,1,2,0,0,0,1,0,0,2,0,15,2,10KS0365MSW120111 ,LL ,783 ,MSW ,0365 ,Social Work ,5078 ,Mental Health ,62,11,51,0,51,3,2,6,0,0,0,0,0,3,0,59,3,10KS0365MSW120111 ,LL ,783 ,MSW ,0365 ,Social Work ,5079 ,School Social Work ,61,5,56,0,49,0,7,4,0,0,0,0,1,8,0,59,2,10KS0365MSW120111 ,LL ,783 ,MSW ,0365 ,Social Work ,5217 ,"Advocacy, Ldrshp, Socl Change ",14,2,12,0,9,2,3,0,0,0,0,0,0,3,0,13,1,10KS0365MSW120111 ,LL ,783 ,MSW ,0365 ,Social Work ,5218 ,"Children, Youth, Family Svcs ",40,4,36,0,30,3,4,2,0,0,1,0,0,5,0,39,1,10KS0365MSW120111 ,LL ,783 ,NDEG ,0365 ,Social Work ,  ,  ,1,0,1,0,1,0,0,0,0,0,0,0,0,0,0,1,0,10KS0365NDEG120111 ,LL ,783 ,PHD ,0365 ,Social Work ,  ,  ,30,3,27,0,10,1,2,1,0,0,1,15,0,3,2,12,18,10KS0365PHD120111 ,LL ,  ,  ,  ,School of Social Work ,  ,***College total*** ,304,35,269,0,217,13,33,17,0,0,6,16,2,38,3,274,30,  ,,,,,,,,,,,,,,,,,,,,,,,,, ,,,,,,,,,,,,,,,,,,,,,,,,,120111 ,LN ,  ,  ,  ,Online & Continuing Education ,  ,  ,  ,  ,  ,  ,  ,  ,  ,  ,  ,  ,  ,  ,  ,  ,  ,  ,  , 120111 ,LN ,641 ,NDEG ,1249 ,Nondegree-CE ,  ,  ,108,36,72,0,82,8,4,4,1,0,1,0,8,5,1,1,107,10LN1249NDEJ120111 ,LN ,641 ,NDEG ,1249 ,Nondegree-CE ,  ,  ,1,1,0,0,1,0,0,0,0,0,0,0,0,0,0,0,1,10LN1249NDEX120111 ,LN ,  ,  ,  ,Online & Continuing Education ,  ,***College total*** ,109,37,72,0,83,8,4,4,1,0,1,0,8,5,1,1,108,  ,,,,,,,,,,,,,,,,,,,,,,,,, ,,,,,,,,,,,,,,,,,,,,,,,,,120111 ,LP ,  ,  ,  ,Library & Info Sci ,  ,  ,  ,  ,  ,  ,  ,  ,  ,  ,  ,  ,  ,  ,  ,  ,  ,  ,  , 120111 ,LP ,992 ,CAS ,0370 ,Library & Information Science ,  ,  ,22,5,17,0,19,1,0,1,0,0,0,1,0,0,0,19,3,10KS0370CAS120111 ,LP ,992 ,MS ,0370 ,Library & Information Science ,  ,  ,236,64,172,0,179,8,19,13,0,0,7,6,4,21,0,155,81,10KS0370MS120111 ,LP ,992 ,MS ,0370 ,Library & Information Science ,  ,  ,1,0,1,0,1,0,0,0,0,0,0,0,0,0,0,0,1,10KS0370MSU120111 ,LP ,992 ,MS ,4026 ,Bioinformatics ,5098 ,Library & Information Science ,2,1,1,0,1,0,0,0,0,0,0,1,0,0,0,1,1,10KS5098MS120111 ,LP ,992 ,PHD ,0370 ,Library & Information Science ,  ,  ,45,17,28,0,23,6,3,1,0,0,0,12,0,3,1,18,27,10KS0370PHD120111 ,LP ,  ,  ,  ,Library & Info Sci ,  ,***College total*** ,306,87,219,0,223,15,22,15,0,0,7,20,4,24,1,193,113,  ,,,,,,,,,,,,,,,,,,,,,,,,, ,,,,,,,,,,,,,,,,,,,,,,,,,120111 ,NB ,  ,  ,  ,Provost & VC Acad Affairs ,  ,  ,  ,  ,  ,  ,  ,  ,  ,  ,  ,  ,  ,  ,  ,  ,  ,  ,  , 120111 ,NB ,593 ,NDEG ,0067 ,Nondegree ,  ,  ,12,4,7,1,0,0,0,0,0,0,0,0,12,0,0,0,12,10NB0067NDEG120111 ,NB ,  ,  ,  ,Provost & VC Acad Affairs ,  ,***College total*** ,12,4,7,1,0,0,0,0,0,0,0,0,12,0,0,0,12,  ,,,,,,,,,,,,,,,,,,,,,,,,, ,,,,,,,,,,,,,,,,,,,,,,,,,