"UIUC On-Campus Student Enrollment by Curriculum, Sex, Race/Ethnicity, and Residency",,,,,,,,,,,,,,,,,,,,,,,,,SPRING 2012,,,,,,,,"PUBLICATION DATE:  FEBRUARY 6, 2012",,,,,,,,,,* This section uses the new Federal IPEDS guidelines for reporting racial and ethnic data. ,,,,,,,Division of Management Information,,,,,,*** This report is derived from the Registration Census 10-day student statistics.  Any Codebook changes made after ,,,,,,,,,,,,"   For more information on these guidelines, see  ",,,,http://www.vpaa.uillinois.edu/RaceEthnicity/index.cfm,,,,,,,,,the tenth day of class will not be reflected.  Students obtaining a second bachelor's degree are no longer counted separately.,,,,,,,,,,,,,,,All students including multiracial and Hispanic,,,,Term/Year Code,Coll,Dept,Degree,Major code,Major Name,Conc code,Concentration Name (if any),Total,By Gender,,,By Self-reported Race/Ethnicity (NEW*),,,,,,,,,,,By Residency,,Academic Program Code,,,,,,,,,Men,Women,Unknown,Caucasian,Asian American,African American,Hispanic,Native American,Hawaiian/Pacific Isl,Multiracial,International,Unknown,All   African American,All    Native American,Illinois,Non-Illinois,,,,,,,,,,,,,,,,,,,,,,,,,,120121 , , , , ,***Campus total*** , , ,40664,22014,18633,17,22463,4803,2065,2555,54,58,764,7581,321,2329,268,28124,12540,120121 , , , , ,Undergraduate , , ,30447,16577,13857,13,17786,4134,1663,2123,34,53,606,3885,163,1868,185,24523,5924,120121 , , , , ,Graduate , , ,9102,4976,4123,3,3891,595,349,350,17,4,137,3674,85,400,75,2878,6224,120121 , , , , ,Professional , , ,1115,461,653,1,786,74,53,82,3,1,21,22,73,61,8,723,392,,,,,,,,,,,,,,,,,,,,,,,,,,120121 ,KL ,  ,  ,  ,"Agr, Cons, Env Sci ",  ,  ,  ,  ,  ,  ,  ,  ,  ,  ,  ,  ,  ,  ,  ,  ,  ,  ,  , 120121 ,KL ,306 ,MS ,5186 ,Bioenergy ,5166 ,Professional Science Masters ,6,6,0,0,5,1,0,0,0,0,0,0,0,0,0,5,1,1PKS5186MS120121 ,KL ,306 ,MS ,5188 ,Agricultural Production ,5166 ,Professional Science Masters ,4,2,2,0,2,0,0,0,0,0,0,1,1,0,0,2,2,1PKS5188MS120121 ,KL ,342 ,BS ,5318 ,Agric Leadership & Sci Educ ,5319 ,Agricultural Science Education ,15,7,8,0,14,0,1,0,0,0,0,0,0,1,0,14,1,10KL5319BS120121 ,KL ,342 ,BS ,5318 ,Agric Leadership & Sci Educ ,5320 ,Agricultural Leadership Educ ,15,6,9,0,11,0,3,1,0,0,0,0,0,3,0,13,2,10KL5320BS120121 ,KL ,470 ,BS ,0176 ,Agr & Consumer Economics ,5003 ,Agri-Accounting ,87,46,41,0,47,16,5,1,0,0,0,16,2,5,0,70,17,10KL5003BS120121 ,KL ,470 ,BS ,0176 ,Agr & Consumer Economics ,5004 ,Agri-Finance ,21,14,7,0,12,3,0,1,0,0,1,4,0,1,0,16,5,10KL5004BS120121 ,KL ,470 ,BS ,0176 ,Agr & Consumer Economics ,5005 ,Farm Management ,21,20,1,0,21,0,0,0,0,0,0,0,0,0,0,21,0,10KL5005BS120121 ,KL ,470 ,BS ,0176 ,Agr & Consumer Economics ,5006 ,Agribusiness Markets & Mgmt ,118,90,28,0,99,6,4,2,0,0,2,4,1,4,0,110,8,10KL5006BS120121 ,KL ,470 ,BS ,0176 ,Agr & Consumer Economics ,5007 ,Consumer Economics & Finance ,81,61,20,0,58,10,2,2,1,0,0,7,1,2,2,70,11,10KL5007BS120121 ,KL ,470 ,BS ,0176 ,Agr & Consumer Economics ,5008 ,Envirnmntal Economics & Policy ,29,20,9,0,17,3,0,2,0,0,1,6,0,0,1,22,7,10KL5008BS120121 ,KL ,470 ,BS ,0176 ,Agr & Consumer Economics ,5010 ,"Policy, Intl Trade, & Dvlpmt ",35,17,18,0,18,5,2,5,0,0,0,5,0,2,0,28,7,10KL5010BS120121 ,KL ,470 ,BS ,0176 ,Agr & Consumer Economics ,5011 ,Public Policy and Law ,34,17,17,0,23,2,4,4,0,0,0,1,0,5,0,33,1,10KL5011BS120121 ,KL ,470 ,BS ,0176 ,Agr & Consumer Economics ,5136 ,Financial Planning ,67,41,26,0,43,3,3,3,0,0,2,13,0,4,0,54,13,10KL5136BS120121 ,KL ,470 ,BS ,0176 ,Agr & Consumer Economics ,5316 ,Finance in Agri-Business ,62,52,10,0,49,2,0,4,0,0,1,5,1,0,0,56,6,10KL5316BS120121 ,KL ,470 ,MS ,0176 ,Agr & Consumer Economics ,  ,  ,10,5,5,0,2,0,0,0,0,0,0,8,0,0,0,2,8,10KS0176MS120121 ,KL ,470 ,MS ,5273 ,Agricultural & Applied Econ ,  ,  ,14,5,9,0,7,0,0,1,0,0,0,6,0,0,0,4,10,10KS5273MS120121 ,KL ,470 ,PHD ,0176 ,Agr & Consumer Economics ,  ,  ,14,9,5,0,2,0,1,0,0,0,0,11,0,1,0,0,14,10KS0176PHD120121 ,KL ,470 ,PHD ,5273 ,Agricultural & Applied Econ ,  ,  ,25,13,12,0,4,3,1,0,0,0,0,17,0,1,0,1,24,10KS5273PHD120121 ,KL ,483 ,NDEG ,0067 ,Nondegree ,  ,  ,71,40,31,0,55,0,1,2,0,0,1,12,0,1,1,59,12,10KL0067NDEG120121 ,KL ,538 ,BS ,0002 ,Animal Sciences ,  ,  ,1,0,1,0,1,0,0,0,0,0,0,0,0,0,0,1,0,10KL0002BS120121 ,KL ,538 ,BS ,0002 ,Animal Sciences ,0005 ,Animal Business Mgt and Ind ,3,1,2,0,3,0,0,0,0,0,0,0,0,0,0,3,0,10KL0005BS120121 ,KL ,538 ,BS ,0002 ,Animal Sciences ,0006 ,"Companion,Rec,Lab An Sci ",35,5,30,0,29,0,2,4,0,0,0,0,0,2,0,34,1,10KL0006BS120121 ,KL ,538 ,BS ,0002 ,Animal Sciences ,0007 ,Food Animal Science ,9,4,5,0,8,0,0,1,0,0,0,0,0,0,0,9,0,10KL0007BS120121 ,KL ,538 ,BS ,0002 ,Animal Sciences ,0008 ,"Science, Biotech & Pre-VetMed ",86,10,76,0,68,8,1,7,1,0,1,0,0,2,3,84,2,10KL0008BS120121 ,KL ,538 ,BS ,0002 ,Animal Sciences ,5267 ,Technology and Management ,12,3,9,0,11,1,0,0,0,0,0,0,0,0,0,12,0,10KL0002BS120121 ,KL ,538 ,BS ,0002 ,Animal Sciences ,5268 ,Companion Animal & Equine Sci ,67,9,58,0,49,2,5,5,0,1,2,3,0,5,1,65,2,10KL0002BS120121 ,KL ,538 ,BS ,0002 ,Animal Sciences ,5269 ,"Science, Pre-Vet Med and Med ",232,45,186,1,175,14,13,21,0,0,6,2,1,14,3,224,8,10KL0002BS120121 ,KL ,538 ,MS ,0002 ,Animal Sciences ,  ,  ,46,20,26,0,33,1,0,1,0,0,1,10,0,0,0,30,16,10KS0002MS120121 ,KL ,538 ,MS ,4026 ,Bioinformatics ,5099 ,Animal Science ,5,5,0,0,0,1,0,0,0,0,0,4,0,0,0,0,5,10KS5099MS120121 ,KL ,538 ,PHD ,0002 ,Animal Sciences ,  ,  ,46,29,17,0,18,0,1,1,0,0,0,26,0,1,0,11,35,10KS0002PHD120121 ,KL ,698 ,BS ,0037 ,Food Science & Human Nutrition ,0038 ,Food Science ,118,36,82,0,56,22,5,6,0,0,2,27,0,5,2,88,30,10KL0038BS120121 ,KL ,698 ,BS ,0037 ,Food Science & Human Nutrition ,0039 ,Food Industry and Business ,26,10,16,0,18,2,0,3,0,0,0,3,0,0,0,21,5,10KL0039BS120121 ,KL ,698 ,BS ,0037 ,Food Science & Human Nutrition ,0040 ,Human Nutrition ,115,22,93,0,70,19,6,9,0,0,1,10,0,6,0,102,13,10KL0040BS120121 ,KL ,698 ,BS ,0037 ,Food Science & Human Nutrition ,0041 ,Dietetics ,80,1,79,0,59,8,1,4,0,0,1,6,1,1,1,69,11,10KL0041BS120121 ,KL ,698 ,BS ,0037 ,Food Science & Human Nutrition ,0042 ,Hospitality Management ,69,22,47,0,44,6,2,7,0,0,3,7,0,3,1,61,8,10KL0042BS120121 ,KL ,698 ,MS ,0037 ,Food Science & Human Nutrition ,  ,  ,4,1,3,0,0,1,0,0,0,0,0,3,0,0,0,1,3,10KS0037MS120121 ,KL ,698 ,MS ,0037 ,Food Science & Human Nutrition ,  ,  ,1,0,1,0,1,0,0,0,0,0,0,0,0,0,0,1,0,1PKS0037MS120121 ,KL ,698 ,MS ,0037 ,Food Science & Human Nutrition ,0038 ,Food Science ,24,8,16,0,11,2,1,0,0,0,0,10,0,1,0,8,16,10KS0037MS120121 ,KL ,698 ,MS ,0037 ,Food Science & Human Nutrition ,0040 ,Human Nutrition ,6,0,6,0,3,0,1,0,0,0,0,2,0,1,0,3,3,10KS0037MS120121 ,KL ,698 ,MS ,0037 ,Food Science & Human Nutrition ,5166 ,Professional Science Masters ,6,1,5,0,1,0,0,0,0,0,0,5,0,0,0,1,5,1PKS0037MS120121 ,KL ,698 ,PHD ,0037 ,Food Science & Human Nutrition ,  ,  ,20,6,14,0,6,0,0,0,0,0,0,14,0,0,0,3,17,10KS0037PHD120121 ,KL ,698 ,PHD ,0037 ,Food Science & Human Nutrition ,0038 ,Food Science ,11,3,8,0,3,1,0,0,0,0,0,7,0,0,0,3,8,10KS0037PHD120121 ,KL ,698 ,PHD ,0037 ,Food Science & Human Nutrition ,0040 ,Human Nutrition ,5,1,4,0,0,2,0,0,0,0,0,3,0,0,0,1,4,10KS0037PHD120121 ,KL ,741 ,BS ,0025 ,Technical Systems Management ,  ,  ,190,174,16,0,132,14,11,19,0,0,4,9,1,12,1,177,13,10KL0025BS120121 ,KL ,741 ,BSAG ,0029 ,Agr Engineering & Agr Science ,  ,  ,4,3,1,0,3,0,1,0,0,0,0,0,0,1,0,4,0,10KL0029BSAG120121 ,KL ,741 ,BSAG ,5163 ,Agricultural & Biological Engr ,  ,  ,36,25,11,0,19,6,4,2,0,0,1,4,0,4,0,29,7,10KL5163BSAG120121 ,KL ,741 ,MS ,0025 ,Technical Systems Management ,  ,  ,5,5,0,0,3,0,0,0,0,0,0,2,0,0,0,2,3,10KS0025MS120121 ,KL ,741 ,MS ,0025 ,Technical Systems Management ,5166 ,Professional Science Masters ,4,3,1,0,1,0,1,0,0,0,0,2,0,1,0,2,2,1PKS0025MS120121 ,KL ,793 ,BS ,0043 ,Agr & Environmental Cmc & Educ ,0046 ,Agricultural Leadership ,3,1,2,0,3,0,0,0,0,0,0,0,0,0,0,3,0,10KL0046BS120121 ,KL ,793 ,BS ,0043 ,Agr & Environmental Cmc & Educ ,0047 ,Agricultural Education ,4,0,4,0,4,0,0,0,0,0,0,0,0,0,0,4,0,10KL0047BS120121 ,KL ,793 ,BS ,0043 ,Agr & Environmental Cmc & Educ ,5033 ,"Agr, Cons, Env Sci Communictn ",36,6,30,0,31,1,2,0,0,0,1,1,0,3,1,35,1,10KL5033BS120121 ,KL ,793 ,BS ,0048 ,Human Development & Family St ,0049 ,Child and Adolescent Dev ,154,11,143,0,109,11,20,9,1,0,1,2,1,20,1,146,8,10KL0049BS120121 ,KL ,793 ,BS ,0048 ,Human Development & Family St ,0050 ,Family Studies ,70,5,65,0,50,1,9,8,0,0,2,0,0,10,0,64,6,10KL0050BS120121 ,KL ,793 ,MS ,0181 ,Agricultural Education ,  ,  ,9,1,8,0,8,0,0,0,0,0,1,0,0,0,0,7,2,10KS0181MS120121 ,KL ,793 ,MS ,0181 ,Agricultural Education ,  ,  ,1,0,1,0,1,0,0,0,0,0,0,0,0,0,0,1,0,10KS0181MSU120121 ,KL ,793 ,MS ,0183 ,Human & Community Development ,  ,  ,1,0,1,0,1,0,0,0,0,0,0,0,0,0,0,1,0,10KS0183MS120121 ,KL ,793 ,PHD ,0183 ,Human & Community Development ,  ,  ,20,4,16,0,13,1,2,0,0,0,1,3,0,2,0,7,13,10KS0183PHD120121 ,KL ,793 ,PHD ,0183 ,Human & Community Development ,5126 ,Human Development & Family St ,8,3,5,0,4,2,1,1,0,0,0,0,0,1,0,2,6,10KS0183PHD120121 ,KL ,802 ,BS ,0030 ,Crop Sciences ,0031 ,Agroecology ,2,2,0,0,2,0,0,0,0,0,0,0,0,0,0,2,0,10KL0031BS120121 ,KL ,802 ,BS ,0030 ,Crop Sciences ,0033 ,Crops ,25,21,4,0,23,0,1,0,1,0,0,0,0,1,1,25,0,10KL0033BS120121 ,KL ,802 ,BS ,0030 ,Crop Sciences ,0034 ,Crop Agribusiness ,40,31,9,0,40,0,0,0,0,0,0,0,0,0,0,40,0,10KL0034BS120121 ,KL ,802 ,BS ,0030 ,Crop Sciences ,0035 ,Plant Biotech & Molecular Bio ,27,18,9,0,22,0,0,0,0,0,1,4,0,1,0,23,4,10KL0035BS120121 ,KL ,802 ,BS ,0030 ,Crop Sciences ,0036 ,Biological Sciences ,3,3,0,0,2,0,1,0,0,0,0,0,0,1,0,3,0,10KL0036BS120121 ,KL ,802 ,BS ,0030 ,Crop Sciences ,5123 ,Integrated Pest Management ,1,0,1,0,1,0,0,0,0,0,0,0,0,0,0,1,0,10KL5123BS120121 ,KL ,802 ,BS ,0063 ,Horticulture ,  ,  ,1,0,1,0,1,0,0,0,0,0,0,0,0,0,0,1,0,10KL0063BSX120121 ,KL ,802 ,BS ,0063 ,Horticulture ,0064 ,Horticulture Science ,3,2,1,0,2,0,0,1,0,0,0,0,0,0,0,3,0,10KL0063BS120121 ,KL ,802 ,BS ,0063 ,Horticulture ,0064 ,Horticulture Science ,1,1,0,0,1,0,0,0,0,0,0,0,0,0,0,1,0,10KL0064BS120121 ,KL ,802 ,BS ,0063 ,Horticulture ,0065 ,Production and Management ,9,6,3,0,8,0,1,0,0,0,0,0,0,1,0,9,0,10KL0063BS120121 ,KL ,802 ,BS ,0063 ,Horticulture ,0065 ,Production and Management ,6,4,2,0,3,1,0,0,0,0,0,1,1,0,0,5,1,10KL0065BS120121 ,KL ,802 ,BS ,0063 ,Horticulture ,5300 ,Sustainable Landscapes ,4,2,2,0,4,0,0,0,0,0,0,0,0,0,0,4,0,10KL0063BS120121 ,KL ,802 ,BS ,0063 ,Horticulture ,5301 ,Specialty Crops ,10,7,3,0,10,0,0,0,0,0,0,0,0,0,0,9,1,10KL0063BS120121 ,KL ,802 ,MS ,0030 ,Crop Sciences ,  ,  ,45,30,15,0,30,1,1,0,0,0,0,12,1,1,0,26,19,10KS0030MS120121 ,KL ,802 ,MS ,0030 ,Crop Sciences ,  ,  ,1,1,0,0,1,0,0,0,0,0,0,0,0,0,0,1,0,10KS0030MSU120121 ,KL ,802 ,MS ,4026 ,Bioinformatics ,5100 ,Crop Science ,8,6,2,0,2,2,0,0,0,0,0,4,0,0,0,1,7,10KS5100MS120121 ,KL ,802 ,PHD ,0030 ,Crop Sciences ,  ,  ,57,41,16,0,29,3,0,1,0,0,0,24,0,0,0,18,39,10KS0030PHD120121 ,KL ,875 ,BS ,0051 ,Natural Resrcs & Environ Sci ,0057 ,Fish and Wildlife Conservation ,38,20,18,0,34,3,0,0,0,0,1,0,0,0,0,38,0,10KL0051BS120121 ,KL ,875 ,BS ,0051 ,Natural Resrcs & Environ Sci ,0057 ,Fish and Wildlife Conservation ,23,14,9,0,18,1,0,2,0,0,0,2,0,0,0,20,3,10KL0057BS120121 ,KL ,875 ,BS ,0051 ,Natural Resrcs & Environ Sci ,3870 ,Forest Science ,1,1,0,0,1,0,0,0,0,0,0,0,0,0,0,1,0,10KL3870BS120121 ,KL ,875 ,BS ,0051 ,Natural Resrcs & Environ Sci ,3871 ,Human Dimensions ,4,0,4,0,2,0,1,1,0,0,0,0,0,1,0,4,0,10KL3871BS120121 ,KL ,875 ,BS ,0051 ,Natural Resrcs & Environ Sci ,3872 ,Resource Ecology ,4,3,1,0,4,0,0,0,0,0,0,0,0,0,0,4,0,10KL3872BS120121 ,KL ,875 ,BS ,0051 ,Natural Resrcs & Environ Sci ,3873 ,Soil and Water Science ,3,2,1,0,2,1,0,0,0,0,0,0,0,0,0,2,1,10KL3873BS120121 ,KL ,875 ,BS ,0051 ,Natural Resrcs & Environ Sci ,5239 ,Humn Dimnsns of the Environmnt ,58,28,30,0,46,2,1,2,0,0,2,5,0,1,1,51,7,10KL0051BS120121 ,KL ,875 ,BS ,0051 ,Natural Resrcs & Environ Sci ,5240 ,Resrce Cons & Restoration Ecol ,79,43,36,0,58,3,0,3,0,0,4,11,0,1,0,66,13,10KL0051BS120121 ,KL ,875 ,BS ,0051 ,Natural Resrcs & Environ Sci ,5241 ,Globl Chg & Landscape Dynamics ,21,14,7,0,14,2,1,0,0,0,1,3,0,1,0,18,3,10KL0051BS120121 ,KL ,875 ,MS ,0190 ,Natural Res & Env Sciences ,  ,  ,42,27,15,0,36,1,0,0,1,0,0,4,0,0,1,12,30,10KS0190MS120121 ,KL ,875 ,MS ,0190 ,Natural Res & Env Sciences ,  ,  ,2,0,2,0,2,0,0,0,0,0,0,0,0,0,0,2,0,10KS0190MSU120121 ,KL ,875 ,PHD ,0190 ,Natural Res & Env Sciences ,  ,  ,25,18,7,0,14,0,0,1,0,0,0,10,0,0,0,8,17,10KS0190PHD120121 ,KL ,971 ,MS ,0191 ,Nutritional Sciences ,  ,  ,19,6,13,0,11,3,2,0,0,0,0,3,0,2,0,10,9,10KS0191MS120121 ,KL ,971 ,PHD ,0191 ,Nutritional Sciences ,  ,  ,26,6,20,0,15,4,0,1,0,0,0,6,0,0,0,9,17,10KS0191PHD120121 ,KL ,  ,  ,  ,"Agr, Cons, Env Sci ",  ,***College total*** ,2889,1311,1577,1,1976,207,125,148,5,1,45,370,12,136,21,2316,573,  ,,,,,,,,,,,,,,,,,,,,,,,,, ,,,,,,,,,,,,,,,,,,,,,,,,,120121 ,KM ,  ,  ,  ,Business ,  ,  ,  ,  ,  ,  ,  ,  ,  ,  ,  ,  ,  ,  ,  ,  ,  ,  ,  , 120121 ,KM ,230 ,MBA ,9875 ,Business Administration (MBA) ,  ,  ,213,155,58,0,81,20,9,7,0,1,3,88,4,9,2,85,128,10KS9875MBA120121 ,KM ,230 ,MBA ,9875 ,Business Administration (MBA) ,4064 ,MBA ,139,99,40,0,88,14,14,4,0,0,2,8,9,15,1,135,4,10KS4064MBA120121 ,KM ,260 ,BS ,0075 ,Finance ,  ,  ,520,366,154,0,308,85,8,20,0,1,7,91,0,8,1,392,128,10KM0075BS120121 ,KM ,260 ,MS ,0075 ,Finance ,  ,  ,1,1,0,0,0,0,0,1,0,0,0,0,0,1,0,0,1,10KS0075MS120121 ,KM ,260 ,MS ,0075 ,Finance ,  ,  ,137,71,66,0,10,2,0,0,0,0,1,124,0,1,0,7,130,10KS0075MSK120121 ,KM ,260 ,NDEG ,0075 ,Finance ,  ,  ,15,11,4,0,0,0,0,0,0,0,0,15,0,0,0,0,15,10KS0075NDEG120121 ,KM ,260 ,PHD ,0075 ,Finance ,  ,  ,24,14,10,0,0,2,0,0,0,0,0,22,0,0,0,1,23,10KS0075PHD120121 ,KM ,346 ,BS ,0071 ,Accountancy ,  ,  ,958,521,437,0,475,176,37,62,2,2,6,197,1,39,3,705,253,10KM0071BS120121 ,KM ,346 ,MAS ,0071 ,Accountancy ,  ,  ,192,105,87,0,106,35,3,9,0,0,2,37,0,4,1,150,42,10KS0071MAS120121 ,KM ,346 ,MAS ,0071 ,Accountancy ,5101 ,Taxation ,1,0,1,0,0,1,0,0,0,0,0,0,0,0,0,0,1,10KS0071MAS120121 ,KM ,346 ,MS ,0071 ,Accountancy ,  ,  ,146,33,113,0,2,6,0,0,0,0,0,138,0,0,0,4,142,10KS0071MSK120121 ,KM ,346 ,MS ,5187 ,Taxation ,  ,  ,22,6,16,0,12,2,1,2,0,0,0,4,1,1,0,14,8,10KS5187MSK2120121 ,KM ,346 ,PHD ,0071 ,Accountancy ,  ,  ,22,12,10,0,14,0,0,1,0,0,1,6,0,0,1,5,17,10KS0071PHD120121 ,KM ,902 ,BS ,0079 ,Business Administration ,0081 ,Organizational Administration ,1,1,0,0,1,0,0,0,0,0,0,0,0,0,0,1,0,10KM0081BS120121 ,KM ,902 ,BS ,1432 ,Marketing ,  ,  ,105,36,69,0,60,13,9,10,0,0,1,11,1,10,0,83,22,10KM1432BS120121 ,KM ,902 ,BS ,1432 ,Marketing ,  ,  ,118,38,80,0,87,8,7,14,0,0,1,1,0,7,0,107,11,10KM8037BS120121 ,KM ,902 ,BS ,5070 ,Information Sys & Info Tech ,  ,  ,20,15,5,0,13,1,0,3,0,0,1,2,0,0,0,17,3,10KM5070BS120121 ,KM ,902 ,BS ,5070 ,Information Sys & Info Tech ,  ,  ,17,12,5,0,11,5,0,0,0,0,0,1,0,0,0,14,3,10KM8037BS120121 ,KM ,902 ,BS ,5071 ,Supply Chain Management ,  ,  ,24,9,15,0,20,4,0,0,0,0,0,0,0,0,0,22,2,10KM5071BS120121 ,KM ,902 ,BS ,5071 ,Supply Chain Management ,  ,  ,46,30,16,0,32,6,0,2,0,0,1,4,1,1,0,40,6,10KM8037BS120121 ,KM ,902 ,BS ,5072 ,Business Process Management ,  ,  ,24,14,10,0,20,2,0,1,0,0,0,1,0,0,0,18,6,10KM5072BS120121 ,KM ,902 ,BS ,5072 ,Business Process Management ,  ,  ,11,4,7,0,8,1,1,0,0,0,0,1,0,1,0,10,1,10KM8037BS120121 ,KM ,902 ,BS ,5073 ,Management ,0086 ,Entrepreneurship ,20,12,8,0,13,3,0,3,0,0,0,1,0,0,0,17,3,10KM5073BS120121 ,KM ,902 ,BS ,5073 ,Management ,0086 ,Entrepreneurship ,11,4,7,0,6,0,4,0,0,0,0,1,0,4,0,10,1,10KM8037BS120121 ,KM ,902 ,BS ,5073 ,Management ,5074 ,International Business ,32,18,14,0,18,7,1,6,0,0,0,0,0,1,0,31,1,10KM5073BS120121 ,KM ,902 ,BS ,5073 ,Management ,5074 ,International Business ,19,4,15,0,12,1,2,3,0,0,1,0,0,2,0,19,0,10KM8037BS120121 ,KM ,902 ,BS ,5073 ,Management ,5075 ,General Management ,39,22,17,0,27,5,3,4,0,0,0,0,0,3,0,38,1,10KM5073BS120121 ,KM ,902 ,BS ,5073 ,Management ,5075 ,General Management ,16,3,13,0,7,3,3,1,0,0,1,1,0,3,0,11,5,10KM8037BS120121 ,KM ,902 ,MS ,5148 ,Technology Management ,  ,  ,82,58,23,1,9,1,1,0,0,0,1,70,0,1,0,12,70,10KS5148MSK120121 ,KM ,902 ,PHD ,0079 ,Business Administration ,  ,  ,42,24,18,0,9,2,1,0,0,0,0,30,0,1,0,1,41,10KS0079PHD120121 ,KM ,938 ,MBA ,9875 ,Business Administration (MBA) ,3924 ,Executive Program ,43,29,14,0,24,8,6,1,0,0,1,0,3,6,1,42,1,10KS3924MBA2120121 ,KM ,952 ,NDEG ,0067 ,Nondegree ,  ,  ,61,40,21,0,0,1,0,0,0,0,0,60,0,0,0,1,60,10KM0067NDEG120121 ,KM ,952 ,NONE ,0070 ,Curric Unassigned ,  ,  ,787,455,332,0,489,113,27,53,0,0,18,81,6,34,4,638,149,10KM0070NONE120121 ,KM ,  ,  ,  ,Business ,  ,***College total*** ,3908,2222,1685,1,1962,527,137,207,2,4,48,995,26,152,14,2630,1278,  ,,,,,,,,,,,,,,,,,,,,,,,,, ,,,,,,,,,,,,,,,,,,,,,,,,,120121 ,KN ,  ,  ,  ,Education ,  ,  ,  ,  ,  ,  ,  ,  ,  ,  ,  ,  ,  ,  ,  ,  ,  ,  ,  , 120121 ,KN ,335 ,NDEG ,0067 ,Nondegree ,  ,  ,15,9,6,0,4,0,0,0,0,0,0,11,0,0,0,4,11,10KN0067NDEG120121 ,KN ,335 ,NONE ,4089 ,Pre-Early Chld/Elem Ed/Spec Ed ,  ,  ,245,14,231,0,175,25,9,27,0,1,4,3,1,10,3,240,5,10KN4089NONE120121 ,KN ,570 ,BS ,0093 ,Special Education ,  ,  ,73,8,65,0,63,4,0,2,0,0,3,1,0,0,0,72,1,10KN0093BS120121 ,KN ,570 ,CAS ,0093 ,Special Education ,  ,  ,1,1,0,0,1,0,0,0,0,0,0,0,0,0,0,1,0,10KS0093CAS120121 ,KN ,570 ,EDM ,0093 ,Special Education ,  ,  ,33,6,27,0,28,0,2,1,0,0,0,1,1,2,0,27,6,10KS0093EDM120121 ,KN ,570 ,MS ,0093 ,Special Education ,  ,  ,1,0,1,0,1,0,0,0,0,0,0,0,0,0,0,0,1,10KS0093MS120121 ,KN ,570 ,PHD ,0093 ,Special Education ,  ,  ,20,2,18,0,12,0,3,2,0,0,0,3,0,3,0,9,11,10KS0093PHD120121 ,KN ,613 ,BS ,0094 ,Early Childhood Education ,3966 ,ECh: Geography ,1,0,1,0,1,0,0,0,0,0,0,0,0,0,0,1,0,10KN3966BS120121 ,KN ,613 ,BS ,0094 ,Early Childhood Education ,3967 ,ECh: History ,4,0,4,0,2,0,2,0,0,0,0,0,0,2,0,4,0,10KN3967BS120121 ,KN ,613 ,BS ,0094 ,Early Childhood Education ,3968 ,ECh: Language arts ,9,0,9,0,3,3,2,1,0,0,0,0,0,2,0,9,0,10KN3968BS120121 ,KN ,613 ,BS ,0094 ,Early Childhood Education ,3969 ,ECh: Linguistics ,2,0,2,0,2,0,0,0,0,0,0,0,0,0,0,2,0,10KN3969BS120121 ,KN ,613 ,BS ,0094 ,Early Childhood Education ,3970 ,ECh: Mathematics ,6,0,6,0,4,2,0,0,0,0,0,0,0,0,0,5,1,10KN3970BS120121 ,KN ,613 ,BS ,0094 ,Early Childhood Education ,3975 ,ECh: Psychology ,7,0,7,0,4,1,0,1,0,0,0,1,0,0,0,5,2,10KN3975BS120121 ,KN ,613 ,BS ,0094 ,Early Childhood Education ,3976 ,ECh: Sociology ,3,0,3,0,2,0,1,0,0,0,0,0,0,1,0,3,0,10KN3976BS120121 ,KN ,613 ,BS ,0094 ,Early Childhood Education ,4014 ,ECh: Spanish ,6,0,6,0,4,0,1,1,0,0,0,0,0,1,0,6,0,10KN4014BS120121 ,KN ,613 ,BS ,0095 ,Elementary Education ,3936 ,EIEd: Anthropology ,1,0,1,0,0,1,0,0,0,0,0,0,0,0,0,1,0,10KN3936BS120121 ,KN ,613 ,BS ,0095 ,Elementary Education ,3942 ,EIEd: Earth Science ,1,0,1,0,1,0,0,0,0,0,0,0,0,0,0,1,0,10KN3942BS120121 ,KN ,613 ,BS ,0095 ,Elementary Education ,3945 ,EIEd: Geography ,1,0,1,0,1,0,0,0,0,0,0,0,0,0,0,1,0,10KN3945BS120121 ,KN ,613 ,BS ,0095 ,Elementary Education ,3946 ,EIEd: History ,11,2,9,0,10,0,0,0,0,0,1,0,0,0,0,9,2,10KN3946BS120121 ,KN ,613 ,BS ,0095 ,Elementary Education ,3947 ,EIEd: Language Arts ,66,2,64,0,53,4,3,3,1,0,2,0,0,4,2,66,0,10KN3947BS120121 ,KN ,613 ,BS ,0095 ,Elementary Education ,3949 ,EIEd: Mathematics ,101,8,93,0,80,13,1,4,0,0,3,0,0,2,0,97,4,10KN3949BS120121 ,KN ,613 ,BS ,0095 ,Elementary Education ,3950 ,EIEd: Music ,2,0,2,0,2,0,0,0,0,0,0,0,0,0,0,2,0,10KN3950BS120121 ,KN ,613 ,BS ,0095 ,Elementary Education ,3951 ,EIEd: Philosophy ,1,0,0,1,1,0,0,0,0,0,0,0,0,0,0,1,0,10KN3951BS120121 ,KN ,613 ,BS ,0095 ,Elementary Education ,3953 ,EIEd: Political Science ,1,0,1,0,1,0,0,0,0,0,0,0,0,0,0,1,0,10KN3953BS120121 ,KN ,613 ,BS ,0095 ,Elementary Education ,3954 ,ElEd: Psychology ,14,0,14,0,12,0,0,1,0,0,0,1,0,0,0,13,1,10KN3954BS120121 ,KN ,613 ,BS ,0095 ,Elementary Education ,3955 ,ElEd: Sociology ,7,0,7,0,6,0,1,0,0,0,0,0,0,1,0,7,0,10KN3955BS120121 ,KN ,613 ,BS ,0095 ,Elementary Education ,3956 ,EIEd: Theatre ,2,0,2,0,2,0,0,0,0,0,0,0,0,0,0,2,0,10KN3956BS120121 ,KN ,613 ,BS ,0095 ,Elementary Education ,3996 ,EIEd: French ,4,0,4,0,3,0,0,1,0,0,0,0,0,0,0,4,0,10KN3996BS120121 ,KN ,613 ,BS ,0095 ,Elementary Education ,4004 ,EIEd: Spanish ,37,6,31,0,32,1,1,3,0,0,0,0,0,1,0,36,1,10KN4004BS120121 ,KN ,613 ,BS ,0095 ,Elementary Education ,5193 ,General Sciences ,13,0,13,0,13,0,0,0,0,0,0,0,0,0,0,13,0,10KN5193BS120121 ,KN ,613 ,BS ,0095 ,Elementary Education ,5194 ,ESL/Bilingual Education ,9,0,9,0,5,4,0,0,0,0,0,0,0,0,0,8,1,10KN5194BS120121 ,KN ,613 ,CAS ,1144 ,Curriculum and Instruction ,  ,  ,1,0,1,0,0,0,0,0,0,0,1,0,0,1,0,1,0,10KS1144CAS120121 ,KN ,613 ,EDD ,1144 ,Curriculum and Instruction ,  ,  ,10,4,6,0,5,0,3,0,1,0,1,0,0,3,1,8,2,10KS1144EDD120121 ,KN ,613 ,EDM ,0095 ,Elementary Education ,  ,  ,10,1,9,0,6,1,1,2,0,0,0,0,0,2,0,10,0,10KS0095EDM120121 ,KN ,613 ,EDM ,0095 ,Elementary Education ,0211 ,Elementary Ed - Cert ,8,1,7,0,4,1,2,0,0,0,1,0,0,2,0,8,0,10KS0211EDM120121 ,KN ,613 ,EDM ,1144 ,Curriculum and Instruction ,  ,  ,47,5,42,0,33,6,4,0,0,0,0,4,0,4,0,43,4,10KS1144EDM120121 ,KN ,613 ,EDM ,5082 ,Early Childhood Education ,  ,  ,1,0,1,0,0,0,0,1,0,0,0,0,0,1,0,1,0,10KS5082EDM120121 ,KN ,613 ,EDM ,8527 ,Secondary Education ,  ,  ,2,1,1,0,2,0,0,0,0,0,0,0,0,0,0,2,0,10KS8527EDM120121 ,KN ,613 ,EDM ,8527 ,Secondary Education ,5224 ,English ,3,1,2,0,2,1,0,0,0,0,0,0,0,0,0,3,0,10KS8527EDM120121 ,KN ,613 ,EDM ,8527 ,Secondary Education ,5225 ,Social Studies ,2,0,2,0,2,0,0,0,0,0,0,0,0,0,0,2,0,10KS8527EDM120121 ,KN ,613 ,EDM ,8527 ,Secondary Education ,5226 ,Sciences ,1,0,1,0,1,0,0,0,0,0,0,0,0,0,0,1,0,10KS8527EDM120121 ,KN ,613 ,MA ,1144 ,Curriculum and Instruction ,  ,  ,6,0,6,0,1,0,1,1,0,0,1,2,0,2,0,3,3,10KS1144MA120121 ,KN ,613 ,MS ,1144 ,Curriculum and Instruction ,  ,  ,2,0,2,0,1,0,0,0,0,0,0,1,0,0,0,1,1,10KS1144MS120121 ,KN ,613 ,PHD ,0095 ,Elementary Education ,  ,  ,13,1,12,0,3,0,1,1,0,0,0,8,0,1,0,4,9,10KS0095PHD120121 ,KN ,613 ,PHD ,0215 ,Secondary & Continuing Educ ,  ,  ,26,7,19,0,5,1,2,1,0,0,0,17,0,2,0,5,21,10KS0215PHD120121 ,KN ,613 ,PHD ,1144 ,Curriculum and Instruction ,  ,  ,50,13,37,0,24,4,1,4,0,0,1,16,0,2,0,21,29,10KS1144PHD120121 ,KN ,616 ,EDM ,0210 ,Educational Psychology ,  ,  ,1,0,1,0,0,0,0,0,0,0,1,0,0,0,1,1,0,10KS0210EDM120121 ,KN ,616 ,MS ,0210 ,Educational Psychology ,  ,  ,1,0,1,0,0,0,0,0,0,0,0,1,0,0,0,0,1,10KS0210MS120121 ,KN ,616 ,PHD ,0210 ,Educational Psychology ,  ,  ,78,19,59,0,25,2,9,9,0,0,2,31,0,12,2,19,59,10KS0210PHD120121 ,KN ,760 ,CAS ,0209 ,Ed Organization and Leadership ,  ,  ,1,0,1,0,1,0,0,0,0,0,0,0,0,0,0,1,0,10KS0209CAS120121 ,KN ,760 ,CAS ,0209 ,Ed Organization and Leadership ,5097 ,Educational Admin & Leadership ,1,0,1,0,0,0,1,0,0,0,0,0,0,1,0,1,0,10KS0209CAS120121 ,KN ,760 ,EDD ,0209 ,Ed Organization and Leadership ,  ,  ,22,12,10,0,21,0,1,0,0,0,0,0,0,1,0,22,0,10KS0209EDD120121 ,KN ,760 ,EDD ,0209 ,Ed Organization and Leadership ,5096 ,Higher Education ,4,2,2,0,3,1,0,0,0,0,0,0,0,0,0,4,0,10KS0209EDD120121 ,KN ,760 ,EDD ,0209 ,Ed Organization and Leadership ,5097 ,Educational Admin & Leadership ,7,6,1,0,5,1,1,0,0,0,0,0,0,1,0,7,0,10KS0209EDD120121 ,KN ,760 ,EDD ,0220 ,Educational Policy Studies ,  ,  ,1,0,1,0,0,0,0,1,0,0,0,0,0,0,0,0,1,10KS0220EDD120121 ,KN ,760 ,EDD ,4096 ,Human Resource Education ,  ,  ,1,1,0,0,0,0,0,0,0,0,0,1,0,0,0,0,1,10KS4096EDD120121 ,KN ,760 ,EDD ,4096 ,Human Resource Education ,5137 ,Human Resource Development ,4,2,2,0,2,0,1,0,0,0,0,1,0,1,0,3,1,10KS4096EDD120121 ,KN ,760 ,EDM ,0209 ,Ed Organization and Leadership ,  ,  ,14,6,8,0,9,1,4,0,0,0,0,0,0,4,0,12,2,10KS0209EDM120121 ,KN ,760 ,EDM ,0209 ,Ed Organization and Leadership ,5096 ,Higher Education ,22,6,16,0,16,1,2,2,0,0,1,0,0,2,0,22,0,10KS0209EDM120121 ,KN ,760 ,EDM ,0209 ,Ed Organization and Leadership ,5097 ,Educational Admin & Leadership ,24,5,19,0,17,0,6,1,0,0,0,0,0,6,0,24,0,10KS0209EDM120121 ,KN ,760 ,EDM ,0220 ,Educational Policy Studies ,  ,  ,4,0,4,0,1,0,1,0,0,0,1,1,0,2,0,2,2,10KS0220EDM120121 ,KN ,760 ,EDM ,4096 ,Human Resource Education ,  ,  ,3,2,1,0,2,1,0,0,0,0,0,0,0,0,0,2,1,10KS4096EDM120121 ,KN ,760 ,EDM ,4096 ,Human Resource Education ,5137 ,Human Resource Development ,17,3,14,0,10,1,3,0,0,0,0,3,0,3,0,14,3,10KS4096EDM120121 ,KN ,760 ,MA ,0220 ,Educational Policy Studies ,  ,  ,9,2,7,0,3,0,6,0,0,0,0,0,0,6,0,6,3,10KS0220MA120121 ,KN ,760 ,MS ,0209 ,Ed Organization and Leadership ,  ,  ,2,1,1,0,2,0,0,0,0,0,0,0,0,0,0,1,1,10KS0209MS120121 ,KN ,760 ,MS ,0209 ,Ed Organization and Leadership ,5096 ,Higher Education ,2,2,0,0,1,0,1,0,0,0,0,0,0,1,0,1,1,10KS0209MS120121 ,KN ,760 ,MS ,4096 ,Human Resource Education ,  ,  ,1,0,1,0,0,0,0,0,0,0,0,1,0,0,0,0,1,10KS4096MS120121 ,KN ,760 ,MS ,4096 ,Human Resource Education ,5137 ,Human Resource Development ,3,1,2,0,1,1,0,0,0,0,0,1,0,0,0,2,1,10KS4096MS120121 ,KN ,760 ,PHD ,0209 ,Ed Organization and Leadership ,  ,  ,16,9,7,0,9,2,2,1,0,0,0,2,0,3,0,11,5,10KS0209PHD120121 ,KN ,760 ,PHD ,0209 ,Ed Organization and Leadership ,5096 ,Higher Education ,4,1,3,0,3,0,0,1,0,0,0,0,0,0,0,4,0,10KS0209PHD120121 ,KN ,760 ,PHD ,0220 ,Educational Policy Studies ,  ,  ,123,45,78,0,22,7,53,29,2,0,3,6,1,60,6,68,55,10KS0220PHD120121 ,KN ,760 ,PHD ,4096 ,Human Resource Education ,  ,  ,7,2,5,0,3,1,0,0,0,0,0,3,0,0,0,4,3,10KS4096PHD120121 ,KN ,760 ,PHD ,4096 ,Human Resource Education ,5137 ,Human Resource Development ,24,14,10,0,4,3,2,1,0,0,0,14,0,2,0,6,18,10KS4096PHD120121 ,KN ,  ,  ,  ,Education ,  ,***College total*** ,1275,233,1041,1,777,94,134,102,4,1,26,134,3,154,15,1000,275,  ,,,,,,,,,,,,,,,,,,,,,,,,, ,,,,,,,,,,,,,,,,,,,,,,,,,120121 ,KP ,  ,  ,  ,Engineering ,  ,  ,  ,  ,  ,  ,  ,  ,  ,  ,  ,  ,  ,  ,  ,  ,  ,  ,  , 120121 ,KP ,227 ,BS ,0102 ,Agricultural Engineering ,  ,  ,3,2,1,0,3,0,0,0,0,0,0,0,0,0,0,3,0,10KP0102BS120121 ,KP ,227 ,BS ,0102 ,Agricultural Engineering ,3907 ,Food & Bioprocess Engineering ,1,1,0,0,1,0,0,0,0,0,0,0,0,0,0,1,0,10KP3907BS120121 ,KP ,227 ,BS ,5163 ,Agricultural & Biological Engr ,  ,  ,84,62,22,0,63,9,1,3,0,0,0,7,1,1,0,69,15,10KP5163BS120121 ,KP ,227 ,BS ,5163 ,Agricultural & Biological Engr ,3907 ,Food & Bioprocess Engineering ,7,3,4,0,4,1,2,0,0,0,0,0,0,2,0,7,0,10KP5163BS120121 ,KP ,227 ,BS ,5163 ,Agricultural & Biological Engr ,5270 ,Agricultural Engineering ,10,9,1,0,7,2,0,1,0,0,0,0,0,0,0,8,2,10KP5163BS120121 ,KP ,227 ,BS ,5163 ,Agricultural & Biological Engr ,5271 ,Biological Engineering ,14,8,6,0,8,3,0,0,0,0,0,3,0,0,0,9,5,10KP5163BS120121 ,KP ,227 ,MS ,5163 ,Agricultural & Biological Engr ,  ,  ,37,25,12,0,9,0,0,1,0,0,3,23,1,0,0,10,27,10KS5163MS120121 ,KP ,227 ,NDEG ,0067 ,Nondegree ,  ,  ,145,118,27,0,22,4,1,5,0,0,1,107,5,1,1,34,111,10KP0067NDEG120121 ,KP ,227 ,PHD ,0102 ,Agricultural Engineering ,  ,  ,3,3,0,0,0,0,0,0,0,0,0,3,0,0,0,0,3,10KS0102PHD120121 ,KP ,227 ,PHD ,5163 ,Agricultural & Biological Engr ,  ,  ,24,18,6,0,4,0,0,1,0,0,0,19,0,0,0,2,22,10KS5163PHD120121 ,KP ,244 ,BS ,0121 ,Engineering Physics ,  ,  ,138,123,15,0,95,15,1,6,0,0,4,16,1,1,1,109,29,10KP0121BS120121 ,KP ,244 ,MS ,0240 ,Physics ,  ,  ,1,1,0,0,1,0,0,0,0,0,0,0,0,0,0,1,0,10KS0240MS120121 ,KP ,244 ,MS ,0241 ,Teaching of Physics ,  ,  ,2,1,1,0,1,0,1,0,0,0,0,0,0,1,0,2,0,10KS0241MS120121 ,KP ,244 ,PHD ,0240 ,Physics ,  ,  ,243,208,35,0,91,17,0,3,0,0,2,126,4,0,1,14,229,10KS0240PHD120121 ,KP ,251 ,BS ,0106 ,Civil Engineering ,  ,  ,744,555,189,0,470,81,20,34,0,0,16,121,2,23,2,547,197,10KP0106BS120121 ,KP ,251 ,MS ,0106 ,Civil Engineering ,  ,  ,235,177,57,1,100,16,1,8,1,0,4,104,1,1,3,81,154,10KS0106MS120121 ,KP ,251 ,MS ,0231 ,Environ Engr in Civil Engr ,  ,  ,39,11,28,0,13,6,0,1,0,0,2,16,1,1,0,12,27,10KS0231MS120121 ,KP ,251 ,MS ,0232 ,Environ Science in Civil Engr ,  ,  ,4,3,1,0,0,1,0,1,0,0,0,2,0,0,0,1,3,10KS0232MS120121 ,KP ,251 ,PHD ,0106 ,Civil Engineering ,  ,  ,138,111,27,0,35,2,0,3,0,0,1,97,0,1,0,15,123,10KS0106PHD120121 ,KP ,251 ,PHD ,0231 ,Environ Engr in Civil Engr ,  ,  ,43,22,21,0,11,2,0,2,0,0,0,28,0,0,0,3,40,10KS0231PHD120121 ,KP ,251 ,PHD ,0232 ,Environ Science in Civil Engr ,  ,  ,2,0,2,0,0,0,0,0,0,0,0,1,1,0,0,0,2,10KS0232PHD120121 ,KP ,343 ,BS ,0408 ,Bioengineering ,  ,  ,174,99,75,0,107,45,0,8,1,0,7,6,0,0,1,151,23,10KP0408BS120121 ,KP ,343 ,MS ,0408 ,Bioengineering ,  ,  ,5,2,3,0,2,0,0,0,0,0,0,3,0,0,0,2,3,10KS0408MS120121 ,KP ,343 ,PHD ,0408 ,Bioengineering ,  ,  ,48,29,19,0,17,9,0,4,0,0,1,17,0,0,1,13,35,10KS0408PHD120121 ,KP ,422 ,BS ,0124 ,General Engineering ,  ,  ,345,275,70,0,229,46,3,15,0,1,8,43,0,5,2,264,81,10KP0124BS120121 ,KP ,422 ,BS ,0127 ,Industrial Engineering ,  ,  ,177,136,41,0,64,29,6,5,0,0,2,71,0,6,0,94,83,10KP0127BS120121 ,KP ,422 ,MS ,0124 ,General Engineering ,  ,  ,1,1,0,0,1,0,0,0,0,0,0,0,0,0,0,1,0,10KS0124MS120121 ,KP ,422 ,MS ,0127 ,Industrial Engineering ,  ,  ,8,6,2,0,2,0,0,1,0,0,0,5,0,0,0,3,5,10KS0127MS120121 ,KP ,422 ,MS ,3846 ,Systems & Entrepreneurial Engr ,  ,  ,6,4,2,0,3,1,0,0,0,0,0,2,0,0,0,4,2,10KS3846MS120121 ,KP ,422 ,PHD ,0127 ,Industrial Engineering ,  ,  ,37,24,13,0,2,0,1,0,0,0,0,34,0,1,0,1,36,10KS0127PHD120121 ,KP ,422 ,PHD ,3846 ,Systems & Entrepreneurial Engr ,  ,  ,15,11,4,0,4,0,0,0,0,0,0,11,0,0,0,4,11,10KS3846PHD120121 ,KP ,434 ,BS ,0112 ,Computer Science ,  ,  ,828,751,77,0,361,192,9,19,0,2,17,226,2,13,3,424,404,10KP0112BS120121 ,KP ,434 ,BS ,0112 ,Computer Science ,1854 ,CS:BS/MS Program ,13,12,1,0,5,1,0,0,0,0,0,7,0,0,0,4,9,10KP1854BS120121 ,KP ,434 ,MCS ,0112 ,Computer Science ,  ,  ,27,22,5,0,4,0,0,0,0,0,1,22,0,0,1,4,23,10KS0112MCS120121 ,KP ,434 ,MS ,0112 ,Computer Science ,  ,  ,38,33,5,0,15,3,0,1,0,0,0,19,0,0,0,8,30,10KS0112MS120121 ,KP ,434 ,MS ,0112 ,Computer Science ,1854 ,CS:BS/MS Program ,5,3,2,0,3,0,0,0,0,0,0,2,0,0,0,2,3,10KS1854MS120121 ,KP ,434 ,MS ,4026 ,Bioinformatics ,4028 ,Computer Science ,2,2,0,0,1,0,0,0,0,0,0,1,0,0,0,1,1,10KS4028MS120121 ,KP ,434 ,PHD ,0112 ,Computer Science ,  ,  ,278,236,42,0,53,20,3,0,0,0,1,198,3,3,1,33,245,10KS0112PHD120121 ,KP ,545 ,MS ,5244 ,Financial Engineering ,  ,  ,44,32,12,0,7,4,0,0,0,0,0,33,0,0,0,4,40,10KS5244MS120121 ,KP ,615 ,BS ,4048 ,Aerospace Engineering ,  ,  ,338,294,44,0,215,51,7,21,2,1,8,30,3,7,5,259,79,10KP4048BS120121 ,KP ,615 ,MS ,4048 ,Aerospace Engineering ,  ,  ,72,57,15,0,30,4,0,0,0,0,1,36,1,0,0,17,55,10KS4048MS120121 ,KP ,615 ,PHD ,4048 ,Aerospace Engineering ,  ,  ,61,58,3,0,22,3,0,3,0,0,1,32,0,1,1,16,45,10KS4048PHD120121 ,KP ,917 ,BS ,0118 ,Engineering Mechanics ,  ,  ,132,118,14,0,83,16,2,7,0,1,2,21,0,2,0,98,34,10KP0118BS120121 ,KP ,917 ,BS ,0133 ,Mechanical Engineering ,  ,  ,737,643,92,2,474,91,10,33,1,4,18,101,5,11,4,541,196,10KP0133BS120121 ,KP ,917 ,BS ,0133 ,Mechanical Engineering ,4018 ,BS/MS Mechanical Engineering ,1,1,0,0,1,0,0,0,0,0,0,0,0,0,0,1,0,10KP4018BS120121 ,KP ,917 ,MS ,0133 ,Mechanical Engineering ,  ,  ,126,108,18,0,40,8,0,5,0,0,2,71,0,0,0,28,98,10KS0133MS120121 ,KP ,917 ,MS ,0133 ,Mechanical Engineering ,4018 ,BS/MS Mechanical Engineering ,3,3,0,0,1,1,0,0,0,0,0,1,0,0,0,2,1,10KS4018MS120121 ,KP ,917 ,MS ,0242 ,Theoretical & Applied Mechans ,  ,  ,14,12,2,0,6,1,0,1,0,0,0,6,0,0,0,2,12,10KS0242MS120121 ,KP ,917 ,PHD ,0133 ,Mechanical Engineering ,  ,  ,143,127,16,0,27,3,1,0,0,0,0,111,1,1,0,9,134,10KS0133PHD120121 ,KP ,917 ,PHD ,0242 ,Theoretical & Applied Mechans ,  ,  ,29,22,7,0,12,0,0,1,0,0,0,15,1,0,0,8,21,10KS0242PHD120121 ,KP ,919 ,BS ,0130 ,Materials Science & Engr ,  ,  ,277,221,56,0,133,57,2,8,0,0,14,63,0,2,0,170,107,10KP0130BS120121 ,KP ,919 ,BS ,0130 ,Materials Science & Engr ,3908 ,Ceramics ,9,8,1,0,5,0,0,0,0,0,0,3,1,0,0,5,4,10KP3908BS120121 ,KP ,919 ,BS ,0130 ,Materials Science & Engr ,3909 ,Electronic Materials ,22,17,5,0,7,8,0,0,0,0,2,5,0,0,0,11,11,10KP3909BS120121 ,KP ,919 ,BS ,0130 ,Materials Science & Engr ,3910 ,Metals ,20,14,6,0,10,5,0,1,0,0,1,3,0,0,0,15,5,10KP3910BS120121 ,KP ,919 ,BS ,0130 ,Materials Science & Engr ,3911 ,Biomaterials ,11,7,4,0,7,1,1,0,0,0,1,1,0,1,0,9,2,10KP3911BS120121 ,KP ,919 ,BS ,0130 ,Materials Science & Engr ,3912 ,Polymer ,26,15,11,0,14,3,1,1,0,0,0,7,0,1,0,16,10,10KP3912BS120121 ,KP ,919 ,MS ,0130 ,Materials Science & Engr ,  ,  ,14,12,2,0,5,3,0,1,0,0,1,4,0,0,1,5,9,10KS0130MS120121 ,KP ,919 ,MS ,0130 ,Materials Science & Engr ,5012 ,BS/MS Materials Science & Eng ,4,3,1,0,1,0,0,0,0,0,0,3,0,0,0,1,3,10KS5012MS120121 ,KP ,919 ,PHD ,0130 ,Materials Science & Engr ,  ,  ,147,113,34,0,50,9,0,2,1,0,3,81,1,0,1,13,134,10KS0130PHD120121 ,KP ,933 ,BS ,0109 ,Computer Engineering ,  ,  ,568,528,40,0,239,126,10,35,0,0,10,142,6,11,2,325,243,10KP0109BS120121 ,KP ,933 ,BS ,0115 ,Electrical Engineering ,  ,  ,1062,938,124,0,327,251,19,45,0,0,15,402,3,22,4,482,580,10KP0115BS120121 ,KP ,933 ,MS ,1200 ,Electrical & Computer Engr ,  ,  ,192,171,21,0,72,22,1,10,0,0,4,82,1,2,2,48,144,10KS1200MS120121 ,KP ,933 ,NDEG ,1200 ,Electrical & Computer Engr ,  ,  ,1,1,0,0,1,0,0,0,0,0,0,0,0,0,0,1,0,10KS1200NDEG120121 ,KP ,933 ,PHD ,1200 ,Electrical & Computer Engr ,  ,  ,267,228,39,0,55,19,6,5,0,0,5,177,0,7,1,37,230,10KS1200PHD120121 ,KP ,973 ,BS ,0139 ,Nuclear Engineering ,  ,  ,1,1,0,0,1,0,0,0,0,0,0,0,0,0,0,1,0,10KP0139BS120121 ,KP ,973 ,BS ,0139 ,Nuclear Engineering ,3913 ,"Power, Safety, and the Environ ",33,27,6,0,20,3,3,3,0,0,0,3,1,3,0,26,7,10KP3913BS120121 ,KP ,973 ,BS ,0139 ,Nuclear Engineering ,3914 ,Plasma and Fusion Sci and Engr ,9,8,1,0,9,0,0,0,0,0,0,0,0,0,0,8,1,10KP3914BS120121 ,KP ,973 ,BS ,5183 ,"Nuclear, Plasma, Radiolgc Engr ",  ,  ,64,58,6,0,39,9,1,5,0,0,2,7,1,2,1,48,16,10KP5183BS120121 ,KP ,973 ,BS ,5183 ,"Nuclear, Plasma, Radiolgc Engr ",3913 ,"Power, Safety, and the Environ ",59,53,6,0,45,5,0,4,0,0,0,5,0,0,0,46,13,10KP5183BS120121 ,KP ,973 ,BS ,5183 ,"Nuclear, Plasma, Radiolgc Engr ",3914 ,Plasma and Fusion Sci and Engr ,18,15,3,0,11,4,1,1,0,0,0,1,0,1,0,12,6,10KP5183BS120121 ,KP ,973 ,BS ,5183 ,"Nuclear, Plasma, Radiolgc Engr ",3915 ,"Radiol, Medical, & Instr Apps ",7,5,2,0,6,1,0,0,0,0,0,0,0,0,0,7,0,10KP5183BS120121 ,KP ,973 ,MS ,5183 ,"Nuclear, Plasma, Radiolgc Engr ",  ,  ,20,20,0,0,13,2,0,0,0,0,0,5,0,0,0,14,6,10KS5183MS120121 ,KP ,973 ,PHD ,0139 ,Nuclear Engineering ,  ,  ,14,12,2,0,6,0,0,0,0,0,0,8,0,0,0,2,12,10KS0139PHD120121 ,KP ,973 ,PHD ,5183 ,"Nuclear, Plasma, Radiolgc Engr ",  ,  ,28,21,7,0,1,3,0,1,0,0,0,23,0,0,0,2,26,10KS5183PHD120121 ,KP ,  ,  ,  ,Engineering ,  ,***College total*** ,8497,7078,1416,3,3806,1218,114,315,6,9,160,2822,47,134,39,4230,4267,  ,,,,,,,,,,,,,,,,,,,,,,,,, ,,,,,,,,,,,,,,,,,,,,,,,,,120121 ,KR ,  ,  ,  ,Fine & Applied Arts ,  ,  ,  ,  ,  ,  ,  ,  ,  ,  ,  ,  ,  ,  ,  ,  ,  ,  ,  , 120121 ,KR ,447 ,NDEG ,0067 ,Nondegree ,  ,  ,31,14,17,0,3,2,0,0,0,0,0,23,3,0,0,4,27,10KR0067NDEG120121 ,KR ,495 ,AD ,0265 ,Music ,  ,  ,3,1,2,0,1,0,0,1,0,0,0,1,0,0,0,0,3,10KS0265AD120121 ,KR ,495 ,AMUSD ,0265 ,Music ,  ,  ,24,11,13,0,10,0,0,0,0,0,0,14,0,0,0,5,19,10KS0265AMUS120121 ,KR ,495 ,AMUSD ,0265 ,Music ,3930 ,Choral Music ,8,3,5,0,3,1,0,0,0,0,0,4,0,0,0,3,5,10KS0265AMUS120121 ,KR ,495 ,AMUSD ,0265 ,Music ,5110 ,Performance and Literature ,122,42,79,1,41,5,1,4,0,0,1,69,1,2,1,20,102,10KS0265AMUS120121 ,KR ,495 ,AMUSD ,0265 ,Music ,5111 ,Music Composition ,19,14,5,0,7,1,0,0,0,0,2,9,0,0,1,3,16,10KS0265AMUS120121 ,KR ,495 ,AMUSD ,0265 ,Music ,5117 ,Vocal Coaching & Accompanying ,7,2,5,0,2,2,0,0,0,0,0,3,0,0,0,2,5,10KS0265AMUS120121 ,KR ,495 ,AMUSD ,0265 ,Music ,5118 ,Jazz Performance ,22,21,1,0,14,2,1,2,0,0,0,3,0,1,0,10,12,10KS0265AMUS120121 ,KR ,495 ,BA ,0265 ,Music ,  ,  ,25,13,11,1,15,2,0,3,0,0,1,4,0,0,0,19,6,10KR0265BA120121 ,KR ,495 ,BME ,0168 ,Music Education ,3930 ,Choral Music ,37,9,28,0,32,3,0,2,0,0,0,0,0,0,1,35,2,10KR3930BME120121 ,KR ,495 ,BME ,0168 ,Music Education ,3931 ,Instrumental Music ,111,57,54,0,99,6,2,2,0,0,2,0,0,2,0,102,9,10KR3931BME120121 ,KR ,495 ,BME ,0168 ,Music Education ,3932 ,Elementary General Music ,4,1,3,0,1,2,0,1,0,0,0,0,0,0,0,4,0,10KR3932BME120121 ,KR ,495 ,BMUS ,0157 ,Voice ,  ,  ,27,6,21,0,22,1,2,0,0,0,1,1,0,2,0,23,4,10KR0157BMUS120121 ,KR ,495 ,BMUS ,0158 ,Instrumental Music ,  ,  ,80,37,43,0,53,15,2,4,0,0,1,5,0,2,0,56,24,10KR0158BMUS120121 ,KR ,495 ,BMUS ,0159 ,Music Composition ,  ,  ,8,6,2,0,6,2,0,0,0,0,0,0,0,0,0,6,2,10KR0159BMUS120121 ,KR ,495 ,BMUS ,0160 ,Music History ,  ,  ,5,2,3,0,3,1,0,0,0,0,1,0,0,0,0,3,2,10KR0160BMUS120121 ,KR ,495 ,BMUS ,0161 ,Open Studies ,  ,  ,6,3,3,0,3,1,0,2,0,0,0,0,0,1,0,6,0,10KR0161BMUS120121 ,KR ,495 ,BMUS ,5045 ,Jazz Performance ,  ,  ,26,22,4,0,22,1,2,1,0,0,0,0,0,2,0,22,4,10KR5045BMUS120121 ,KR ,495 ,EDD ,0168 ,Music Education ,  ,  ,6,5,1,0,4,0,2,0,0,0,0,0,0,2,0,1,5,10KS0168EDD120121 ,KR ,495 ,MME ,0168 ,Music Education ,  ,  ,7,5,2,0,5,1,0,0,0,0,1,0,0,1,0,5,2,10KS0168MME120121 ,KR ,495 ,MMUS ,0265 ,Music ,  ,  ,4,2,2,0,4,0,0,0,0,0,0,0,0,0,0,1,3,10KS0265MMUS120121 ,KR ,495 ,MMUS ,0265 ,Music ,5110 ,Performance and Literature ,53,21,32,0,33,2,2,4,1,0,2,9,0,2,1,14,39,10KS0265MMUS120121 ,KR ,495 ,MMUS ,0265 ,Music ,5111 ,Music Composition ,4,1,3,0,1,0,0,0,0,0,0,3,0,0,0,0,4,10KS0265MMUS120121 ,KR ,495 ,MMUS ,0265 ,Music ,5113 ,Musicology ,5,4,1,0,5,0,0,0,0,0,0,0,0,0,0,1,4,10KS0265MMUS120121 ,KR ,495 ,MMUS ,0265 ,Music ,5114 ,Piano Pedagogy ,9,2,7,0,3,2,0,0,0,0,1,3,0,0,0,4,5,10KS0265MMUS120121 ,KR ,495 ,MMUS ,0265 ,Music ,5115 ,Instrumental Conducting (Band) ,2,2,0,0,1,0,0,0,0,0,0,1,0,0,0,0,2,10KS0265MMUS120121 ,KR ,495 ,MMUS ,0265 ,Music ,5116 ,Instrumental Conducting (Orch) ,5,4,1,0,3,1,0,0,0,0,1,0,0,0,0,3,2,10KS0265MMUS120121 ,KR ,495 ,MMUS ,0265 ,Music ,5117 ,Vocal Coaching & Accompanying ,2,0,2,0,1,0,0,0,0,0,0,1,0,0,0,0,2,10KS0265MMUS120121 ,KR ,495 ,MMUS ,0265 ,Music ,5118 ,Jazz Performance ,16,14,2,0,13,0,2,0,0,0,1,0,0,2,0,8,8,10KS0265MMUS120121 ,KR ,495 ,PHD ,0168 ,Music Education ,  ,  ,2,2,0,0,2,0,0,0,0,0,0,0,0,0,0,2,0,10KS0168PHD120121 ,KR ,495 ,PHD ,1481 ,Musicology ,  ,  ,18,8,10,0,11,0,0,1,0,0,0,6,0,1,1,4,14,10KS1481PHD120121 ,KR ,526 ,BFA ,0148 ,Graphic Design ,  ,  ,71,28,43,0,49,13,2,5,0,0,0,1,1,2,1,66,5,10KR0148BFA120121 ,KR ,526 ,BFA ,0149 ,Crafts ,3933 ,Ceramics ,3,1,2,0,2,0,0,0,0,0,0,1,0,0,0,2,1,10KR3933BFA120121 ,KR ,526 ,BFA ,0149 ,Crafts ,3935 ,Metals ,8,0,8,0,6,2,0,0,0,0,0,0,0,0,0,8,0,10KR3935BFA120121 ,KR ,526 ,BFA ,0150 ,History of Art ,  ,  ,11,2,9,0,10,0,1,0,0,0,0,0,0,1,0,11,0,10KR0150BFA120121 ,KR ,526 ,BFA ,0151 ,Photography ,  ,  ,38,11,27,0,28,2,3,4,0,0,1,0,0,3,1,35,3,10KR0151BFA120121 ,KR ,526 ,BFA ,0152 ,Industrial Design ,  ,  ,113,51,62,0,45,23,5,8,0,0,4,25,3,7,0,83,30,10KR0152BFA120121 ,KR ,526 ,BFA ,0153 ,Painting ,  ,  ,43,10,33,0,23,7,4,5,0,0,1,3,0,4,0,40,3,10KR0153BFA120121 ,KR ,526 ,BFA ,0154 ,Sculpture ,  ,  ,5,2,3,0,4,0,0,0,0,0,0,1,0,0,0,4,1,10KR0154BFA120121 ,KR ,526 ,BFA ,0169 ,Art Education ,  ,  ,47,10,37,0,37,3,2,4,0,0,0,0,1,2,0,46,1,10KR0169BFA120121 ,KR ,526 ,BFA ,5128 ,New Media ,  ,  ,22,6,16,0,17,2,1,0,0,0,1,1,0,1,0,21,1,10KR5128BFA120121 ,KR ,526 ,EDM ,0169 ,Art Education ,  ,  ,4,1,3,0,3,0,0,0,0,0,0,1,0,0,0,2,2,10KS0169EDM120121 ,KR ,526 ,MA ,0169 ,Art Education ,  ,  ,5,0,5,0,2,2,0,0,0,0,0,1,0,0,0,4,1,10KS0169MA120121 ,KR ,526 ,MA ,0250 ,Art History ,  ,  ,6,0,6,0,3,0,0,1,0,0,0,2,0,0,0,1,5,10KS0250MA120121 ,KR ,526 ,MFA ,0252 ,Art and Design ,  ,  ,5,4,1,0,5,0,0,0,0,0,0,0,0,0,0,1,4,10KS0252MFA120121 ,KR ,526 ,MFA ,0252 ,Art and Design ,0254 ,Graphic Design ,2,1,1,0,0,0,0,0,0,0,0,2,0,0,0,0,2,10KS0254MFA120121 ,KR ,526 ,MFA ,0252 ,Art and Design ,0255 ,Industrial Design ,8,6,2,0,3,2,0,0,0,0,0,3,0,0,0,4,4,10KS0255MFA120121 ,KR ,526 ,MFA ,0252 ,Art and Design ,0256 ,Metals ,6,2,4,0,4,0,0,0,0,0,1,1,0,0,1,2,4,10KS0256MFA120121 ,KR ,526 ,MFA ,0252 ,Art and Design ,0257 ,Painting ,9,4,5,0,9,0,0,0,0,0,0,0,0,0,0,2,7,10KS0257MFA120121 ,KR ,526 ,MFA ,0252 ,Art and Design ,0258 ,Photography ,3,2,1,0,3,0,0,0,0,0,0,0,0,0,0,1,2,10KS0258MFA120121 ,KR ,526 ,MFA ,0252 ,Art and Design ,0260 ,Sculpture ,5,1,4,0,3,0,0,0,0,0,1,1,0,0,0,1,4,10KS0260MFA120121 ,KR ,526 ,NDEG ,0252 ,Art and Design ,  ,  ,1,1,0,0,1,0,0,0,0,0,0,0,0,0,0,1,0,10KS0252NDEG120121 ,KR ,526 ,NONE ,4090 ,Art Foundation ,  ,  ,105,35,70,0,59,21,7,8,0,1,0,9,0,7,0,90,15,10KR4090NONE120121 ,KR ,526 ,PHD ,0169 ,Art Education ,  ,  ,13,5,8,0,6,0,0,0,0,0,0,7,0,0,0,5,8,10KS0169PHD120121 ,KR ,526 ,PHD ,0250 ,Art History ,  ,  ,18,4,14,0,10,0,0,2,0,0,0,5,1,0,0,1,17,10KS0250PHD120121 ,KR ,569 ,BFA ,0156 ,Landscape Architecture ,  ,  ,1,1,0,0,1,0,0,0,0,0,0,0,0,0,0,1,0,10KR0156BFA120121 ,KR ,569 ,BLA ,0156 ,Landscape Architecture ,  ,  ,63,34,29,0,40,5,0,3,0,0,1,13,1,0,0,48,15,10KR0156BLA120121 ,KR ,569 ,BLA ,0156 ,Landscape Architecture ,5095 ,Five-Year Program ,7,4,3,0,3,1,1,2,0,0,0,0,0,1,0,7,0,10KR5095BLA120121 ,KR ,569 ,MLA ,0156 ,Landscape Architecture ,  ,  ,29,6,23,0,14,0,0,0,0,0,0,15,0,0,0,13,16,10KS0156MLA120121 ,KR ,569 ,PHD ,0156 ,Landscape Architecture ,  ,  ,14,7,7,0,7,0,1,0,0,0,0,5,1,1,0,5,9,10KS0156PHD120121 ,KR ,733 ,BA ,0155 ,Urban Planning ,  ,  ,109,68,41,0,60,5,9,15,0,0,2,17,1,10,1,77,32,10KR0155BA120121 ,KR ,733 ,MUP ,0155 ,Urban Planning ,  ,  ,38,17,21,0,19,1,1,6,0,0,3,8,0,1,1,15,23,10KS0155MUP120121 ,KR ,733 ,PHD ,0274 ,Regional Planning ,  ,  ,21,11,10,0,9,1,0,0,0,0,0,11,0,0,0,6,15,10KS0274PHD120121 ,KR ,767 ,BS ,0146 ,Architectural Studies ,  ,  ,474,266,208,0,286,44,10,40,2,3,13,73,3,12,5,368,106,10KR0146BS120121 ,KR ,767 ,MARCH ,0249 ,Architecture ,0247 ,Architecture - 2 Yr ,158,97,61,0,95,9,6,17,0,0,6,24,1,6,2,103,55,10KS0247MARC120121 ,KR ,767 ,MARCH ,0249 ,Architecture ,0248 ,Architecture Track 3 ,31,18,13,0,15,3,2,3,0,0,0,8,0,3,0,15,16,10KS0248MARC120121 ,KR ,767 ,MS ,4091 ,Architectural Studies ,  ,  ,3,1,2,0,1,0,1,0,0,0,0,1,0,1,0,2,1,10KS4091MS120121 ,KR ,767 ,PHD ,0249 ,Architecture ,  ,  ,12,6,6,0,2,0,0,1,0,0,0,9,0,0,0,1,11,10KS0249PHD120121 ,KR ,801 ,BFA ,0261 ,Dance ,  ,  ,58,4,54,0,38,2,13,5,0,0,0,0,0,14,0,47,11,10KR0261BFA120121 ,KR ,801 ,MFA ,0261 ,Dance ,  ,  ,9,2,7,0,7,0,0,1,0,0,1,0,0,1,1,1,8,10KS0261MFA120121 ,KR ,883 ,BFA ,0162 ,Theatre ,3980 ,Stage Management ,8,3,5,0,6,1,0,0,0,0,1,0,0,0,0,5,3,10KR3980BFA120121 ,KR ,883 ,BFA ,0162 ,Theatre ,3985 ,Theatre Studies ,23,7,16,0,15,1,3,3,0,0,0,1,0,3,0,20,3,10KR3985BFA120121 ,KR ,883 ,BFA ,0162 ,Theatre ,4081 ,Acting ,34,16,18,0,21,0,10,2,0,0,1,0,0,12,0,31,3,10KR4081BFA120121 ,KR ,883 ,BFA ,0162 ,Theatre ,4082 ,Costume Design and Technology ,3,0,3,0,2,0,0,1,0,0,0,0,0,1,0,3,0,10KR4082BFA120121 ,KR ,883 ,BFA ,0162 ,Theatre ,4083 ,Scenic Technology ,3,3,0,0,2,0,0,1,0,0,0,0,0,0,0,2,1,10KR4083BFA120121 ,KR ,883 ,BFA ,0162 ,Theatre ,4084 ,Lighting Design ,5,4,1,0,4,0,0,1,0,0,0,0,0,0,0,5,0,10KR4084BFA120121 ,KR ,883 ,BFA ,0162 ,Theatre ,4085 ,Sound Design and Technology ,3,2,1,0,3,0,0,0,0,0,0,0,0,0,0,3,0,10KR4085BFA120121 ,KR ,883 ,BFA ,0162 ,Theatre ,4086 ,Scenic Design ,2,1,1,0,0,1,0,0,0,0,1,0,0,0,0,2,0,10KR4086BFA120121 ,KR ,883 ,MA ,0162 ,Theatre ,  ,  ,8,4,4,0,4,0,0,1,0,0,0,2,1,0,0,1,7,10KS0162MA120121 ,KR ,883 ,MFA ,0162 ,Theatre ,0271 ,Design and Technology ,22,13,9,0,16,1,1,0,0,0,1,3,0,1,1,6,16,10KS0271MFA120121 ,KR ,883 ,MFA ,0162 ,Theatre ,0272 ,Acting ,9,6,3,0,8,0,0,1,0,0,0,0,0,0,0,2,7,10KS0272MFA120121 ,KR ,883 ,NONE ,0162 ,Theatre ,4080 ,Theatre Foundations ,36,11,25,0,27,0,3,5,0,1,0,0,0,4,0,33,3,10KR4080NONE120121 ,KR ,883 ,PHD ,0162 ,Theatre ,  ,  ,15,7,8,0,8,1,0,0,1,0,1,4,0,0,2,5,10,10KS0162PHD120121 ,KR ,  ,  ,  ,Fine & Applied Arts ,  ,***College total*** ,2447,1140,1305,2,1468,206,102,172,4,5,55,417,18,118,21,1624,823,  ,,,,,,,,,,,,,,,,,,,,,,,,, ,,,,,,,,,,,,,,,,,,,,,,,,,120121 ,KS ,  ,  ,  ,Graduate College ,  ,  ,  ,  ,  ,  ,  ,  ,  ,  ,  ,  ,  ,  ,  ,  ,  ,  ,  , 120121 ,KS ,486 ,NDEG ,0067 ,Nondegree ,  ,  ,26,9,17,0,18,4,2,1,0,0,0,1,0,2,0,21,5,10KS0067NDEG120121 ,KS ,  ,  ,  ,Graduate College ,  ,***College total*** ,26,9,17,0,18,4,2,1,0,0,0,1,0,2,0,21,5,  ,,,,,,,,,,,,,,,,,,,,,,,,, ,,,,,,,,,,,,,,,,,,,,,,,,,120121 ,KT ,  ,  ,  ,Media ,  ,  ,  ,  ,  ,  ,  ,  ,  ,  ,  ,  ,  ,  ,  ,  ,  ,  ,  , 120121 ,KT ,238 ,BS ,0382 ,Media Studies ,  ,  ,10,2,8,0,8,1,0,0,0,0,0,1,0,0,0,8,2,10KT0382BS120121 ,KT ,238 ,NDEG ,5202 ,Communications and Media ,  ,  ,1,0,1,0,0,1,0,0,0,0,0,0,0,0,0,0,1,10KS5202NDEG120121 ,KT ,238 ,PHD ,0279 ,Communications ,  ,  ,38,16,22,0,6,4,3,6,0,0,2,16,1,5,2,10,28,10KS0279PHD120121 ,KT ,238 ,PHD ,5202 ,Communications and Media ,  ,  ,14,5,9,0,3,1,1,1,0,0,1,7,0,2,0,2,12,10KS5202PHD120121 ,KT ,408 ,BS ,0277 ,Advertising ,  ,  ,648,193,455,0,422,66,40,46,1,1,14,55,3,43,6,554,94,10KT0277BS120121 ,KT ,408 ,MS ,0277 ,Advertising ,  ,  ,22,7,15,0,6,0,1,0,0,0,0,15,0,1,0,7,15,10KS0277MS120121 ,KT ,436 ,BS ,5201 ,Media and Cinema Studies ,  ,  ,9,5,4,0,5,1,0,1,0,0,0,2,0,0,0,6,3,10KT5201BS120121 ,KT ,436 ,BS ,5201 ,Media and Cinema Studies ,3869 ,Cinema Studies ,51,29,22,0,38,3,4,3,0,0,1,2,0,4,1,49,2,10KT5201BS120121 ,KT ,436 ,BS ,5201 ,Media and Cinema Studies ,5205 ,Media Studies ,58,21,37,0,35,7,6,5,0,0,1,4,0,7,0,52,6,10KT5201BS120121 ,KT ,642 ,BSJ ,0380 ,News-Editorial ,  ,  ,153,43,110,0,108,12,12,12,0,0,5,4,0,13,2,138,15,10KT0380BSJ120121 ,KT ,642 ,BSJ ,0381 ,Broadcast Journalism ,  ,  ,159,55,104,0,101,9,27,11,0,0,3,7,1,29,1,134,25,10KT0381BSJ120121 ,KT ,642 ,MS ,0278 ,Journalism ,  ,  ,11,2,9,0,8,0,1,0,0,0,1,1,0,2,0,5,6,10KS0278MS120121 ,KT ,646 ,BS ,5284 ,Agricultural Communications ,5287 ,Advertising ,5,1,4,0,5,0,0,0,0,0,0,0,0,0,0,5,0,10KT5284BS120121 ,KT ,646 ,BS ,5284 ,Agricultural Communications ,5288 ,Broadcast Journalism ,1,0,1,0,1,0,0,0,0,0,0,0,0,0,0,1,0,10KT5284BS120121 ,KT ,646 ,BS ,5284 ,Agricultural Communications ,5289 ,News-Editorial Journalism ,4,0,4,0,3,0,1,0,0,0,0,0,0,1,0,4,0,10KT5284BS120121 ,KT ,934 ,NDEG ,0067 ,Nondegree ,  ,  ,5,2,3,0,1,1,0,0,0,0,0,3,0,0,0,2,3,10KT0067NDEG120121 ,KT ,934 ,NONE ,0390 ,General Curriculum ,  ,  ,2,1,1,0,2,0,0,0,0,0,0,0,0,0,0,2,0,10KT0390NONE120121 ,KT ,  ,  ,  ,Media ,  ,***College total*** ,1191,382,809,0,752,106,96,85,1,1,28,117,5,107,12,979,212,  ,,,,,,,,,,,,,,,,,,,,,,,,, ,,,,,,,,,,,,,,,,,,,,,,,,,120121 ,KU ,  ,  ,  ,Law ,  ,  ,  ,  ,  ,  ,  ,  ,  ,  ,  ,  ,  ,  ,  ,  ,  ,  ,  , 120121 ,KU ,853 ,JD ,0385 ,Law ,  ,  ,627,364,263,0,405,59,47,59,2,1,15,21,18,52,6,336,291,10KU0385JD120121 ,KU ,853 ,JSD ,0281 ,Law ,  ,  ,14,7,7,0,0,0,0,0,0,0,0,14,0,0,0,0,14,10KS0281JSD120121 ,KU ,853 ,LLM ,0281 ,Law ,  ,  ,80,28,52,0,0,2,1,0,0,1,0,76,0,1,0,2,78,10KS0281LLM120121 ,KU ,853 ,NDEG ,0281 ,Law ,  ,  ,3,2,1,0,0,0,0,0,0,0,0,3,0,0,0,0,3,10KS0281NDEG120121 ,KU ,  ,  ,  ,Law ,  ,***College total*** ,724,401,323,0,405,61,48,59,2,2,15,114,18,53,6,338,386,  ,,,,,,,,,,,,,,,,,,,,,,,,, ,,,,,,,,,,,,,,,,,,,,,,,,,120121 ,KV ,  ,  ,  ,Liberal Arts & Sci ,  ,  ,  ,  ,  ,  ,  ,  ,  ,  ,  ,  ,  ,  ,  ,  ,  ,  ,  , 120121 ,KV ,241 ,BALAS ,0340 ,Anthropology ,  ,  ,133,41,92,0,86,11,10,17,0,0,5,2,2,11,1,124,9,10KV0340BALA120121 ,KV ,241 ,BALAS ,0340 ,Anthropology ,  ,  ,9,3,6,0,8,0,0,1,0,0,0,0,0,0,0,8,1,10KV8037BALA120121 ,KV ,241 ,BALAS ,0340 ,Anthropology ,5043 ,Socioculturl & Linguistic Anth ,10,5,5,0,5,0,1,2,0,0,1,0,1,1,0,9,1,10KV5043BALA120121 ,KV ,241 ,MA ,0340 ,Anthropology ,  ,  ,2,1,1,0,1,0,0,1,0,0,0,0,0,0,1,1,1,10KS0340MA120121 ,KV ,241 ,PHD ,0340 ,Anthropology ,  ,  ,57,16,41,0,32,2,2,4,1,1,1,12,2,2,1,15,42,10KS0340PHD120121 ,KV ,253 ,BSLAS ,0334 ,Atmospheric Sciences ,  ,  ,73,51,22,0,60,5,1,6,0,0,1,0,0,2,0,72,1,10KV0334BSLA120121 ,KV ,253 ,BSLAS ,0334 ,Atmospheric Sciences ,  ,  ,3,2,1,0,2,0,0,1,0,0,0,0,0,0,0,3,0,10KV8037BSLA120121 ,KV ,253 ,MS ,0334 ,Atmospheric Sciences ,  ,  ,18,6,12,0,15,0,0,1,0,0,1,1,0,0,0,7,11,10KS0334MS120121 ,KV ,253 ,PHD ,0334 ,Atmospheric Sciences ,  ,  ,30,16,14,0,16,0,0,0,0,0,0,14,0,0,0,3,27,10KS0334PHD120121 ,KV ,257 ,BALAS ,0461 ,Actuarial Science ,  ,  ,1,1,0,0,1,0,0,0,0,0,0,0,0,0,0,1,0,10KV0461BALA120121 ,KV ,257 ,BSLAS ,0439 ,Mathematics ,  ,  ,45,25,20,0,21,6,1,3,0,1,0,13,0,1,0,28,17,10KV0439BSLA120121 ,KV ,257 ,BSLAS ,0439 ,Mathematics ,  ,  ,11,4,7,0,3,2,0,1,0,0,0,5,0,0,0,6,5,10KV8037BSLA120121 ,KV ,257 ,BSLAS ,0439 ,Mathematics ,3894 ,Operations Research ,3,2,1,0,2,0,0,0,0,0,0,1,0,0,0,2,1,10KV3894BSLA120121 ,KV ,257 ,BSLAS ,0439 ,Mathematics ,3894 ,Operations Research ,1,1,0,0,0,0,0,0,0,0,0,1,0,0,0,0,1,10KV8037BSLA120121 ,KV ,257 ,BSLAS ,0439 ,Mathematics ,3895 ,Applied Mathematics ,15,11,4,0,3,1,0,0,0,0,0,11,0,0,0,4,11,10KV3895BSLA120121 ,KV ,257 ,BSLAS ,0439 ,Mathematics ,3895 ,Applied Mathematics ,9,5,4,0,4,1,0,0,0,0,0,4,0,0,0,5,4,10KV8037BSLA120121 ,KV ,257 ,BSLAS ,0439 ,Mathematics ,3896 ,Graduate Preparation ,6,5,1,0,5,0,0,0,0,0,0,1,0,0,0,4,2,10KV3896BSLA120121 ,KV ,257 ,BSLAS ,0439 ,Mathematics ,3897 ,Mathematics Teaching Option ,67,25,42,0,58,7,0,2,0,0,0,0,0,0,0,66,1,10KV3897BSLA120121 ,KV ,257 ,BSLAS ,0439 ,Mathematics ,3897 ,Mathematics Teaching Option ,2,1,1,0,1,1,0,0,0,0,0,0,0,0,0,2,0,10KV8037BSLA120121 ,KV ,257 ,BSLAS ,0461 ,Actuarial Science ,  ,  ,248,141,107,0,101,37,5,12,0,1,1,89,2,6,0,149,99,10KV0461BSLA120121 ,KV ,257 ,BSLAS ,0461 ,Actuarial Science ,  ,  ,15,6,9,0,0,4,0,0,0,0,0,11,0,0,0,4,11,10KV8037BSLA120121 ,KV ,257 ,BSLAS ,1438 ,Math & Computer Science ,  ,  ,67,58,9,0,31,13,1,3,0,0,1,17,1,1,0,47,20,10KV1438BSLA120121 ,KV ,257 ,BSLAS ,1438 ,Math & Computer Science ,  ,  ,2,1,1,0,0,0,0,0,0,0,0,2,0,0,0,0,2,10KV8037BSLA120121 ,KV ,257 ,MS ,0290 ,Teaching of Mathematics ,  ,  ,3,3,0,0,2,0,0,0,0,0,1,0,0,1,1,2,1,10KS0290MS120121 ,KV ,257 ,MS ,0327 ,Applied Mathematics ,  ,  ,10,8,2,0,2,1,0,0,0,0,1,6,0,1,0,2,8,10KS0327MS120121 ,KV ,257 ,MS ,0327 ,Applied Mathematics ,0328 ,Actuarial Science ,8,2,6,0,0,0,0,0,0,0,0,8,0,0,0,0,8,10KS0328MS120121 ,KV ,257 ,MS ,0439 ,Mathematics ,  ,  ,15,11,4,0,6,0,0,0,0,0,0,9,0,0,0,4,11,10KS0439MS120121 ,KV ,257 ,NDEG ,0439 ,Mathematics ,  ,  ,1,1,0,0,0,1,0,0,0,0,0,0,0,0,0,1,0,10KS0439NDEG120121 ,KV ,257 ,NONE ,0439 ,Mathematics ,  ,  ,297,184,113,0,131,18,3,16,1,1,3,120,4,5,1,172,125,10KV0439NONE120121 ,KV ,257 ,PHD ,0439 ,Mathematics ,  ,  ,148,100,48,0,54,6,0,5,0,0,1,79,3,0,1,11,137,10KS0439PHD120121 ,KV ,265 ,BALAS ,5086 ,"Earth Systems, Env, & Society ",5103 ,Society and the Environment ,1,0,1,0,1,0,0,0,0,0,0,0,0,0,0,1,0,10KV8037BALA120121 ,KV ,265 ,BSLAS ,5086 ,"Earth Systems, Env, & Society ",  ,  ,16,7,9,0,12,1,0,1,0,0,0,2,0,0,0,14,2,10KV5086BSLA120121 ,KV ,265 ,BSLAS ,5086 ,"Earth Systems, Env, & Society ",5103 ,Society and the Environment ,30,14,16,0,23,0,3,3,0,0,1,0,0,3,1,30,0,10KV5086BSLA120121 ,KV ,265 ,BSLAS ,5086 ,"Earth Systems, Env, & Society ",5103 ,Society and the Environment ,7,2,5,0,6,1,0,0,0,0,0,0,0,0,0,7,0,10KV8037BSLA120121 ,KV ,265 ,BSLAS ,5086 ,"Earth Systems, Env, & Society ",5104 ,Science of the Earth System ,36,22,14,0,28,1,1,2,0,0,3,1,0,2,1,35,1,10KV5086BSLA120121 ,KV ,265 ,BSLAS ,5086 ,"Earth Systems, Env, & Society ",5104 ,Science of the Earth System ,2,0,2,0,1,0,0,0,0,0,1,0,0,0,1,2,0,10KV8037BSLA120121 ,KV ,265 ,BSLAS ,5281 ,"Earth, Society, & Environment ",  ,  ,16,11,5,0,10,0,0,3,0,0,0,3,0,0,0,13,3,10KV5281BSLA120121 ,KV ,265 ,BSLAS ,5281 ,"Earth, Society, & Environment ",5103 ,Society and the Environment ,16,8,8,0,14,0,0,0,0,0,1,1,0,0,0,15,1,10KV5281BSLA120121 ,KV ,265 ,BSLAS ,5281 ,"Earth, Society, & Environment ",5103 ,Society and the Environment ,1,0,1,0,1,0,0,0,0,0,0,0,0,0,0,1,0,10KV8037BSLA120121 ,KV ,265 ,BSLAS ,5281 ,"Earth, Society, & Environment ",5104 ,Science of the Earth System ,15,8,7,0,8,2,2,1,0,0,0,2,0,2,0,12,3,10KV5281BSLA120121 ,KV ,299 ,BALAS ,0338 ,Psychology ,  ,  ,2,0,2,0,0,2,0,0,0,0,0,0,0,0,0,2,0,10KV0338BALA120121 ,KV ,299 ,BSLAS ,0338 ,Psychology ,  ,  ,1237,388,847,2,720,174,84,115,1,1,34,104,4,95,7,1076,161,10KV0338BSLA120121 ,KV ,299 ,BSLAS ,0338 ,Psychology ,  ,  ,83,21,62,0,52,12,4,8,0,0,1,5,1,5,0,76,7,10KV8037BSLA120121 ,KV ,299 ,PHD ,0338 ,Psychology ,  ,  ,136,47,89,0,67,10,7,8,1,0,1,42,0,8,4,23,113,10KS0338PHD120121 ,KV ,303 ,BALAS ,1008 ,African American Studies ,  ,  ,3,3,0,0,0,0,2,0,0,0,0,1,0,2,0,2,1,10KV1008BALA120121 ,KV ,324 ,BALAS ,0344 ,Sociology ,  ,  ,238,94,144,0,90,30,62,36,0,0,6,10,4,68,4,212,26,10KV0344BALA120121 ,KV ,324 ,BALAS ,0344 ,Sociology ,  ,  ,30,9,21,0,17,1,2,6,0,0,0,4,0,3,2,26,4,10KV8037BALA120121 ,KV ,324 ,BSLAS ,0344 ,Sociology ,  ,  ,1,1,0,0,0,0,1,0,0,0,0,0,0,1,0,1,0,10KV0344BSLA120121 ,KV ,324 ,MA ,0344 ,Sociology ,  ,  ,1,0,1,0,1,0,0,0,0,0,0,0,0,0,0,1,0,10KS0344MA120121 ,KV ,324 ,PHD ,0344 ,Sociology ,  ,  ,47,19,28,0,17,4,5,4,0,0,1,15,1,5,0,10,37,10KS0344PHD120121 ,KV ,361 ,MS ,0324 ,Entomology ,  ,  ,13,7,6,0,10,1,0,1,0,0,0,0,1,0,0,3,10,10KS0324MS120121 ,KV ,361 ,PHD ,0324 ,Entomology ,  ,  ,22,8,14,0,10,1,0,1,0,0,0,9,1,0,0,2,20,10KS0324PHD120121 ,KV ,362 ,BALAS ,0285 ,E Asian Languages & Cultures ,  ,  ,76,31,45,0,28,29,4,5,0,0,6,4,0,4,1,70,6,10KV0285BALA120121 ,KV ,362 ,BALAS ,0285 ,E Asian Languages & Cultures ,  ,  ,1,0,1,0,0,0,0,1,0,0,0,0,0,0,0,1,0,10KV8037BALA120121 ,KV ,362 ,MA ,0284 ,Asian Studies ,  ,  ,8,5,3,0,5,1,0,0,0,0,0,2,0,0,0,4,4,10KS0284MA120121 ,KV ,362 ,PHD ,0285 ,E Asian Languages & Cultures ,  ,  ,26,5,21,0,3,2,0,0,0,0,0,21,0,0,0,0,26,10KS0285PHD120121 ,KV ,377 ,MS ,0320 ,Plant Biology ,  ,  ,4,2,2,0,3,0,0,0,1,0,0,0,0,0,1,1,3,10KS0320MS120121 ,KV ,377 ,MS ,0320 ,Plant Biology ,5166 ,Professional Science Masters ,3,2,1,0,2,0,1,0,0,0,0,0,0,1,0,3,0,1PKS0320MS120121 ,KV ,377 ,PHD ,0320 ,Plant Biology ,  ,  ,35,15,20,0,24,2,1,1,0,0,0,6,1,1,0,16,19,10KS0320PHD120121 ,KV ,383 ,BSLAS ,0438 ,Integrative Biology ,  ,  ,377,173,204,0,262,49,13,27,2,1,4,18,1,17,4,351,26,10KV0438BSLA120121 ,KV ,383 ,BSLAS ,0438 ,Integrative Biology ,  ,  ,16,5,11,0,12,2,0,2,0,0,0,0,0,0,0,15,1,10KV8037BSLA120121 ,KV ,383 ,BSLAS ,0438 ,Integrative Biology ,5028 ,Honors Integrative Biology ,31,15,16,0,24,3,0,1,0,0,0,2,1,0,0,27,4,10KV5028BSLA120121 ,KV ,383 ,BSLAS ,0438 ,Integrative Biology ,5028 ,Honors Integrative Biology ,4,1,3,0,4,0,0,0,0,0,0,0,0,0,0,4,0,10KV8037BSLA120121 ,KV ,383 ,MS ,0314 ,Biology ,  ,  ,12,6,6,0,4,7,0,0,0,0,1,0,0,0,0,11,1,10KS0314MS120121 ,KV ,383 ,MS ,0314 ,Biology ,0315 ,"Ecology, Ethology, Evolution ",3,2,1,0,3,0,0,0,0,0,0,0,0,0,0,1,2,10KS0315MS120121 ,KV ,383 ,MS ,5107 ,"Ecol, Evol, Conservation Biol ",  ,  ,1,1,0,0,1,0,0,0,0,0,0,0,0,0,0,0,1,10KS5107MS120121 ,KV ,383 ,PHD ,0314 ,Biology ,0315 ,"Ecology, Ethology, Evolution ",13,7,6,0,10,0,0,0,0,0,1,2,0,0,0,0,13,10KS0315PHD120121 ,KV ,383 ,PHD ,0314 ,Biology ,0316 ,Ecology & Evolutionary Biology ,3,0,3,0,2,0,0,0,0,0,1,0,0,0,1,2,1,10KS0316PHD120121 ,KV ,383 ,PHD ,0314 ,Biology ,0317 ,Physiol & Molec Plant Biology ,3,2,1,0,1,0,0,0,0,0,0,2,0,0,0,1,2,10KS0317PHD120121 ,KV ,383 ,PHD ,5107 ,"Ecol, Evol, Conservation Biol ",  ,  ,21,9,12,0,14,2,0,2,1,0,0,1,1,0,1,8,13,10KS5107PHD120121 ,KV ,397 ,BSLAS ,0314 ,Biology ,3993 ,Biology Teacher Educ Option ,8,4,4,0,8,0,0,0,0,0,0,0,0,0,0,7,1,10KV3993BSLA120121 ,KV ,397 ,MS ,0293 ,Teaching of Biological Science ,  ,  ,1,1,0,0,1,0,0,0,0,0,0,0,0,0,0,1,0,10KS0293MS120121 ,KV ,397 ,NONE ,0314 ,Biology ,  ,  ,621,267,354,0,320,160,43,48,1,0,17,26,6,53,6,566,55,10KV0314NONE120121 ,KV ,405 ,BALAS ,0074 ,Economics ,  ,  ,608,425,183,0,209,78,5,10,0,1,10,291,4,6,0,290,318,10KV0074BALA120121 ,KV ,405 ,BALAS ,0074 ,Economics ,  ,  ,77,53,24,0,25,20,2,1,0,0,1,28,0,2,0,43,34,10KV8037BALA120121 ,KV ,405 ,MS ,0074 ,Economics ,3925 ,Policy Economics ,104,63,41,0,2,4,1,0,0,0,1,95,1,2,0,2,102,10KS3925MS120121 ,KV ,405 ,PHD ,0074 ,Economics ,  ,  ,88,56,32,0,9,8,0,3,0,0,1,66,1,0,0,4,84,10KS0074PHD120121 ,KV ,413 ,BS ,0335 ,Chemistry ,  ,  ,145,95,50,0,73,33,6,11,0,0,1,20,1,6,0,114,31,10KV0335BS120121 ,KV ,413 ,BS ,0335 ,Chemistry ,5023 ,Environmental Chemistry ,3,2,1,0,3,0,0,0,0,0,0,0,0,0,0,3,0,10KV5023BS120121 ,KV ,413 ,BSLAS ,0335 ,Chemistry ,  ,  ,282,155,127,0,131,76,11,11,0,1,4,45,3,12,2,220,62,10KV0335BSLA120121 ,KV ,413 ,BSLAS ,0335 ,Chemistry ,  ,  ,20,9,11,0,10,4,0,1,0,0,2,3,0,0,0,16,4,10KV8037BSLA120121 ,KV ,413 ,BSLAS ,0335 ,Chemistry ,3918 ,Chemistry Teaching Option ,14,8,6,0,10,3,0,1,0,0,0,0,0,0,0,14,0,10KV3918BSLA120121 ,KV ,413 ,PHD ,0335 ,Chemistry ,  ,  ,247,162,85,0,147,18,3,4,1,0,8,62,4,3,2,17,230,10KS0335PHD120121 ,KV ,413 ,PHD ,0337 ,Chemical Physics ,  ,  ,10,8,2,0,4,0,1,1,0,0,0,4,0,1,0,0,10,10KS0337PHD120121 ,KV ,415 ,BSLAS ,0433 ,Molecular and Cellular Biology ,  ,  ,965,505,460,0,531,251,49,57,2,7,15,47,6,55,5,884,81,10KV0433BSLA120121 ,KV ,415 ,BSLAS ,0433 ,Molecular and Cellular Biology ,  ,  ,70,39,31,0,36,29,2,1,0,0,0,2,0,2,0,67,3,10KV8037BSLA120121 ,KV ,415 ,BSLAS ,0433 ,Molecular and Cellular Biology ,5121 ,Honors ,54,30,24,0,29,15,3,3,0,0,2,2,0,3,0,51,3,10KV0433BSLA120121 ,KV ,415 ,BSLAS ,0433 ,Molecular and Cellular Biology ,5121 ,Honors ,9,4,5,0,5,4,0,0,0,0,0,0,0,0,0,9,0,10KV8037BSLA120121 ,KV ,415 ,NONE ,3854 ,Molecular&Cell Bio-undeclared ,  ,  ,37,22,15,0,16,1,0,0,0,0,0,20,0,0,0,4,33,10KS3854NONE120121 ,KV ,415 ,PHD ,0319 ,Biophysics & Computnl Biology ,  ,  ,66,53,13,0,17,5,0,2,0,0,1,41,0,0,0,7,59,10KS0319PHD120121 ,KV ,415 ,PHD ,0323 ,Neuroscience ,  ,  ,62,29,33,0,29,10,1,6,0,1,1,14,0,2,1,18,44,10KS0323PHD120121 ,KV ,430 ,BSLAS ,0333 ,Astronomy ,  ,  ,35,21,14,0,21,4,1,5,1,0,1,2,0,2,2,32,3,10KV0333BSLA120121 ,KV ,430 ,MS ,0333 ,Astronomy ,  ,  ,1,0,1,0,1,0,0,0,0,0,0,0,0,0,0,0,1,10KS0333MS120121 ,KV ,430 ,PHD ,0333 ,Astronomy ,  ,  ,21,11,10,0,6,2,0,1,0,0,0,12,0,0,0,1,20,10KS0333PHD120121 ,KV ,438 ,BS ,0318 ,Biochemistry ,  ,  ,122,79,43,0,54,41,2,2,0,0,5,17,1,3,0,98,24,10KV0318BS120121 ,KV ,438 ,BSLAS ,0318 ,Biochemistry ,  ,  ,1,0,1,0,0,1,0,0,0,0,0,0,0,0,0,1,0,10KV0318BSLA120121 ,KV ,438 ,MS ,0318 ,Biochemistry ,  ,  ,2,1,1,0,1,0,0,0,0,0,0,1,0,0,0,0,2,10KS0318MS120121 ,KV ,438 ,PHD ,0318 ,Biochemistry ,  ,  ,63,30,33,0,18,8,0,5,0,0,1,31,0,0,1,16,47,10KS0318PHD120121 ,KV ,451 ,BALAS ,0342 ,History ,  ,  ,327,224,102,1,273,15,5,20,0,1,5,5,3,9,0,318,9,10KV0342BALA120121 ,KV ,451 ,BALAS ,0342 ,History ,  ,  ,24,10,14,0,20,0,0,4,0,0,0,0,0,0,0,23,1,10KV8037BALA120121 ,KV ,451 ,BALAS ,0342 ,History ,3917 ,Teaching of Social Studies ,2,2,0,0,1,0,0,0,0,0,1,0,0,1,0,2,0,10KV3917BALA120121 ,KV ,451 ,BALAS ,0342 ,History ,3917 ,Teaching of Social Studies ,1,0,1,0,0,0,0,0,0,0,1,0,0,1,0,1,0,10KV8037BALA120121 ,KV ,451 ,BALAS ,0342 ,History ,5280 ,Social Science: History Tchng ,72,43,29,0,61,2,1,7,0,0,1,0,0,2,0,70,2,10KV0342BALA120121 ,KV ,451 ,PHD ,0342 ,History ,  ,  ,90,45,45,0,60,3,7,2,0,0,4,12,2,8,0,15,75,10KS0342PHD120121 ,KV ,461 ,MA ,0283 ,African Studies ,  ,  ,6,5,1,0,2,0,2,0,0,0,0,2,0,2,0,2,4,10KS0283MA120121 ,KV ,489 ,BALAS ,0313 ,Speech Communication ,  ,  ,3,1,2,0,2,0,0,0,0,0,0,1,0,0,0,2,1,10KV0313BALA120121 ,KV ,489 ,BALAS ,5164 ,Communication ,  ,  ,823,338,484,1,487,49,150,72,1,0,11,50,3,156,3,728,95,10KV5164BALA120121 ,KV ,489 ,BALAS ,5164 ,Communication ,  ,  ,25,5,20,0,18,4,1,1,0,0,0,1,0,1,0,23,2,10KV8037BALA120121 ,KV ,489 ,MA ,5164 ,Communication ,  ,  ,27,7,20,0,14,1,3,3,0,0,0,5,1,3,0,14,13,10KS5164MA120121 ,KV ,489 ,NDEG ,5164 ,Communication ,  ,  ,1,1,0,0,1,0,0,0,0,0,0,0,0,0,0,0,1,10KS5164NDEG120121 ,KV ,489 ,PHD ,0313 ,Speech Communication ,  ,  ,5,5,0,0,4,0,0,1,0,0,0,0,0,0,0,1,4,10KS0313PHD120121 ,KV ,489 ,PHD ,5164 ,Communication ,  ,  ,29,8,21,0,23,0,3,0,0,0,0,2,1,3,0,11,18,10KS5164PHD120121 ,KV ,490 ,BALAS ,0443 ,Religious Studies ,  ,  ,1,0,1,0,0,1,0,0,0,0,0,0,0,0,0,1,0,10KV0443BALA120121 ,KV ,490 ,BALAS ,0443 ,Religious Studies ,  ,  ,1,0,1,0,1,0,0,0,0,0,0,0,0,0,0,1,0,10KV3903BALA120121 ,KV ,490 ,BALAS ,0443 ,Religious Studies ,3900 ,Islam ,2,0,2,0,1,0,0,0,0,0,1,0,0,0,0,2,0,10KV3900BALA120121 ,KV ,490 ,BALAS ,5197 ,Religion ,  ,  ,12,6,6,0,8,3,0,1,0,0,0,0,0,0,0,11,1,10KV5197BALA120121 ,KV ,490 ,BALAS ,5197 ,Religion ,3899 ,Christianity ,3,2,1,0,1,0,2,0,0,0,0,0,0,2,0,3,0,10KV5197BALA120121 ,KV ,490 ,BALAS ,5197 ,Religion ,3904 ,Asian Religions ,1,1,0,0,1,0,0,0,0,0,0,0,0,0,0,1,0,10KV5197BALA120121 ,KV ,499 ,BALAS ,0311 ,English ,  ,  ,421,137,283,1,312,32,30,28,1,0,11,4,3,38,5,411,10,10KV0311BALA120121 ,KV ,499 ,BALAS ,0311 ,English ,  ,  ,54,15,39,0,40,6,2,4,0,0,1,0,1,2,0,54,0,10KV8037BALA120121 ,KV ,499 ,BALAS ,0311 ,English ,3916 ,English Teaching Option ,87,20,67,0,75,6,2,3,0,0,1,0,0,3,0,86,1,10KV3916BALA120121 ,KV ,499 ,BALAS ,0311 ,English ,3916 ,English Teaching Option ,1,0,1,0,1,0,0,0,0,0,0,0,0,0,0,1,0,10KV8037BALA120121 ,KV ,499 ,BALAS ,0420 ,Rhetoric ,  ,  ,3,1,2,0,2,0,0,0,0,0,1,0,0,0,0,3,0,10KV0420BALA120121 ,KV ,499 ,BALAS ,0420 ,Rhetoric ,  ,  ,1,1,0,0,1,0,0,0,0,0,0,0,0,0,0,1,0,10KV8037BALA120121 ,KV ,499 ,BALAS ,0420 ,Rhetoric ,3892 ,Creative Writing ,82,36,46,0,48,7,14,9,0,0,2,0,2,17,0,81,1,10KV3892BALA120121 ,KV ,499 ,BALAS ,0420 ,Rhetoric ,3892 ,Creative Writing ,15,6,9,0,8,2,3,2,0,0,0,0,0,3,0,15,0,10KV8037BALA120121 ,KV ,499 ,BSLAS ,0311 ,English ,  ,  ,1,1,0,0,1,0,0,0,0,0,0,0,0,0,0,1,0,10KV0311BSLA120121 ,KV ,499 ,MA ,0311 ,English ,  ,  ,16,5,11,0,13,1,1,1,0,0,0,0,0,1,0,6,10,10KS0311MA120121 ,KV ,499 ,MFA ,1136 ,Creative Writing ,  ,  ,15,6,9,0,12,1,0,1,0,0,0,0,1,0,0,4,11,10KS1136MFA120121 ,KV ,499 ,NDEG ,0311 ,English ,  ,  ,1,1,0,0,0,0,0,0,0,0,0,1,0,0,0,0,1,10KS0311NDEG120121 ,KV ,499 ,PHD ,0311 ,English ,  ,  ,98,30,68,0,67,8,2,11,1,0,0,9,0,2,1,23,75,10KS0311PHD120121 ,KV ,499 ,PHD ,0311 ,English ,5080 ,Medieval Studies ,1,0,1,0,1,0,0,0,0,0,0,0,0,0,0,0,1,10KS0311PHD120121 ,KV ,514 ,BALAS ,0308 ,Classics ,  ,  ,6,4,2,0,6,0,0,0,0,0,0,0,0,0,0,5,1,10KV0308BALA120121 ,KV ,514 ,BALAS ,0308 ,Classics ,  ,  ,1,1,0,0,1,0,0,0,0,0,0,0,0,0,0,1,0,10KV8037BALA120121 ,KV ,514 ,BALAS ,0308 ,Classics ,0309 ,Greek ,1,1,0,0,0,0,0,1,0,0,0,0,0,0,0,0,1,10KV0309BALA120121 ,KV ,514 ,BALAS ,0308 ,Classics ,0310 ,Latin ,4,1,3,0,3,0,0,0,0,0,1,0,0,0,0,4,0,10KV0310BALA120121 ,KV ,514 ,BALAS ,0308 ,Classics ,3878 ,Classical Civilization ,4,2,2,0,2,1,0,1,0,0,0,0,0,0,0,4,0,10KV3878BALA120121 ,KV ,514 ,BALAS ,0308 ,Classics ,3878 ,Classical Civilization ,1,0,1,0,0,1,0,0,0,0,0,0,0,0,0,1,0,10KV8037BALA120121 ,KV ,514 ,MA ,0308 ,Classics ,  ,  ,9,6,3,0,7,0,0,1,0,0,0,1,0,0,0,2,7,10KS0308MA120121 ,KV ,514 ,MA ,0345 ,Teaching of Latin ,  ,  ,2,0,2,0,1,0,0,0,0,0,1,0,0,0,1,1,1,10KS0345MA120121 ,KV ,514 ,PHD ,0347 ,Classical Philology ,  ,  ,8,5,3,0,5,1,0,2,0,0,0,0,0,0,0,1,7,10KS0347PHD120121 ,KV ,553 ,BALAS ,0287 ,Russian & E European Studies ,  ,  ,2,1,1,0,1,0,0,0,0,0,1,0,0,1,0,2,0,10KV0287BALA120121 ,KV ,553 ,BALAS ,4097 ,"Russian, E Eur, Eurasian St ",  ,  ,3,2,1,0,3,0,0,0,0,0,0,0,0,0,0,3,0,10KV4097BALA120121 ,KV ,553 ,MA ,4097 ,"Russian, E Eur, Eurasian St ",  ,  ,3,1,2,0,3,0,0,0,0,0,0,0,0,0,0,1,2,10KS4097MA120121 ,KV ,580 ,BALAS ,0150 ,History of Art ,  ,  ,28,2,26,0,13,6,3,0,0,1,1,3,1,3,0,24,4,10KV0150BALA120121 ,KV ,580 ,BALAS ,0401 ,International Studies ,  ,  ,29,6,23,0,10,5,2,5,0,0,2,4,1,3,1,24,5,10KV0401BALA120121 ,KV ,580 ,BALAS ,0401 ,International Studies ,  ,  ,5,0,5,0,2,2,0,1,0,0,0,0,0,0,0,5,0,10KV8037BALA120121 ,KV ,580 ,BALAS ,0463 ,Individual Plans of Study ,  ,  ,3,3,0,0,2,0,0,0,0,0,0,0,1,0,0,2,1,10KV0463BALA120121 ,KV ,580 ,BALAS ,3865 ,Interdisciplinary ,  ,  ,3,1,2,0,1,1,0,0,0,1,0,0,0,0,0,3,0,10KV3865BALA120121 ,KV ,580 ,BALAS ,3865 ,Interdisciplinary ,3867 ,Renaissance Studies ,1,0,1,0,1,0,0,0,0,0,0,0,0,0,0,1,0,10KV3867BALA120121 ,KV ,580 ,BALAS ,3865 ,Interdisciplinary ,3869 ,Cinema Studies ,3,3,0,0,1,1,1,0,0,0,0,0,0,1,0,3,0,10KV3869BALA120121 ,KV ,580 ,BALAS ,3865 ,Interdisciplinary ,4029 ,Gender and Women's Studies ,1,0,1,0,1,0,0,0,0,0,0,0,0,0,0,1,0,10KV4029BALA120121 ,KV ,580 ,BALAS ,5206 ,Global Studies ,  ,  ,242,69,173,0,133,36,19,27,0,1,5,20,1,20,1,214,28,10KV5206BALA120121 ,KV ,580 ,BALAS ,5206 ,Global Studies ,  ,  ,26,5,21,0,15,6,0,3,0,0,0,2,0,1,0,23,3,10KV8037BALA120121 ,KV ,580 ,BS ,0240 ,Physics ,  ,  ,139,124,15,0,80,17,2,8,0,0,4,27,1,2,3,92,47,10KV0240BS120121 ,KV ,580 ,BSLAS ,0240 ,Physics ,  ,  ,81,68,13,0,46,5,0,4,0,0,0,26,0,0,0,51,30,10KV0240BSLA120121 ,KV ,580 ,BSLAS ,0240 ,Physics ,  ,  ,4,4,0,0,3,0,0,0,0,0,0,1,0,0,0,3,1,10KV8037BSLA120121 ,KV ,580 ,BSLAS ,0240 ,Physics ,3919 ,Physics Teaching Option ,7,7,0,0,4,1,0,2,0,0,0,0,0,0,0,7,0,10KV3919BSLA120121 ,KV ,580 ,BSLAS ,0463 ,Individual Plans of Study ,  ,  ,4,3,1,0,3,0,0,0,0,0,0,1,0,0,0,2,2,10KV0463BSLA120121 ,KV ,580 ,NDEG ,0067 ,Nondegree ,  ,  ,1,0,1,0,0,1,0,0,0,0,0,0,0,0,0,0,1,10KV0067ND1Q120121 ,KV ,580 ,NDEG ,0067 ,Nondegree ,  ,  ,149,74,75,0,52,8,3,4,0,1,3,75,3,4,0,66,83,10KV0067NDEG120121 ,KV ,580 ,NDEG ,4042 ,Nondegree ,  ,  ,1,0,1,0,1,0,0,0,0,0,0,0,0,0,0,1,0,10KV4042NDEG120121 ,KV ,580 ,NONE ,0390 ,General Curriculum ,  ,  ,22,14,8,0,4,1,11,5,0,0,0,1,0,11,0,20,2,10KV0390NONE120121 ,KV ,580 ,NONE ,5246 ,LAS - Undeclared ,  ,  ,142,52,90,0,0,2,103,27,1,0,7,1,1,112,3,129,13,10KV5246NONE120121 ,KV ,583 ,BSLAS ,0329 ,Statistics ,  ,  ,133,86,47,0,62,19,7,4,0,0,2,38,1,7,1,91,42,10KV0329BSLA120121 ,KV ,583 ,BSLAS ,0329 ,Statistics ,  ,  ,9,6,3,0,2,2,0,0,0,0,0,5,0,0,0,4,5,10KV8037BSLA120121 ,KV ,583 ,BSLAS ,0464 ,Statistics & Computer Science ,  ,  ,16,12,4,0,4,3,1,0,0,0,0,8,0,1,0,8,8,10KV0464BSLA120121 ,KV ,583 ,BSLAS ,0464 ,Statistics & Computer Science ,  ,  ,1,0,1,0,0,0,0,0,0,0,0,1,0,0,0,0,1,10KV8037BSLA120121 ,KV ,583 ,MS ,0329 ,Statistics ,  ,  ,46,21,25,0,6,3,0,0,0,0,1,35,1,1,0,11,35,10KS0329MS120121 ,KV ,583 ,MS ,0329 ,Statistics ,0331 ,Applied ,1,0,1,0,1,0,0,0,0,0,0,0,0,0,0,1,0,10KS0331MS120121 ,KV ,583 ,MS ,0329 ,Statistics ,5165 ,Analytics ,8,3,5,0,3,0,0,0,0,0,0,5,0,0,0,3,5,10KS5165MS120121 ,KV ,583 ,PHD ,0329 ,Statistics ,  ,  ,28,18,10,0,6,3,2,0,0,0,0,17,0,2,0,6,22,10KS0329PHD120121 ,KV ,584 ,PHD ,0321 ,Cell and Structural Biology ,  ,  ,2,2,0,0,0,0,0,0,0,0,0,2,0,0,0,0,2,10KS0321PHD120121 ,KV ,584 ,PHD ,4094 ,Cell and Developmental Biology ,  ,  ,39,19,20,0,11,5,0,1,0,0,0,22,0,0,0,8,31,10KS4094PHD120121 ,KV ,585 ,BA ,0297 ,Teaching of Spanish ,  ,  ,26,3,23,0,22,2,0,0,0,0,2,0,0,0,1,26,0,10KV0297BA120121 ,KV ,585 ,BALAS ,0305 ,Italian ,  ,  ,4,2,2,0,3,0,0,1,0,0,0,0,0,0,0,4,0,10KV0305BALA120121 ,KV ,585 ,BALAS ,0306 ,Portuguese ,  ,  ,1,1,0,0,1,0,0,0,0,0,0,0,0,0,0,1,0,10KV0306BALA120121 ,KV ,585 ,BALAS ,0307 ,Spanish ,  ,  ,134,37,97,0,94,1,4,30,0,0,3,2,0,6,1,132,2,10KV0307BALA120121 ,KV ,585 ,BALAS ,0307 ,Spanish ,  ,  ,26,1,25,0,20,1,1,2,0,0,2,0,0,1,0,25,1,10KV8037BALA120121 ,KV ,585 ,MA ,0305 ,Italian ,  ,  ,1,0,1,0,0,0,0,1,0,0,0,0,0,0,0,0,1,10KS0305MA120121 ,KV ,585 ,MA ,0306 ,Portuguese ,  ,  ,1,0,1,0,0,0,0,0,0,0,0,1,0,0,0,0,1,10KS0306MA120121 ,KV ,585 ,MA ,0307 ,Spanish ,  ,  ,5,2,3,0,2,0,0,1,0,0,0,0,2,0,0,3,2,10KS0307MA120121 ,KV ,585 ,NDEG ,0307 ,Spanish ,  ,  ,2,1,1,0,0,0,0,1,0,0,0,1,0,0,0,1,1,10KS0307NDEG120121 ,KV ,585 ,PHD ,0305 ,Italian ,  ,  ,2,1,1,0,1,0,0,0,0,0,0,1,0,0,0,0,2,10KS0305PHD120121 ,KV ,585 ,PHD ,0306 ,Portuguese ,  ,  ,2,1,1,0,0,0,0,1,0,0,0,1,0,0,0,0,2,10KS0306PHD120121 ,KV ,585 ,PHD ,0307 ,Spanish ,  ,  ,28,6,22,0,9,0,0,9,0,0,0,10,0,3,0,6,22,10KS0307PHD120121 ,KV ,604 ,PHD ,0325 ,Molecular & Integrative Physi ,  ,  ,22,10,12,0,11,2,1,1,0,0,0,7,0,1,0,7,15,10KS0325PHD120121 ,KV ,655 ,BALAS ,0336 ,Geology ,  ,  ,1,1,0,0,1,0,0,0,0,0,0,0,0,0,0,0,1,10KV0336BALA120121 ,KV ,655 ,BS ,0336 ,Geology ,  ,  ,10,7,3,0,9,0,1,0,0,0,0,0,0,1,0,10,0,10KV0336BS120121 ,KV ,655 ,BS ,0336 ,Geology ,3880 ,Geophysics ,6,5,1,0,5,0,0,1,0,0,0,0,0,0,0,5,1,10KV3880BS120121 ,KV ,655 ,BS ,0336 ,Geology ,3881 ,Environmental Geology ,5,5,0,0,4,1,0,0,0,0,0,0,0,0,0,5,0,10KV3881BS120121 ,KV ,655 ,BSLAS ,0336 ,Geology ,  ,  ,10,6,4,0,8,1,0,0,0,0,0,1,0,0,0,7,3,10KV0336BSLA120121 ,KV ,655 ,BSLAS ,0336 ,Geology ,3879 ,Teaching of Earth Science ,1,0,1,0,1,0,0,0,0,0,0,0,0,0,0,1,0,10KV3879BSLA120121 ,KV ,655 ,BSLAS ,0336 ,Geology ,3882 ,Earth & Environmental Sciences ,1,0,1,0,0,0,0,0,0,0,1,0,0,1,1,1,0,10KV3882BSLA120121 ,KV ,655 ,MS ,0336 ,Geology ,  ,  ,11,4,7,0,9,1,0,0,0,0,0,0,1,0,0,7,4,10KS0336MS120121 ,KV ,655 ,PHD ,0336 ,Geology ,  ,  ,15,8,7,0,5,0,0,0,0,0,0,10,0,0,0,2,13,10KS0336PHD120121 ,KV ,670 ,MA ,5203 ,European Union Studies ,  ,  ,9,2,7,0,9,0,0,0,0,0,0,0,0,0,0,8,1,10KS5203MA120121 ,KV ,680 ,BALAS ,1279 ,Gender and Women's Studies ,  ,  ,11,2,9,0,5,1,4,1,0,0,0,0,0,4,0,11,0,10KV1279BALA120121 ,KV ,687 ,BS ,0300 ,Chemical Engineering ,  ,  ,510,341,169,0,281,96,13,25,1,1,14,75,4,17,1,385,125,10KV0300BS120121 ,KV ,687 ,BS ,0300 ,Chemical Engineering ,5029 ,Biomolecular Engineering ,15,11,4,0,6,5,0,1,0,0,1,1,1,0,1,14,1,10KV5029BS120121 ,KV ,687 ,MS ,0300 ,Chemical Engineering ,  ,  ,4,0,4,0,1,0,0,0,0,0,0,3,0,0,0,0,4,10KS0300MS120121 ,KV ,687 ,NDEG ,0300 ,Chemical Engineering ,  ,  ,1,0,1,0,0,0,0,1,0,0,0,0,0,0,0,0,1,10KS0300NDEG120121 ,KV ,687 ,NONE ,0300 ,Chemical Engineering ,  ,  ,1,0,1,0,0,0,0,0,0,0,0,1,0,0,0,0,1,10KS0300NONE120121 ,KV ,687 ,PHD ,0300 ,Chemical Engineering ,  ,  ,97,65,32,0,38,11,0,2,0,0,1,43,2,0,0,5,92,10KS0300PHD120121 ,KV ,710 ,BALAS ,0343 ,Political Science ,  ,  ,635,407,228,0,401,63,44,71,0,2,12,39,3,51,10,565,70,10KV0343BALA120121 ,KV ,710 ,BALAS ,0343 ,Political Science ,  ,  ,100,51,49,0,67,15,5,9,0,0,2,1,1,6,1,98,2,10KV8037BALA120121 ,KV ,710 ,BSLAS ,0343 ,Political Science ,  ,  ,1,1,0,0,1,0,0,0,0,0,0,0,0,0,0,1,0,10KV0343BSLA120121 ,KV ,710 ,BSLAS ,0343 ,Political Science ,  ,  ,1,0,1,0,0,0,0,0,0,0,0,1,0,0,0,0,1,10KV8037BSLA120121 ,KV ,710 ,MA ,0343 ,Political Science ,  ,  ,1,1,0,0,1,0,0,0,0,0,0,0,0,0,0,1,0,10KS0343MA120121 ,KV ,710 ,MA ,0343 ,Political Science ,5120 ,Civic Leadership ,14,4,10,0,12,2,0,0,0,0,0,0,0,0,0,12,2,10KS0343MA120121 ,KV ,710 ,PHD ,0343 ,Political Science ,  ,  ,51,31,20,0,41,4,1,1,0,0,0,4,0,1,1,7,44,10KS0343PHD120121 ,KV ,715 ,BALAS ,0332 ,Philosophy ,  ,  ,91,64,26,1,58,13,7,5,0,0,2,5,1,9,2,81,10,10KV0332BALA120121 ,KV ,715 ,BALAS ,0332 ,Philosophy ,  ,  ,6,5,1,0,4,1,0,0,0,0,0,0,1,0,0,6,0,10KV8037BALA120121 ,KV ,715 ,PHD ,0332 ,Philosophy ,  ,  ,34,30,4,0,31,1,0,0,0,0,0,2,0,0,0,9,25,10KS0332PHD120121 ,KV ,729 ,BALAS ,0286 ,Latin American Studies ,  ,  ,6,3,3,0,2,0,1,3,0,0,0,0,0,1,1,6,0,10KV0286BALA120121 ,KV ,729 ,BALAS ,0286 ,Latin American Studies ,  ,  ,1,1,0,0,0,0,0,1,0,0,0,0,0,0,0,1,0,10KV8037BALA120121 ,KV ,729 ,MA ,0286 ,Latin American Studies ,  ,  ,5,2,3,0,2,0,0,2,0,0,0,1,0,0,0,2,3,10KS0286MA120121 ,KV ,771 ,BALAS ,1120 ,Comparative Literature ,  ,  ,4,1,2,1,3,1,0,0,0,0,0,0,0,0,0,4,0,10KV1120BALA120121 ,KV ,771 ,BALAS ,1120 ,Comparative Literature ,  ,  ,2,2,0,0,2,0,0,0,0,0,0,0,0,0,0,2,0,10KV8037BALA120121 ,KV ,771 ,BALAS ,1120 ,Comparative Literature ,3905 ,World Literature ,3,0,2,1,2,1,0,0,0,0,0,0,0,0,0,3,0,10KV3905BALA120121 ,KV ,771 ,MA ,1120 ,Comparative Literature ,  ,  ,7,3,4,0,3,0,0,0,0,0,0,4,0,0,0,0,7,10KS1120MA120121 ,KV ,771 ,PHD ,1120 ,Comparative Literature ,  ,  ,11,2,9,0,6,1,0,0,0,0,0,4,0,0,0,1,10,10KS1120PHD120121 ,KV ,864 ,BALAS ,0301 ,Linguistics ,  ,  ,44,17,27,0,34,3,3,0,0,0,1,3,0,3,0,39,5,10KV0301BALA120121 ,KV ,864 ,BALAS ,0301 ,Linguistics ,  ,  ,3,0,3,0,3,0,0,0,0,0,0,0,0,0,0,3,0,10KV8037BALA120121 ,KV ,864 ,BALAS ,0301 ,Linguistics ,3874 ,Hebrew Language & Linguistics ,1,1,0,0,0,0,0,0,0,0,1,0,0,0,0,1,0,10KV3874BALA120121 ,KV ,864 ,MA ,0299 ,Teaching of English Sec Lang ,  ,  ,45,8,37,0,15,7,1,2,0,0,0,20,0,1,0,17,28,10KS0299MA120121 ,KV ,864 ,MA ,0301 ,Linguistics ,  ,  ,22,7,15,0,10,1,0,0,0,0,0,11,0,0,0,3,19,10KS0301MA120121 ,KV ,864 ,NDEG ,0299 ,Teaching of English Sec Lang ,  ,  ,2,0,2,0,0,1,0,0,0,0,0,1,0,0,0,1,1,10KS0299NDEG120121 ,KV ,864 ,NONE ,0301 ,Linguistics ,  ,  ,1,1,0,0,0,0,0,1,0,0,0,0,0,0,0,1,0,10KV0301NONE120121 ,KV ,864 ,PHD ,0301 ,Linguistics ,  ,  ,31,12,19,0,9,4,2,2,0,0,0,14,0,2,0,8,23,10KS0301PHD120121 ,KV ,872 ,BALAS ,0341 ,Geography ,  ,  ,14,12,2,0,10,0,2,1,0,0,0,1,0,2,0,13,1,10KV0341BALA120121 ,KV ,872 ,BALAS ,0341 ,Geography ,  ,  ,1,1,0,0,1,0,0,0,0,0,0,0,0,0,0,1,0,10KV8037BALA120121 ,KV ,872 ,BALAS ,0341 ,Geography ,3884 ,Human Geography ,3,2,1,0,3,0,0,0,0,0,0,0,0,0,0,3,0,10KV3884BALA120121 ,KV ,872 ,BALAS ,0341 ,Geography ,3885 ,Physical Geography ,2,1,1,0,1,0,0,1,0,0,0,0,0,0,0,2,0,10KV3885BALA120121 ,KV ,872 ,BALAS ,0341 ,Geography ,3886 ,Geographic Information Science ,4,3,1,0,2,2,0,0,0,0,0,0,0,0,0,4,0,10KV3886BALA120121 ,KV ,872 ,MA ,0341 ,Geography ,  ,  ,4,3,1,0,2,0,0,0,0,0,0,1,1,0,0,2,2,10KS0341MA120121 ,KV ,872 ,MS ,0341 ,Geography ,  ,  ,2,1,1,0,0,0,0,0,0,0,0,2,0,0,0,0,2,10KS0341MS120121 ,KV ,872 ,PHD ,0341 ,Geography ,  ,  ,33,20,13,0,15,1,3,1,0,0,1,12,0,3,1,6,27,10KS0341PHD120121 ,KV ,927 ,BALAS ,0412 ,Germanic Lang & Lit ,  ,  ,7,3,4,0,5,0,0,1,0,0,1,0,0,0,0,7,0,10KV0412BALA120121 ,KV ,927 ,BALAS ,0412 ,Germanic Lang & Lit ,  ,  ,1,1,0,0,1,0,0,0,0,0,0,0,0,0,0,1,0,10KV8037BALA120121 ,KV ,927 ,BALAS ,0412 ,Germanic Lang & Lit ,3887 ,German and Commercial Studies ,1,0,1,0,1,0,0,0,0,0,0,0,0,0,0,1,0,10KV3887BALA120121 ,KV ,927 ,BALAS ,0412 ,Germanic Lang & Lit ,3888 ,Language and Literature ,2,0,2,0,1,1,0,0,0,0,0,0,0,0,0,2,0,10KV3888BALA120121 ,KV ,927 ,BALAS ,0412 ,Germanic Lang & Lit ,3888 ,Language and Literature ,2,0,2,0,1,0,0,0,0,0,1,0,0,0,0,2,0,10KV8037BALA120121 ,KV ,927 ,BALAS ,0412 ,Germanic Lang & Lit ,3889 ,Language Studies ,1,0,1,0,1,0,0,0,0,0,0,0,0,0,0,1,0,10KV3889BALA120121 ,KV ,927 ,BALAS ,0412 ,Germanic Lang & Lit ,3889 ,Language Studies ,1,1,0,0,1,0,0,0,0,0,0,0,0,0,0,1,0,10KV8037BALA120121 ,KV ,927 ,BALAS ,0412 ,Germanic Lang & Lit ,3890 ,Modern German Studies ,1,0,1,0,1,0,0,0,0,0,0,0,0,0,0,1,0,10KV3890BALA120121 ,KV ,927 ,MA ,0303 ,German ,  ,  ,5,2,3,0,4,0,0,0,0,0,1,0,0,0,0,3,2,10KS0303MA120121 ,KV ,927 ,NDEG ,0303 ,German ,  ,  ,2,1,1,0,0,0,0,0,0,0,0,2,0,0,0,0,2,10KS0303NDEG120121 ,KV ,927 ,PHD ,0303 ,German ,  ,  ,6,3,3,0,3,0,0,0,0,0,0,3,0,0,0,0,6,10KS0303PHD120121 ,KV ,948 ,PHD ,0322 ,Microbiology ,  ,  ,55,19,36,0,28,3,1,5,1,0,0,16,1,1,1,11,44,10KS0322PHD120121 ,KV ,958 ,BALAS ,0411 ,Russian Lang & Literature ,  ,  ,5,2,3,0,4,0,0,0,0,0,0,1,0,0,0,4,1,10KV0411BALA120121 ,KV ,958 ,MA ,0302 ,Slavic Languages & Literature ,  ,  ,3,1,2,0,2,0,0,1,0,0,0,0,0,0,0,1,2,10KS0302MA120121 ,KV ,958 ,PHD ,0302 ,Slavic Languages & Literature ,  ,  ,10,1,9,0,1,1,0,0,0,0,0,6,2,0,0,0,10,10KS0302PHD120121 ,KV ,982 ,BALAS ,5167 ,Latina/Latino Studies ,  ,  ,6,2,4,0,0,0,0,6,0,0,0,0,0,0,0,6,0,10KV5167BALA120121 ,KV ,985 ,BA ,0295 ,Teaching of French ,  ,  ,2,0,2,0,2,0,0,0,0,0,0,0,0,0,0,2,0,10KV0295BA120121 ,KV ,985 ,BALAS ,0304 ,French ,  ,  ,29,6,23,0,23,2,1,2,0,0,1,0,0,1,1,28,1,10KV0304BALA120121 ,KV ,985 ,BALAS ,0304 ,French ,  ,  ,1,0,1,0,0,0,0,0,0,0,0,1,0,0,0,0,1,10KV8037BALA120121 ,KV ,985 ,BALAS ,0304 ,French ,3875 ,French Commercial Studies ,6,4,2,0,6,0,0,0,0,0,0,0,0,0,0,6,0,10KV3875BALA120121 ,KV ,985 ,BALAS ,0304 ,French ,3875 ,French Commercial Studies ,1,0,1,0,1,0,0,0,0,0,0,0,0,0,0,1,0,10KV8037BALA120121 ,KV ,985 ,BALAS ,0304 ,French ,3876 ,French Studies ,12,5,7,0,8,0,0,2,0,0,2,0,0,1,1,12,0,10KV3876BALA120121 ,KV ,985 ,MA ,0304 ,French ,  ,  ,6,1,5,0,5,0,1,0,0,0,0,0,0,1,0,3,3,10KS0304MA120121 ,KV ,985 ,NDEG ,0304 ,French ,  ,  ,1,0,1,0,0,0,0,0,0,0,0,1,0,0,0,0,1,10KS0304NDEG120121 ,KV ,985 ,PHD ,0304 ,French ,  ,  ,20,8,12,0,14,0,2,0,0,0,0,4,0,2,0,4,16,10KS0304PHD120121 ,KV ,  ,  ,  ,Liberal Arts & Sci ,  ,***College total*** ,13437,6685,6744,8,7313,1749,826,937,19,24,267,2196,106,942,96,9725,3712,  ,,,,,,,,,,,,,,,,,,,,,,,,, ,,,,,,,,,,,,,,,,,,,,,,,,,120121 ,KW ,  ,  ,  ,General Studies ,  ,  ,  ,  ,  ,  ,  ,  ,  ,  ,  ,  ,  ,  ,  ,  ,  ,  ,  , 120121 ,KW ,605 ,NONE ,5083 ,Undeclared ,  ,  ,2415,1374,1041,0,1378,332,164,247,2,5,50,229,8,189,14,2082,333,10KW5083NONE120121 ,KW ,  ,  ,  ,General Studies ,  ,***College total*** ,2415,1374,1041,0,1378,332,164,247,2,5,50,229,8,189,14,2082,333,  ,,,,,,,,,,,,,,,,,,,,,,,,, ,,,,,,,,,,,,,,,,,,,,,,,,,120121 ,KY ,  ,  ,  ,Applied Health Sci ,  ,  ,  ,  ,  ,  ,  ,  ,  ,  ,  ,  ,  ,  ,  ,  ,  ,  ,  , 120121 ,KY ,294 ,BS ,5204 ,Health ,  ,  ,20,7,13,0,12,3,2,2,0,0,0,0,1,2,0,19,1,10KY5204BS120121 ,KY ,294 ,BS ,5204 ,Health ,5219 ,Health and Aging ,20,2,18,0,10,1,4,3,0,0,1,0,1,4,0,20,0,10KY5204BS120121 ,KY ,294 ,BS ,5204 ,Health ,5220 ,Health Behavior Change ,56,17,39,0,39,9,3,2,0,0,3,0,0,6,0,53,3,10KY5204BS120121 ,KY ,294 ,BS ,5204 ,Health ,5221 ,Health Diversity ,49,7,42,0,32,7,4,3,0,0,2,0,1,4,1,49,0,10KY5204BS120121 ,KY ,581 ,BS ,0349 ,Community Health ,  ,  ,71,25,46,0,35,8,14,10,0,0,2,2,0,15,0,62,9,10KY0349BS120121 ,KY ,581 ,BS ,0349 ,Community Health ,0473 ,Health Education ,179,30,149,0,76,33,42,22,1,0,4,0,1,43,2,175,4,10KY0473BS120121 ,KY ,581 ,BS ,0349 ,Community Health ,0474 ,Health Planning & Admin ,289,82,207,0,130,59,53,36,1,1,8,1,0,56,3,286,3,10KY0474BS120121 ,KY ,581 ,BS ,0349 ,Community Health ,0495 ,Rehab & Disability Studies ,116,35,81,0,69,8,15,20,0,0,3,0,1,17,1,113,3,10KY0495BS120121 ,KY ,581 ,BS ,0351 ,Kinesiology ,  ,  ,570,223,347,0,417,52,29,46,2,3,11,8,2,31,4,536,34,10KY0351BS120121 ,KY ,581 ,BS ,0351 ,Kinesiology ,4049 ,Teacher Education K-12 ,25,17,8,0,22,0,0,2,0,0,0,0,1,0,0,25,0,10KY4049BS120121 ,KY ,581 ,BS ,5185 ,Athletic Training ,  ,  ,17,5,12,0,13,1,0,2,0,0,1,0,0,0,1,17,0,10KY5185BS120121 ,KY ,581 ,MPH ,1630 ,Public Health ,  ,  ,30,10,20,0,13,11,2,2,0,0,0,2,0,2,0,23,7,10KS1630MPH120121 ,KY ,581 ,MS ,0349 ,Community Health ,  ,  ,9,4,5,0,4,1,2,1,0,0,0,1,0,2,0,8,1,10KS0349MS120121 ,KY ,581 ,MS ,0350 ,Rehabilitation ,  ,  ,10,3,7,0,8,0,1,0,0,0,1,0,0,2,0,8,2,10KS0350MS120121 ,KY ,581 ,MS ,0351 ,Kinesiology ,  ,  ,15,7,8,0,9,0,0,0,0,0,0,6,0,0,0,6,9,10KS0351MS120121 ,KY ,581 ,MSPH ,0349 ,Community Health ,  ,  ,1,1,0,0,0,0,1,0,0,0,0,0,0,1,0,1,0,10KS0349MSPH120121 ,KY ,581 ,PHD ,0349 ,Community Health ,  ,  ,26,7,19,0,9,2,6,1,0,0,1,6,1,7,1,17,9,10KS0349PHD120121 ,KY ,581 ,PHD ,0351 ,Kinesiology ,  ,  ,46,25,21,0,24,1,4,0,0,0,0,16,1,4,0,17,29,10KS0351PHD120121 ,KY ,679 ,AUD ,1053 ,Audiology ,  ,  ,18,5,13,0,16,0,1,0,0,0,1,0,0,2,0,16,2,10KS1053AUD120121 ,KY ,679 ,BS ,0354 ,Speech & Hearing Science ,  ,  ,65,1,64,0,58,3,0,3,0,0,0,1,0,0,0,60,5,10KY0354BS120121 ,KY ,679 ,BS ,0354 ,Speech & Hearing Science ,4066 ,Human Communication Science ,3,0,3,0,3,0,0,0,0,0,0,0,0,0,0,3,0,10KY4066BS120121 ,KY ,679 ,BS ,0354 ,Speech & Hearing Science ,4067 ,Audiology ,17,1,16,0,14,2,0,1,0,0,0,0,0,0,0,17,0,10KY4067BS120121 ,KY ,679 ,BS ,0354 ,Speech & Hearing Science ,4068 ,Speech-Language Pathology ,222,10,212,0,190,9,0,15,0,1,3,4,0,1,1,216,6,10KY4068BS120121 ,KY ,679 ,MA ,0354 ,Speech & Hearing Science ,  ,  ,52,2,50,0,49,2,0,0,0,0,1,0,0,0,1,47,5,10KS0354MA120121 ,KY ,679 ,PHD ,0354 ,Speech & Hearing Science ,  ,  ,6,1,5,0,4,0,0,0,0,0,0,2,0,0,0,2,4,10KS0354PHD120121 ,KY ,682 ,NDEG ,0067 ,Nondegree ,  ,  ,11,6,5,0,9,0,0,0,0,0,0,2,0,0,0,9,2,10KY0067NDEG120121 ,KY ,714 ,BS ,4043 ,"Recreation, Sport, and Tourism ",  ,  ,32,19,13,0,25,0,3,2,0,1,0,1,0,3,0,31,1,10KY4043BS120121 ,KY ,714 ,BS ,4043 ,"Recreation, Sport, and Tourism ",4044 ,Recreation Management ,35,11,24,0,27,1,3,3,0,0,1,0,0,4,0,31,4,10KY4044BS120121 ,KY ,714 ,BS ,4043 ,"Recreation, Sport, and Tourism ",4045 ,Tourism Management ,46,9,37,0,37,2,3,3,0,0,0,1,0,3,0,42,4,10KY4045BS120121 ,KY ,714 ,BS ,4043 ,"Recreation, Sport, and Tourism ",4046 ,Sports Management ,86,70,16,0,63,2,13,5,1,0,1,1,0,13,1,72,14,10KY4046BS120121 ,KY ,714 ,BS ,4043 ,"Recreation, Sport, and Tourism ",5266 ,Sport Management ,134,109,25,0,92,4,11,13,1,0,1,11,1,12,1,114,20,10KY5266BS120121 ,KY ,714 ,MS ,4043 ,"Recreation, Sport, and Tourism ",  ,  ,18,9,9,0,12,0,1,1,0,0,1,3,0,1,0,14,4,10KS4043MS120121 ,KY ,714 ,PHD ,4043 ,"Recreation, Sport, and Tourism ",  ,  ,28,15,13,0,11,1,2,3,0,0,0,11,0,2,0,11,17,10KS4043PHD120121 ,KY ,  ,  ,  ,Applied Health Sci ,  ,***College total*** ,2322,775,1547,0,1532,222,219,201,6,6,46,79,11,237,17,2120,202,  ,,,,,,,,,,,,,,,,,,,,,,,,, ,,,,,,,,,,,,,,,,,,,,,,,,,120121 ,LC ,  ,  ,  ,Veterinary Medicine ,  ,  ,  ,  ,  ,  ,  ,  ,  ,  ,  ,  ,  ,  ,  ,  ,  ,  ,  , 120121 ,LC ,282 ,MS ,0361 ,VMS - Veterinary Pathobiology ,  ,  ,2,0,2,0,1,1,0,0,0,0,0,0,0,0,0,2,0,10KS0361MS120121 ,LC ,282 ,MS ,5216 ,VMS - Pathobiology ,  ,  ,6,2,4,0,6,0,0,0,0,0,0,0,0,0,0,1,5,10KS5216MS120121 ,LC ,282 ,PHD ,0361 ,VMS - Veterinary Pathobiology ,  ,  ,9,7,2,0,4,1,0,1,0,0,0,3,0,0,0,3,6,10KS0361PHD120121 ,LC ,282 ,PHD ,5216 ,VMS - Pathobiology ,  ,  ,4,2,2,0,2,0,0,0,0,0,0,2,0,0,0,1,3,10KS5216PHD120121 ,LC ,444 ,DVM ,0480 ,Veterinary Medicine ,  ,  ,486,97,388,1,380,14,6,23,1,0,6,1,55,9,2,385,101,10LC0480DVM120121 ,LC ,444 ,DVM ,0480 ,Veterinary Medicine ,0481 ,Vet Biosciences Res Scholars ,1,0,1,0,0,1,0,0,0,0,0,0,0,0,0,1,0,10LC0481DVM120121 ,LC ,444 ,DVM ,0480 ,Veterinary Medicine ,0483 ,Vet Pathobiology Res Scholars ,1,0,1,0,1,0,0,0,0,0,0,0,0,0,0,1,0,10LC0483DVM120121 ,LC ,598 ,MS ,0359 ,VMS-Veterinary Clinical Medcne ,  ,  ,23,5,18,0,18,1,1,2,0,0,0,1,0,1,0,6,17,10KS0359MS120121 ,LC ,598 ,PHD ,0359 ,VMS-Veterinary Clinical Medcne ,  ,  ,4,1,3,0,2,1,0,0,0,0,0,1,0,0,0,1,3,10KS0359PHD120121 ,LC ,873 ,MS ,5274 ,VMS - Comparative Biosciences ,  ,  ,3,1,2,0,2,1,0,0,0,0,0,0,0,0,0,3,0,10KS5274MS120121 ,LC ,873 ,PHD ,5274 ,VMS - Comparative Biosciences ,  ,  ,10,4,6,0,4,0,0,1,0,0,0,4,1,0,0,4,6,10KS5274PHD120121 ,LC ,  ,  ,  ,Veterinary Medicine ,  ,***College total*** ,549,119,429,1,420,20,7,27,1,0,6,12,56,10,2,408,141,  ,,,,,,,,,,,,,,,,,,,,,,,,, ,,,,,,,,,,,,,,,,,,,,,,,,,120121 ,LE ,  ,  ,  ,Institute of Aviation ,  ,  ,  ,  ,  ,  ,  ,  ,  ,  ,  ,  ,  ,  ,  ,  ,  ,  ,  , 120121 ,LE ,707 ,AVIPC ,0487 ,Professional Pilot ,  ,  ,19,17,2,0,17,1,0,1,0,0,0,0,0,0,0,18,1,10LE0487AVIP120121 ,LE ,707 ,BS ,0489 ,Aviation Human Factors ,  ,  ,67,61,6,0,53,6,2,4,0,0,0,2,0,2,0,60,7,10LE0489BS120121 ,LE ,707 ,NDEG ,0067 ,Nondegree ,  ,  ,1,0,1,0,0,0,0,0,0,0,0,0,1,0,0,0,1,10LE0067NDEG120121 ,LE ,  ,  ,  ,Institute of Aviation ,  ,***College total*** ,87,78,9,0,70,7,2,5,0,0,0,2,1,2,0,78,9,  ,,,,,,,,,,,,,,,,,,,,,,,,, ,,,,,,,,,,,,,,,,,,,,,,,,,120121 ,LG ,  ,  ,  ,Labor & Empl. Rel. ,  ,  ,  ,  ,  ,  ,  ,  ,  ,  ,  ,  ,  ,  ,  ,  ,  ,  ,  , 120121 ,LG ,568 ,MHRIR ,0364 ,Human Res & Industrial Rels ,  ,  ,148,41,107,0,69,13,13,6,0,0,2,44,1,13,1,85,63,10KS0364MHRI120121 ,LG ,568 ,PHD ,0364 ,Human Res & Industrial Rels ,  ,  ,12,5,7,0,2,0,1,0,0,0,0,9,0,1,0,4,8,10KS0364PHD120121 ,LG ,  ,  ,  ,Labor & Empl. Rel. ,  ,***College total*** ,160,46,114,0,71,13,14,6,0,0,2,53,1,14,1,89,71,  ,,,,,,,,,,,,,,,,,,,,,,,,, ,,,,,,,,,,,,,,,,,,,,,,,,,120121 ,LL ,  ,  ,  ,School of Social Work ,  ,  ,  ,  ,  ,  ,  ,  ,  ,  ,  ,  ,  ,  ,  ,  ,  ,  ,  , 120121 ,LL ,783 ,BSW ,0365 ,Social Work ,  ,  ,116,12,104,0,73,6,18,13,0,0,4,0,2,19,2,114,2,10LL0365BSW120121 ,LL ,783 ,MSW ,0365 ,Social Work ,  ,  ,18,4,14,0,11,1,3,1,0,0,0,2,0,3,0,15,3,10KS0365MSW120121 ,LL ,783 ,MSW ,0365 ,Social Work ,5077 ,Health Care ,15,0,15,0,11,0,3,1,0,0,0,0,0,4,0,13,2,10KS0365MSW120121 ,LL ,783 ,MSW ,0365 ,Social Work ,5078 ,Mental Health ,60,13,47,0,47,1,5,6,0,0,1,0,0,7,0,56,4,10KS0365MSW120121 ,LL ,783 ,MSW ,0365 ,Social Work ,5079 ,School Social Work ,55,4,51,0,39,3,8,3,0,0,2,0,0,8,1,52,3,10KS0365MSW120121 ,LL ,783 ,MSW ,0365 ,Social Work ,5079 ,School Social Work ,1,0,1,0,1,0,0,0,0,0,0,0,0,0,0,1,0,10KS0365MSWX120121 ,LL ,783 ,MSW ,0365 ,Social Work ,5217 ,"Advocacy, Ldrshp, Socl Change ",13,1,12,0,5,1,5,1,0,0,1,0,0,5,1,11,2,10KS0365MSW120121 ,LL ,783 ,MSW ,0365 ,Social Work ,5218 ,"Children, Youth, Family Svcs ",25,5,20,0,19,1,4,1,0,0,0,0,0,4,0,23,2,10KS0365MSW120121 ,LL ,783 ,PHD ,0365 ,Social Work ,  ,  ,21,4,17,0,6,1,0,0,0,0,1,13,0,0,0,6,15,10KS0365PHD120121 ,LL ,  ,  ,  ,School of Social Work ,  ,***College total*** ,324,43,281,0,212,14,46,26,0,0,9,15,2,50,4,291,33,  ,,,,,,,,,,,,,,,,,,,,,,,,, ,,,,,,,,,,,,,,,,,,,,,,,,,120121 ,LM ,  ,  ,  ,Provost Academic Programs ,  ,  ,  ,  ,  ,  ,  ,  ,  ,  ,  ,  ,  ,  ,  ,  ,  ,  ,  , 120121 ,LM ,468 ,PHD ,5094 ,Informatics ,  ,  ,2,2,0,0,1,0,0,0,0,0,1,0,0,0,0,1,1,10KS5094PHD120121 ,LM ,  ,  ,  ,Provost Academic Programs ,  ,***College total*** ,2,2,0,0,1,0,0,0,0,0,1,0,0,0,0,1,1,  ,,,,,,,,,,,,,,,,,,,,,,,,, ,,,,,,,,,,,,,,,,,,,,,,,,,120121 ,LN ,  ,  ,  ,Online & Continuing Education ,  ,  ,  ,  ,  ,  ,  ,  ,  ,  ,  ,  ,  ,  ,  ,  ,  ,  ,  , 120121 ,LN ,641 ,NDEG ,1249 ,Nondegree-CE ,  ,  ,88,25,63,0,63,6,10,3,1,0,0,0,5,10,1,4,84,10LN1249NDEJ120121 ,LN ,641 ,NDEG ,1249 ,Nondegree-CE ,  ,  ,2,1,1,0,2,0,0,0,0,0,0,0,0,0,0,1,1,10LN1249NDEX120121 ,LN ,  ,  ,  ,Online & Continuing Education ,  ,***College total*** ,90,26,64,0,65,6,10,3,1,0,0,0,5,10,1,5,85,  ,,,,,,,,,,,,,,,,,,,,,,,,, ,,,,,,,,,,,,,,,,,,,,,,,,,120121 ,LP ,  ,  ,  ,Library & Info Sci ,  ,  ,  ,  ,  ,  ,  ,  ,  ,  ,  ,  ,  ,  ,  ,  ,  ,  ,  , 120121 ,LP ,992 ,CAS ,0370 ,Library & Information Science ,  ,  ,15,3,12,0,10,1,1,1,0,0,0,2,0,1,0,12,3,10KS0370CAS120121 ,LP ,992 ,MS ,0370 ,Library & Information Science ,  ,  ,249,68,181,0,194,11,13,11,1,0,6,11,2,13,4,146,103,10KS0370MS120121 ,LP ,992 ,MS ,0370 ,Library & Information Science ,  ,  ,7,0,7,0,6,0,1,0,0,0,0,0,0,1,0,7,0,10KS0370MSU120121 ,LP ,992 ,MS ,4026 ,Bioinformatics ,5098 ,Library & Information Science ,3,3,0,0,3,0,0,0,0,0,0,0,0,0,0,3,0,10KS5098MS120121 ,LP ,992 ,PHD ,0370 ,Library & Information Science ,  ,  ,46,16,30,0,23,5,4,2,0,0,0,12,0,4,1,19,27,10KS0370PHD120121 ,LP ,  ,  ,  ,Library & Info Sci ,  ,***College total*** ,320,90,230,0,236,17,19,14,1,0,6,25,2,19,5,187,133,  ,,,,,,,,,,,,,,,,,,,,,,,,, ,,,,,,,,,,,,,,,,,,,,,,,,,120121 ,NB ,  ,  ,  ,Provost & VC Acad Affairs ,  ,  ,  ,  ,  ,  ,  ,  ,  ,  ,  ,  ,  ,  ,  ,  ,  ,  ,  , 120121 ,NB ,593 ,NDEG ,0493 ,Visitor Status ,  ,  ,1,0,1,0,1,0,0,0,0,0,0,0,0,0,0,0,1,10NB0493NDEG120121 ,NB ,  ,  ,  ,Provost & VC Acad Affairs ,  ,***College total*** ,1,0,1,0,1,0,0,0,0,0,0,0,0,0,0,0,1,  ,,,,,,,,,,,,,,,,,,,,,,,,, ,,,,,,,,,,,,,,,,,,,,,,,,,