"UIUC On-Campus Student Enrollment by Curriculum, Sex, Race/Ethnicity, and Residency",,,,,,,,,,,,,,,,,,,,,SUMMER 2007,,,,,,,,"PUBLICATION DATE:  December 9, 2009",,,,,,,,,,,,,Division of Management Information,,,,,,*** This report is derived from the Registration Census 10-day student statistics.  Any Codebook changes made after ,,,,,,,,,,,,,,,,,,,,,the tenth day of class will not be reflected.  Students obtaining a second bachelor's degree are no longer counted separately.,,,,,,,,,,,,,,,Term/Year Code,Coll,Dept,Degree,Major code,Major Name,Conc code,Concentration Name (if any),Total,By Gender,,,By Self-reported Race/Ethnicity,,,,,,,By Residency,,Academic Program Code,,,,,,,,,Men,Women,Unknown,Caucasian,Asian American,African American,Hispanic,Native American,International,Unknown,Illinois,Non-Illinois,,,,,,,,,,,,,,,,,,,,,,120075 , , , , ,***Campus total*** , , ,9655,5251,4393,11,5030,981,811,556,31,2001,245,5917,3738,120075 , , , , ,Undergraduate , , ,5098,2744,2346,8,2912,703,607,387,18,367,104,4367,731,120075 , , , , ,Graduate , , ,4389,2444,1942,3,2017,265,195,157,13,1626,116,1417,2972,120075 , , , , ,Professional , , ,168,63,105,0,101,13,9,12,0,8,25,133,35,,,,,,,,,,,,,,,,,,,,,,120075 ,KL ,  ,  ,  ,"Agr, Cons, Env Sci ",  ,  ,  ,  ,  ,  ,  ,  ,  ,  ,  ,  ,  ,  ,  , 120075 ,KL ,470 ,BS ,0009 ,"Agribusiness, Farm & Financial ",0010 ,Agri-Accounting ,9,6,3,0,9,0,0,0,0,0,0,9,0,10KL0010BS120075 ,KL ,470 ,BS ,0009 ,"Agribusiness, Farm & Financial ",0011 ,Agri-Finance ,14,9,5,0,8,0,3,3,0,0,0,14,0,10KL0011BS120075 ,KL ,470 ,BS ,0009 ,"Agribusiness, Farm & Financial ",0012 ,Farm Management ,2,2,0,0,2,0,0,0,0,0,0,2,0,10KL0012BS120075 ,KL ,470 ,BS ,0009 ,"Agribusiness, Farm & Financial ",0013 ,Agribusiness Markets & Mgmt ,6,4,2,0,5,0,0,1,0,0,0,6,0,10KL0013BS120075 ,KL ,470 ,BS ,0014 ,Consumer and Textile Marketing ,  ,  ,2,1,1,0,1,0,1,0,0,0,0,2,0,10KL0014BS120075 ,KL ,470 ,BS ,0017 ,"Intl, Resource, Consumer Econ ",0018 ,Consumer Economics & Finance ,10,6,4,0,5,2,1,2,0,0,0,10,0,10KL0018BS120075 ,KL ,470 ,BS ,0017 ,"Intl, Resource, Consumer Econ ",0019 ,Env & Natural Resource Mgmt ,1,1,0,0,1,0,0,0,0,0,0,1,0,10KL0019BS120075 ,KL ,470 ,BS ,0017 ,"Intl, Resource, Consumer Econ ",0021 ,"Policy, Intl Trade, & Dvlpmt ",5,3,2,0,3,2,0,0,0,0,0,5,0,10KL0021BS120075 ,KL ,470 ,BS ,0176 ,Agr & Consumer Economics ,5003 ,Agri-Accounting ,8,4,4,0,5,1,1,0,0,1,0,8,0,10KL5003BS120075 ,KL ,470 ,BS ,0176 ,Agr & Consumer Economics ,5004 ,Agri-Finance ,15,10,5,0,11,2,2,0,0,0,0,14,1,10KL5004BS120075 ,KL ,470 ,BS ,0176 ,Agr & Consumer Economics ,5005 ,Farm Management ,1,1,0,0,1,0,0,0,0,0,0,1,0,10KL5005BS120075 ,KL ,470 ,BS ,0176 ,Agr & Consumer Economics ,5006 ,Agribusiness Markets & Mgmt ,8,5,3,0,5,0,2,0,0,0,1,8,0,10KL5006BS120075 ,KL ,470 ,BS ,0176 ,Agr & Consumer Economics ,5007 ,Consumer Economics & Finance ,16,10,6,0,10,4,1,0,0,0,1,15,1,10KL5007BS120075 ,KL ,470 ,BS ,0176 ,Agr & Consumer Economics ,5008 ,Envirnmntal Economics & Policy ,1,1,0,0,0,0,0,1,0,0,0,1,0,10KL5008BS120075 ,KL ,470 ,BS ,0176 ,Agr & Consumer Economics ,5010 ,"Policy, Intl Trade, & Dvlpmt ",6,3,3,0,4,0,0,1,0,1,0,5,1,10KL5010BS120075 ,KL ,470 ,BS ,0176 ,Agr & Consumer Economics ,5011 ,Public Policy and Law ,1,1,0,0,1,0,0,0,0,0,0,1,0,10KL5011BS120075 ,KL ,470 ,MS ,0176 ,Agr & Consumer Economics ,  ,  ,5,3,2,0,3,0,1,0,0,1,0,2,3,10KS0176MS120075 ,KL ,470 ,PHD ,0176 ,Agr & Consumer Economics ,  ,  ,13,7,6,0,5,1,0,0,0,7,0,0,13,10KS0176PHD120075 ,KL ,538 ,BS ,0002 ,Animal Sciences ,0005 ,Animal Business Mgt and Ind ,3,2,1,0,3,0,0,0,0,0,0,3,0,10KL0005BS120075 ,KL ,538 ,BS ,0002 ,Animal Sciences ,0006 ,"Companion,Rec,Lab An Sci ",11,3,8,0,7,2,1,1,0,0,0,11,0,10KL0006BS120075 ,KL ,538 ,BS ,0002 ,Animal Sciences ,0007 ,Food Animal Science ,5,1,4,0,5,0,0,0,0,0,0,5,0,10KL0007BS120075 ,KL ,538 ,BS ,0002 ,Animal Sciences ,0008 ,"Science, Biotech & Pre-VetMed ",43,16,27,0,30,4,2,5,0,1,1,42,1,10KL0008BS120075 ,KL ,538 ,MS ,0002 ,Animal Sciences ,  ,  ,44,17,27,0,31,2,0,1,0,10,0,26,18,10KS0002MS120075 ,KL ,538 ,PHD ,0002 ,Animal Sciences ,  ,  ,44,24,20,0,23,3,0,1,0,17,0,16,28,10KS0002PHD120075 ,KL ,698 ,BS ,0037 ,Food Science & Human Nutrition ,0038 ,Food Science ,13,4,9,0,4,3,3,0,0,3,0,9,4,10KL0038BS120075 ,KL ,698 ,BS ,0037 ,Food Science & Human Nutrition ,0039 ,Food Industry and Business ,7,4,3,0,5,2,0,0,0,0,0,6,1,10KL0039BS120075 ,KL ,698 ,BS ,0037 ,Food Science & Human Nutrition ,0040 ,Human Nutrition ,14,5,9,0,9,1,4,0,0,0,0,14,0,10KL0040BS120075 ,KL ,698 ,BS ,0037 ,Food Science & Human Nutrition ,0041 ,Dietetics ,14,0,14,0,12,2,0,0,0,0,0,14,0,10KL0041BS120075 ,KL ,698 ,BS ,0037 ,Food Science & Human Nutrition ,0042 ,Hospitality Management ,37,12,25,0,28,4,0,3,0,2,0,34,3,10KL0042BS120075 ,KL ,698 ,MS ,0037 ,Food Science & Human Nutrition ,  ,  ,10,1,9,0,5,0,0,0,0,5,0,4,6,10KS0037MS120075 ,KL ,698 ,PHD ,0037 ,Food Science & Human Nutrition ,  ,  ,11,3,8,0,3,0,0,0,0,8,0,0,11,10KS0037PHD120075 ,KL ,741 ,BS ,0025 ,Technical Systems Management ,  ,  ,12,11,1,0,4,0,6,2,0,0,0,12,0,10KL0025BS120075 ,KL ,741 ,BSAG ,0029 ,Agr Engineering & Agr Science ,  ,  ,4,3,1,0,3,0,1,0,0,0,0,4,0,10KL0029BSAG120075 ,KL ,793 ,BS ,0043 ,Agr & Environmental Cmc & Educ ,0044 ,Agricultural Communications ,2,0,2,0,1,0,1,0,0,0,0,2,0,10KL0044BS120075 ,KL ,793 ,BS ,0043 ,Agr & Environmental Cmc & Educ ,0045 ,Environ Educ & Communications ,1,0,1,0,1,0,0,0,0,0,0,1,0,10KL0045BS120075 ,KL ,793 ,BS ,0043 ,Agr & Environmental Cmc & Educ ,0047 ,Agricultural Education ,2,1,1,0,2,0,0,0,0,0,0,2,0,10KL0047BS120075 ,KL ,793 ,BS ,0043 ,Agr & Environmental Cmc & Educ ,5033 ,"Agr, Cons, Env Sci Communictn ",2,1,1,0,1,0,0,1,0,0,0,2,0,10KL5033BS120075 ,KL ,793 ,BS ,0048 ,Human Development & Family St ,0049 ,Child and Adolescent Dev ,10,1,9,0,7,1,2,0,0,0,0,9,1,10KL0049BS120075 ,KL ,793 ,BS ,0048 ,Human Development & Family St ,0050 ,Family Studies ,6,1,5,0,4,0,2,0,0,0,0,6,0,10KL0050BS120075 ,KL ,793 ,MS ,0181 ,Agricultural Education ,  ,  ,1,0,1,0,1,0,0,0,0,0,0,0,1,10KS0181MS120075 ,KL ,793 ,NDEG ,0183 ,Human & Community Development ,  ,  ,1,0,1,0,0,0,0,1,0,0,0,1,0,10KS0183NDEG120075 ,KL ,793 ,PHD ,0183 ,Human & Community Development ,  ,  ,14,3,11,0,5,0,3,1,0,5,0,2,12,10KS0183PHD120075 ,KL ,802 ,BS ,0030 ,Crop Sciences ,0031 ,Agroecology ,2,1,1,0,2,0,0,0,0,0,0,2,0,10KL0031BS120075 ,KL ,802 ,BS ,0030 ,Crop Sciences ,0035 ,Plant Biotech & Molecular Bio ,7,4,3,0,5,0,0,1,0,1,0,5,2,10KL0035BS120075 ,KL ,802 ,BS ,0030 ,Crop Sciences ,0036 ,Biological Sciences ,1,0,1,0,0,0,1,0,0,0,0,1,0,10KL0036BS120075 ,KL ,802 ,MS ,0030 ,Crop Sciences ,  ,  ,20,8,12,0,12,3,1,0,0,4,0,12,8,10KS0030MS120075 ,KL ,802 ,PHD ,0030 ,Crop Sciences ,  ,  ,20,10,10,0,6,2,0,1,0,11,0,1,19,10KS0030PHD120075 ,KL ,875 ,BS ,0051 ,Natural Resrcs & Environ Sci ,0057 ,Fish and Wildlife Conservation ,7,6,1,0,5,0,0,1,0,0,1,7,0,10KL0057BS120075 ,KL ,875 ,BS ,0051 ,Natural Resrcs & Environ Sci ,3870 ,Forest Science ,4,2,2,0,4,0,0,0,0,0,0,3,1,10KL3870BS120075 ,KL ,875 ,BS ,0051 ,Natural Resrcs & Environ Sci ,3871 ,Human Dimensions ,6,2,4,0,6,0,0,0,0,0,0,6,0,10KL3871BS120075 ,KL ,875 ,BS ,0051 ,Natural Resrcs & Environ Sci ,3872 ,Resource Ecology ,3,2,1,0,2,0,0,1,0,0,0,3,0,10KL3872BS120075 ,KL ,875 ,BS ,0063 ,Horticulture ,0065 ,Production and Management ,3,1,2,0,3,0,0,0,0,0,0,3,0,10KL0065BS120075 ,KL ,875 ,MS ,0190 ,Natural Res & Env Sciences ,  ,  ,25,9,16,0,20,1,0,0,0,4,0,13,12,10KS0190MS120075 ,KL ,875 ,PHD ,0190 ,Natural Res & Env Sciences ,  ,  ,12,7,5,0,5,2,0,0,0,5,0,6,6,10KS0190PHD120075 ,KL ,971 ,MS ,0191 ,Nutritional Sciences ,  ,  ,20,2,18,0,14,2,1,3,0,0,0,11,9,10KS0191MS120075 ,KL ,971 ,PHD ,0191 ,Nutritional Sciences ,  ,  ,29,9,20,0,15,4,2,2,0,6,0,9,20,10KS0191PHD120075 ,KL ,  ,  ,  ,"Agr, Cons, Env Sci ",  ,***College total*** ,593,253,340,0,372,50,42,33,0,92,4,411,182,  ,,,,,,,,,,,,,,,,,,,,, ,,,,,,,,,,,,,,,,,,,,,120075 ,KM ,  ,  ,  ,Business ,  ,  ,  ,  ,  ,  ,  ,  ,  ,  ,  ,  ,  ,  ,  , 120075 ,KM ,230 ,MBA ,9875 ,Business Administration (MBA) ,  ,  ,18,13,5,0,2,0,1,0,0,15,0,2,16,10KS9875MBA120075 ,KM ,230 ,MBA ,9875 ,Business Administration (MBA) ,4064 ,MBA ,65,50,15,0,43,8,4,1,0,6,3,65,0,10KS4064MBA120075 ,KM ,260 ,BS ,0075 ,Finance ,  ,  ,108,79,29,0,68,7,4,11,0,15,3,91,17,10KM0075BS120075 ,KM ,260 ,MS ,0075 ,Finance ,3927 ,International Program ,113,63,50,0,4,8,0,1,0,98,2,6,107,10KS3927MS120075 ,KM ,260 ,NDEG ,0075 ,Finance ,  ,  ,1,1,0,0,0,0,0,0,0,1,0,0,1,10KS0075NDEG120075 ,KM ,260 ,PHD ,0075 ,Finance ,  ,  ,2,2,0,0,2,0,0,0,0,0,0,1,1,10KS0075PHD120075 ,KM ,346 ,BS ,0071 ,Accountancy ,  ,  ,221,122,99,0,114,39,14,14,0,34,6,177,44,10KM0071BS120075 ,KM ,346 ,BS ,0071 ,Accountancy ,0072 ,Accountancy (BS/Master Prg) ,80,43,37,0,52,16,2,1,0,8,1,67,13,10KM0072BS120075 ,KM ,346 ,MAS ,0071 ,Accountancy ,  ,  ,24,9,15,0,11,3,0,0,0,10,0,15,9,10KS0071MAS120075 ,KM ,346 ,MS ,0071 ,Accountancy ,0193 ,Tax ,3,1,2,0,0,0,1,1,0,0,1,2,1,10KS0193MS120075 ,KM ,346 ,MS ,0071 ,Accountancy ,0193 ,Tax ,19,9,7,3,8,2,0,0,0,2,7,13,6,10KS0193MS2120075 ,KM ,346 ,MS ,0071 ,Accountancy ,3928 ,International Program ,75,31,44,0,5,8,0,0,0,55,7,7,68,10KS3928MS120075 ,KM ,346 ,PHD ,0071 ,Accountancy ,  ,  ,7,6,1,0,2,1,0,0,0,4,0,0,7,10KS0071PHD120075 ,KM ,902 ,BS ,0079 ,Business Administration ,0080 ,Marketing ,52,18,34,0,27,9,4,7,0,4,1,42,10,10KM0080BS120075 ,KM ,902 ,BS ,0079 ,Business Administration ,0081 ,Organizational Administration ,11,4,7,0,8,1,2,0,0,0,0,11,0,10KM0081BS120075 ,KM ,902 ,BS ,0079 ,Business Administration ,0083 ,Management Science ,2,1,1,0,1,0,0,1,0,0,0,2,0,10KM0083BS120075 ,KM ,902 ,BS ,0079 ,Business Administration ,0085 ,Management Info Systems ,7,6,1,0,5,1,0,0,0,1,0,5,2,10KM0085BS120075 ,KM ,902 ,BS ,0079 ,Business Administration ,0086 ,Entrepreneurship ,16,11,5,0,11,0,2,1,0,2,0,14,2,10KM0086BS120075 ,KM ,902 ,MS ,0079 ,Business Administration ,4063 ,Technology Mangement ,48,41,7,0,4,1,1,0,0,36,6,6,42,10KS4063MS120075 ,KM ,902 ,PHD ,0079 ,Business Administration ,  ,  ,9,4,5,0,1,0,0,0,0,8,0,0,9,10KS0079PHD120075 ,KM ,938 ,MBA ,9875 ,Business Administration (MBA) ,3924 ,Executive Program ,58,49,9,0,28,0,2,0,1,1,26,54,4,10KS3924MBA2120075 ,KM ,952 ,BS ,0074 ,Economics ,  ,  ,1,1,0,0,1,0,0,0,0,0,0,1,0,10KM0074BS120075 ,KM ,952 ,NONE ,0070 ,Curric Unassigned ,  ,  ,65,35,30,0,41,10,4,4,0,5,1,49,16,10KM0070NONE120075 ,KM ,  ,  ,  ,Business ,  ,***College total*** ,1005,599,403,3,438,114,41,42,1,305,64,630,375,  ,,,,,,,,,,,,,,,,,,,,, ,,,,,,,,,,,,,,,,,,,,,120075 ,KN ,  ,  ,  ,Education ,  ,  ,  ,  ,  ,  ,  ,  ,  ,  ,  ,  ,  ,  ,  , 120075 ,KN ,335 ,NDEG ,0067 ,Nondegree ,  ,  ,6,0,6,0,5,0,1,0,0,0,0,6,0,10KN0067NDEG120075 ,KN ,335 ,NONE ,0092 ,Education General ,  ,  ,3,1,2,0,1,1,0,0,1,0,0,2,1,10KN0092NONE120075 ,KN ,335 ,NONE ,4089 ,Pre-Early Chld/Elem Ed/Spec Ed ,  ,  ,3,1,2,0,2,0,0,0,0,0,1,2,1,10KN4089NONE120075 ,KN ,570 ,BS ,0093 ,Special Education ,  ,  ,9,2,7,0,8,0,0,0,0,0,1,9,0,10KN0093BS120075 ,KN ,570 ,CAS ,0093 ,Special Education ,  ,  ,1,1,0,0,1,0,0,0,0,0,0,1,0,10KS0093CAS120075 ,KN ,570 ,EDM ,0093 ,Special Education ,  ,  ,28,2,26,0,22,0,1,1,0,3,1,25,3,10KS0093EDM120075 ,KN ,570 ,MA ,0093 ,Special Education ,  ,  ,3,1,2,0,1,1,0,0,0,1,0,1,2,10KS0093MA120075 ,KN ,570 ,MS ,0093 ,Special Education ,  ,  ,7,1,6,0,7,0,0,0,0,0,0,5,2,10KS0093MS120075 ,KN ,570 ,PHD ,0093 ,Special Education ,  ,  ,14,3,11,0,9,0,2,0,0,3,0,7,7,10KS0093PHD120075 ,KN ,613 ,BS ,0094 ,Early Childhood Education ,3957 ,ECh: Anthropology ,1,0,1,0,1,0,0,0,0,0,0,1,0,10KN3957BS120075 ,KN ,613 ,BS ,0094 ,Early Childhood Education ,3962 ,ECh: Dance ,1,0,1,0,1,0,0,0,0,0,0,1,0,10KN3962BS120075 ,KN ,613 ,BS ,0094 ,Early Childhood Education ,3967 ,ECh: History ,1,0,1,0,1,0,0,0,0,0,0,1,0,10KN3967BS120075 ,KN ,613 ,BS ,0094 ,Early Childhood Education ,3968 ,ECh: Language arts ,2,0,2,0,0,0,1,1,0,0,0,2,0,10KN3968BS120075 ,KN ,613 ,BS ,0094 ,Early Childhood Education ,3975 ,ECh: Psychology ,3,0,2,1,0,1,1,0,0,0,1,3,0,10KN3975BS120075 ,KN ,613 ,BS ,0094 ,Early Childhood Education ,3976 ,ECh: Sociology ,1,0,1,0,1,0,0,0,0,0,0,1,0,10KN3976BS120075 ,KN ,613 ,BS ,0094 ,Early Childhood Education ,4006 ,ECh: French ,1,0,1,0,1,0,0,0,0,0,0,1,0,10KN4006BS120075 ,KN ,613 ,BS ,0094 ,Early Childhood Education ,4014 ,ECh: Spanish ,3,0,3,0,2,0,1,0,0,0,0,3,0,10KN4014BS120075 ,KN ,613 ,BS ,0095 ,Elementary Education ,3936 ,EIEd: Anthropology ,1,0,1,0,1,0,0,0,0,0,0,1,0,10KN3936BS120075 ,KN ,613 ,BS ,0095 ,Elementary Education ,3937 ,EIEd: Art ,2,0,2,0,2,0,0,0,0,0,0,2,0,10KN3937BS120075 ,KN ,613 ,BS ,0095 ,Elementary Education ,3942 ,EIEd: Earth Science ,1,0,1,0,1,0,0,0,0,0,0,1,0,10KN3942BS120075 ,KN ,613 ,BS ,0095 ,Elementary Education ,3946 ,EIEd: History ,4,0,4,0,4,0,0,0,0,0,0,4,0,10KN3946BS120075 ,KN ,613 ,BS ,0095 ,Elementary Education ,3947 ,EIEd: Language Arts ,16,0,16,0,11,3,2,0,0,0,0,16,0,10KN3947BS120075 ,KN ,613 ,BS ,0095 ,Elementary Education ,3949 ,EIEd: Mathematics ,24,3,21,0,18,4,0,2,0,0,0,24,0,10KN3949BS120075 ,KN ,613 ,BS ,0095 ,Elementary Education ,3950 ,EIEd: Music ,1,0,1,0,1,0,0,0,0,0,0,1,0,10KN3950BS120075 ,KN ,613 ,BS ,0095 ,Elementary Education ,3954 ,ElEd: Psychology ,8,1,7,0,7,0,0,1,0,0,0,8,0,10KN3954BS120075 ,KN ,613 ,BS ,0095 ,Elementary Education ,3955 ,ElEd: Sociology ,2,0,2,0,1,1,0,0,0,0,0,2,0,10KN3955BS120075 ,KN ,613 ,BS ,0095 ,Elementary Education ,3996 ,EIEd: French ,1,0,1,0,1,0,0,0,0,0,0,1,0,10KN3996BS120075 ,KN ,613 ,BS ,0095 ,Elementary Education ,4000 ,EIEd: Italian ,1,0,1,0,1,0,0,0,0,0,0,1,0,10KN4000BS120075 ,KN ,613 ,BS ,0095 ,Elementary Education ,4004 ,EIEd: Spanish ,15,0,15,0,10,0,1,4,0,0,0,15,0,10KN4004BS120075 ,KN ,613 ,CAS ,0095 ,Elementary Education ,  ,  ,1,0,1,0,1,0,0,0,0,0,0,1,0,10KS0095CAS120075 ,KN ,613 ,CAS ,0215 ,Secondary & Continuing Educ ,  ,  ,1,0,1,0,1,0,0,0,0,0,0,1,0,10KS0215CAS120075 ,KN ,613 ,EDM ,0095 ,Elementary Education ,  ,  ,26,2,24,0,19,3,1,1,0,1,1,25,1,10KS0095EDM120075 ,KN ,613 ,EDM ,0095 ,Elementary Education ,0211 ,Elementary Ed - Cert ,5,0,5,0,3,2,0,0,0,0,0,5,0,10KS0211EDM120075 ,KN ,613 ,EDM ,0215 ,Secondary & Continuing Educ ,  ,  ,14,2,12,0,12,0,1,0,0,1,0,12,2,10KS0215EDM120075 ,KN ,613 ,EDM ,0215 ,Secondary & Continuing Educ ,0216 ,English Certification ,1,0,1,0,1,0,0,0,0,0,0,1,0,10KS0216EDM120075 ,KN ,613 ,EDM ,0215 ,Secondary & Continuing Educ ,0217 ,Social Studies Certification ,3,3,0,0,3,0,0,0,0,0,0,3,0,10KS0217EDM120075 ,KN ,613 ,EDM ,0215 ,Secondary & Continuing Educ ,0218 ,Sciences Certification ,2,1,1,0,0,1,0,1,0,0,0,2,0,10KS0218EDM120075 ,KN ,613 ,EDM ,0215 ,Secondary & Continuing Educ ,0219 ,Mathematics Certification ,2,1,1,0,2,0,0,0,0,0,0,2,0,10KS0219EDM120075 ,KN ,613 ,MA ,0095 ,Elementary Education ,  ,  ,2,0,2,0,1,0,1,0,0,0,0,1,1,10KS0095MA120075 ,KN ,613 ,MA ,0215 ,Secondary & Continuing Educ ,  ,  ,1,0,1,0,1,0,0,0,0,0,0,1,0,10KS0215MA120075 ,KN ,613 ,MS ,0095 ,Elementary Education ,  ,  ,3,0,3,0,2,0,0,0,0,1,0,2,1,10KS0095MS120075 ,KN ,613 ,MS ,0215 ,Secondary & Continuing Educ ,  ,  ,2,1,1,0,0,0,1,0,0,1,0,1,1,10KS0215MS120075 ,KN ,613 ,PHD ,0095 ,Elementary Education ,  ,  ,6,2,4,0,1,1,0,0,0,3,1,1,5,10KS0095PHD120075 ,KN ,613 ,PHD ,0215 ,Secondary & Continuing Educ ,  ,  ,16,11,5,0,7,1,2,0,0,6,0,6,10,10KS0215PHD120075 ,KN ,616 ,PHD ,0210 ,Educational Psychology ,  ,  ,50,15,35,0,18,1,7,4,0,20,0,12,38,10KS0210PHD120075 ,KN ,640 ,EDM ,0220 ,Educational Policy Studies ,  ,  ,3,1,2,0,1,0,2,0,0,0,0,1,2,10KS0220EDM120075 ,KN ,640 ,MA ,0220 ,Educational Policy Studies ,  ,  ,10,5,5,0,3,0,4,3,0,0,0,8,2,10KS0220MA120075 ,KN ,640 ,PHD ,0220 ,Educational Policy Studies ,  ,  ,57,19,38,0,10,4,22,12,4,4,1,26,31,10KS0220PHD120075 ,KN ,674 ,CAS ,0209 ,Ed Organization and Leadership ,  ,  ,5,0,5,0,5,0,0,0,0,0,0,5,0,10KS0209CAS120075 ,KN ,674 ,EDD ,0209 ,Ed Organization and Leadership ,  ,  ,8,2,6,0,5,0,0,1,0,0,2,8,0,10KS0209EDD120075 ,KN ,674 ,EDM ,0209 ,Ed Organization and Leadership ,  ,  ,31,8,23,0,23,0,7,0,0,1,0,30,1,10KS0209EDM120075 ,KN ,674 ,EDM ,0209 ,Ed Organization and Leadership ,  ,  ,1,1,0,0,1,0,0,0,0,0,0,1,0,10KS0209EDMX120075 ,KN ,674 ,MA ,0209 ,Ed Organization and Leadership ,  ,  ,1,0,1,0,1,0,0,0,0,0,0,1,0,10KS0209MA120075 ,KN ,674 ,PHD ,0209 ,Ed Organization and Leadership ,  ,  ,11,6,5,0,7,0,4,0,0,0,0,9,2,10KS0209PHD120075 ,KN ,760 ,EDD ,4096 ,Human Resource Education ,  ,  ,1,0,1,0,0,0,1,0,0,0,0,1,0,10KS4096EDD120075 ,KN ,760 ,EDM ,4096 ,Human Resource Education ,  ,  ,11,5,6,0,4,1,3,1,0,2,0,7,4,10KS4096EDM120075 ,KN ,760 ,MA ,4096 ,Human Resource Education ,  ,  ,1,1,0,0,0,0,0,0,0,1,0,0,1,10KS4096MA120075 ,KN ,760 ,PHD ,4096 ,Human Resource Education ,  ,  ,9,3,6,0,4,0,1,0,0,4,0,5,4,10KS4096PHD120075 ,KN ,  ,  ,  ,Education ,  ,***College total*** ,447,105,341,1,257,25,67,32,5,52,9,325,122,  ,,,,,,,,,,,,,,,,,,,,, ,,,,,,,,,,,,,,,,,,,,,120075 ,KP ,  ,  ,  ,Engineering ,  ,  ,  ,  ,  ,  ,  ,  ,  ,  ,  ,  ,  ,  ,  , 120075 ,KP ,227 ,BS ,0102 ,Agricultural Engineering ,  ,  ,6,5,1,0,4,0,1,1,0,0,0,6,0,10KP0102BS120075 ,KP ,227 ,MS ,0102 ,Agricultural Engineering ,  ,  ,11,9,2,0,5,0,0,0,0,6,0,3,8,10KS0102MS120075 ,KP ,227 ,NDEG ,0067 ,Nondegree ,  ,  ,2,2,0,0,0,0,0,0,0,2,0,0,2,10KP0067NDEG120075 ,KP ,227 ,PHD ,0102 ,Agricultural Engineering ,  ,  ,11,9,2,0,2,0,0,0,0,9,0,0,11,10KS0102PHD120075 ,KP ,244 ,BS ,0121 ,Engineering Physics ,  ,  ,10,7,3,0,8,1,0,1,0,0,0,9,1,10KP0121BS120075 ,KP ,244 ,MS ,0240 ,Physics ,  ,  ,4,4,0,0,1,0,0,0,0,3,0,1,3,10KS0240MS120075 ,KP ,244 ,PHD ,0240 ,Physics ,  ,  ,217,189,28,0,105,9,2,4,0,95,2,15,202,10KS0240PHD120075 ,KP ,251 ,BS ,0106 ,Civil Engineering ,  ,  ,49,32,17,0,28,4,5,5,0,5,2,43,6,10KP0106BS120075 ,KP ,251 ,MS ,0106 ,Civil Engineering ,  ,  ,52,41,11,0,28,1,1,5,0,17,0,16,36,10KS0106MS120075 ,KP ,251 ,MS ,0231 ,Environ Engr in Civil Engr ,  ,  ,10,8,2,0,5,1,0,0,0,4,0,4,6,10KS0231MS120075 ,KP ,251 ,MS ,0232 ,Environ Science in Civil Engr ,  ,  ,4,3,1,0,3,0,0,0,0,1,0,3,1,10KS0232MS120075 ,KP ,251 ,PHD ,0106 ,Civil Engineering ,  ,  ,65,56,9,0,18,1,1,2,0,41,2,7,58,10KS0106PHD120075 ,KP ,251 ,PHD ,0231 ,Environ Engr in Civil Engr ,  ,  ,22,12,10,0,7,2,0,0,0,13,0,2,20,10KS0231PHD120075 ,KP ,251 ,PHD ,0232 ,Environ Science in Civil Engr ,  ,  ,3,2,1,0,0,1,0,0,0,2,0,0,3,10KS0232PHD120075 ,KP ,343 ,BS ,0408 ,Bioengineering ,  ,  ,29,19,10,0,17,9,0,0,0,3,0,26,3,10KP0408BS120075 ,KP ,343 ,MS ,0408 ,Bioengineering ,  ,  ,3,1,2,0,1,0,0,1,0,1,0,1,2,10KS0408MS120075 ,KP ,343 ,PHD ,0408 ,Bioengineering ,  ,  ,5,3,2,0,2,1,1,0,0,1,0,2,3,10KS0408PHD120075 ,KP ,422 ,BS ,0124 ,General Engineering ,  ,  ,63,51,12,0,43,12,1,1,0,4,2,52,11,10KP0124BS120075 ,KP ,422 ,BS ,0127 ,Industrial Engineering ,  ,  ,6,6,0,0,3,0,0,0,0,3,0,3,3,10KP0127BS120075 ,KP ,422 ,MS ,0124 ,General Engineering ,  ,  ,1,1,0,0,0,0,1,0,0,0,0,0,1,10KS0124MS120075 ,KP ,422 ,MS ,0127 ,Industrial Engineering ,  ,  ,3,1,2,0,0,1,0,0,0,2,0,0,3,10KS0127MS120075 ,KP ,422 ,MS ,3846 ,Systems & Entrepreneurial Engr ,  ,  ,4,4,0,0,0,1,0,0,0,3,0,0,4,10KS3846MS120075 ,KP ,422 ,PHD ,0127 ,Industrial Engineering ,  ,  ,3,3,0,0,1,0,0,0,0,2,0,1,2,10KS0127PHD120075 ,KP ,422 ,PHD ,3846 ,Systems & Entrepreneurial Engr ,  ,  ,9,8,1,0,1,0,0,1,0,7,0,1,8,10KS3846PHD120075 ,KP ,434 ,BS ,0112 ,Computer Science ,  ,  ,85,71,14,0,43,14,2,5,0,21,0,50,35,10KP0112BS120075 ,KP ,434 ,MCS ,0112 ,Computer Science ,  ,  ,2,2,0,0,0,0,0,0,0,2,0,0,2,10KS0112MCS120075 ,KP ,434 ,MS ,0112 ,Computer Science ,  ,  ,8,8,0,0,0,2,0,0,0,6,0,1,7,10KS0112MS120075 ,KP ,434 ,MS ,4026 ,Bioinformatics ,4028 ,Computer Science ,2,1,1,0,1,0,0,0,0,1,0,1,1,10KS4028MS120075 ,KP ,434 ,NDEG ,0112 ,Computer Science ,  ,  ,1,1,0,0,0,0,0,0,0,1,0,0,1,10KS0112NDEG120075 ,KP ,434 ,PHD ,0112 ,Computer Science ,  ,  ,128,103,25,0,22,3,0,0,0,102,1,5,123,10KS0112PHD120075 ,KP ,615 ,BS ,4048 ,Aerospace Engineering ,  ,  ,68,59,9,0,45,10,3,2,0,6,2,57,11,10KP4048BS120075 ,KP ,615 ,MS ,4048 ,Aerospace Engineering ,  ,  ,9,8,1,0,5,0,0,0,0,3,1,3,6,10KS4048MS120075 ,KP ,615 ,PHD ,4048 ,Aerospace Engineering ,  ,  ,6,6,0,0,3,0,1,0,0,2,0,2,4,10KS4048PHD120075 ,KP ,917 ,BS ,0118 ,Engineering Mechanics ,  ,  ,7,4,3,0,6,0,0,0,0,0,1,7,0,10KP0118BS120075 ,KP ,917 ,BS ,0133 ,Mechanical Engineering ,  ,  ,104,89,15,0,63,19,7,2,0,12,1,82,22,10KP0133BS120075 ,KP ,917 ,MS ,0133 ,Mechanical Engineering ,  ,  ,52,45,7,0,30,2,1,0,1,17,1,16,36,10KS0133MS120075 ,KP ,917 ,MS ,0133 ,Mechanical Engineering ,4018 ,BS/MS Mechanical Engineering ,9,6,3,0,8,1,0,0,0,0,0,9,0,10KS4018MS120075 ,KP ,917 ,MS ,0242 ,Theoretical & Applied Mechans ,  ,  ,2,1,1,0,1,0,0,0,0,1,0,0,2,10KS0242MS120075 ,KP ,917 ,PHD ,0133 ,Mechanical Engineering ,  ,  ,118,102,16,0,24,3,2,5,0,84,0,13,105,10KS0133PHD120075 ,KP ,917 ,PHD ,0242 ,Theoretical & Applied Mechans ,  ,  ,14,12,2,0,4,0,0,1,0,9,0,3,11,10KS0242PHD120075 ,KP ,919 ,BS ,0130 ,Materials Science & Engr ,  ,  ,25,18,7,0,14,7,2,0,0,1,1,22,3,10KP0130BS120075 ,KP ,919 ,MS ,0130 ,Materials Science & Engr ,  ,  ,3,2,1,0,1,0,0,0,0,2,0,0,3,10KS0130MS120075 ,KP ,919 ,PHD ,0130 ,Materials Science & Engr ,  ,  ,61,44,17,0,26,7,1,1,0,26,0,12,49,10KS0130PHD120075 ,KP ,933 ,BS ,0109 ,Computer Engineering ,  ,  ,68,58,10,0,32,11,4,4,0,17,0,41,27,10KP0109BS120075 ,KP ,933 ,BS ,0115 ,Electrical Engineering ,  ,  ,163,136,27,0,50,45,3,4,0,57,4,82,81,10KP0115BS120075 ,KP ,933 ,MS ,1200 ,Electrical & Computer Engr ,  ,  ,128,104,24,0,40,23,1,2,0,61,1,21,107,10KS1200MS120075 ,KP ,933 ,PHD ,0115 ,Electrical Engineering ,  ,  ,3,2,1,0,2,0,0,0,0,1,0,1,2,10KS0115PHD120075 ,KP ,933 ,PHD ,1200 ,Electrical & Computer Engr ,  ,  ,212,180,32,0,39,19,1,6,0,146,1,25,187,10KS1200PHD120075 ,KP ,973 ,BS ,0139 ,Nuclear Engineering ,  ,  ,18,17,1,0,12,2,0,4,0,0,0,15,3,10KP0139BS120075 ,KP ,973 ,MS ,0139 ,Nuclear Engineering ,  ,  ,4,2,2,0,2,1,0,0,0,1,0,2,2,10KS0139MS120075 ,KP ,973 ,PHD ,0139 ,Nuclear Engineering ,  ,  ,12,10,2,0,1,0,0,2,0,9,0,1,11,10KS0139PHD120075 ,KP ,  ,  ,  ,Engineering ,  ,***College total*** ,1904,1567,337,0,756,213,41,59,1,812,22,666,1238,  ,,,,,,,,,,,,,,,,,,,,, ,,,,,,,,,,,,,,,,,,,,,120075 ,KR ,  ,  ,  ,Fine & Applied Arts ,  ,  ,  ,  ,  ,  ,  ,  ,  ,  ,  ,  ,  ,  ,  , 120075 ,KR ,447 ,NDEG ,0067 ,Nondegree ,  ,  ,2,0,2,0,1,0,0,0,0,1,0,1,1,10KR0067NDEG120075 ,KR ,495 ,AMUSD ,0265 ,Music ,  ,  ,63,40,23,0,38,1,1,3,0,17,3,20,43,10KS0265AMUS120075 ,KR ,495 ,BA ,0265 ,Music ,  ,  ,1,1,0,0,1,0,0,0,0,0,0,1,0,10KR0265BA120075 ,KR ,495 ,BME ,0168 ,Music Education ,3930 ,Choral Music ,7,4,3,0,7,0,0,0,0,0,0,7,0,10KR3930BME120075 ,KR ,495 ,BME ,0168 ,Music Education ,3931 ,Instrumental Music ,18,10,8,0,15,3,0,0,0,0,0,18,0,10KR3931BME120075 ,KR ,495 ,BME ,0168 ,Music Education ,3932 ,Elementary General Music ,2,1,1,0,2,0,0,0,0,0,0,2,0,10KR3932BME120075 ,KR ,495 ,BMUS ,0157 ,Voice ,  ,  ,3,0,3,0,3,0,0,0,0,0,0,2,1,10KR0157BMUS120075 ,KR ,495 ,BMUS ,0158 ,Instrumental Music ,  ,  ,15,7,8,0,10,2,0,0,0,2,1,10,5,10KR0158BMUS120075 ,KR ,495 ,BMUS ,0159 ,Music Composition ,  ,  ,2,2,0,0,2,0,0,0,0,0,0,2,0,10KR0159BMUS120075 ,KR ,495 ,BMUS ,0160 ,Music History ,  ,  ,1,0,1,0,1,0,0,0,0,0,0,1,0,10KR0160BMUS120075 ,KR ,495 ,BMUS ,0161 ,Open Studies ,  ,  ,2,1,1,0,0,0,0,1,0,1,0,1,1,10KR0161BMUS120075 ,KR ,495 ,EDD ,0168 ,Music Education ,  ,  ,11,7,4,0,8,0,1,0,0,2,0,4,7,10KS0168EDD120075 ,KR ,495 ,MME ,0168 ,Music Education ,  ,  ,48,23,25,0,39,2,4,0,0,0,3,36,12,10KS0168MME120075 ,KR ,495 ,MMUS ,0265 ,Music ,  ,  ,20,8,12,0,15,2,1,1,0,1,0,8,12,10KS0265MMUS120075 ,KR ,495 ,PHD ,0265 ,Music ,  ,  ,1,1,0,0,0,0,0,0,0,1,0,0,1,10KS0265PHD120075 ,KR ,495 ,PHD ,1481 ,Musicology ,  ,  ,7,4,3,0,5,0,1,0,0,1,0,1,6,10KS1481PHD120075 ,KR ,526 ,BFA ,0148 ,Graphic Design ,  ,  ,14,8,6,0,7,3,0,3,0,1,0,12,2,10KR0148BFA120075 ,KR ,526 ,BFA ,0149 ,Crafts ,3933 ,Ceramics ,1,0,1,0,0,0,0,1,0,0,0,1,0,10KR3933BFA120075 ,KR ,526 ,BFA ,0149 ,Crafts ,3935 ,Metals ,3,2,1,0,2,0,0,1,0,0,0,3,0,10KR3935BFA120075 ,KR ,526 ,BFA ,0151 ,Photography ,  ,  ,5,2,3,0,4,0,0,1,0,0,0,5,0,10KR0151BFA120075 ,KR ,526 ,BFA ,0152 ,Industrial Design ,  ,  ,6,1,5,0,4,0,1,1,0,0,0,6,0,10KR0152BFA120075 ,KR ,526 ,BFA ,0153 ,Painting ,  ,  ,5,3,2,0,4,1,0,0,0,0,0,4,1,10KR0153BFA120075 ,KR ,526 ,BFA ,0154 ,Sculpture ,  ,  ,4,1,3,0,4,0,0,0,0,0,0,4,0,10KR0154BFA120075 ,KR ,526 ,BFA ,0169 ,Art Education ,  ,  ,10,1,9,0,10,0,0,0,0,0,0,10,0,10KR0169BFA120075 ,KR ,526 ,EDD ,0169 ,Art Education ,  ,  ,4,1,3,0,1,1,0,0,0,2,0,1,3,10KS0169EDD120075 ,KR ,526 ,MA ,0169 ,Art Education ,  ,  ,5,3,2,0,3,0,0,1,0,1,0,4,1,10KS0169MA120075 ,KR ,526 ,MA ,0250 ,Art History ,  ,  ,5,1,4,0,3,1,0,0,0,0,1,2,3,10KS0250MA120075 ,KR ,526 ,MFA ,0252 ,Art and Design ,0255 ,Industrial Design ,3,0,3,0,2,0,0,0,0,1,0,1,2,10KS0255MFA120075 ,KR ,526 ,MFA ,0252 ,Art and Design ,0256 ,Metals ,6,2,4,0,2,0,0,0,0,4,0,0,6,10KS0256MFA120075 ,KR ,526 ,MFA ,0252 ,Art and Design ,0257 ,Painting ,6,3,3,0,3,1,1,0,0,1,0,3,3,10KS0257MFA120075 ,KR ,526 ,MFA ,0252 ,Art and Design ,0258 ,Photography ,1,0,1,0,1,0,0,0,0,0,0,1,0,10KS0258MFA120075 ,KR ,526 ,NONE ,4090 ,Art Foundation ,  ,  ,14,7,7,0,6,3,0,1,0,3,1,11,3,10KR4090NONE120075 ,KR ,526 ,PHD ,0250 ,Art History ,  ,  ,8,1,7,0,6,0,0,0,0,2,0,1,7,10KS0250PHD120075 ,KR ,569 ,BLA ,0156 ,Landscape Architecture ,  ,  ,2,1,1,0,0,0,1,1,0,0,0,2,0,10KR0156BLA120075 ,KR ,569 ,MLA ,0156 ,Landscape Architecture ,  ,  ,5,0,5,0,0,0,0,0,0,5,0,0,5,10KS0156MLA120075 ,KR ,569 ,PHD ,0156 ,Landscape Architecture ,  ,  ,3,1,2,0,2,0,0,0,0,1,0,1,2,10KS0156PHD120075 ,KR ,733 ,BA ,0155 ,Urban Planning ,  ,  ,17,8,9,0,13,1,3,0,0,0,0,17,0,10KR0155BA120075 ,KR ,733 ,MUP ,0155 ,Urban Planning ,  ,  ,21,13,8,0,12,0,1,0,0,7,1,9,12,10KS0155MUP120075 ,KR ,733 ,PHD ,0274 ,Regional Planning ,  ,  ,10,5,5,0,3,0,0,1,0,6,0,0,10,10KS0274PHD120075 ,KR ,767 ,BS ,0146 ,Architectural Studies ,  ,  ,65,33,32,0,50,7,3,3,1,1,0,64,1,10KR0146BS120075 ,KR ,767 ,MARCH ,0249 ,Architecture ,0246 ,Architecture - 1yr ,2,2,0,0,1,0,0,0,0,1,0,0,2,10KS0246MARC120075 ,KR ,767 ,MARCH ,0249 ,Architecture ,0247 ,Architecture - 2 Yr ,13,9,4,0,6,0,0,0,0,7,0,6,7,10KS0247MARC120075 ,KR ,767 ,MARCH ,0249 ,Architecture ,0248 ,Architecture Track 3 ,12,6,6,0,8,1,0,2,0,1,0,8,4,10KS0248MARC120075 ,KR ,767 ,PHD ,0249 ,Architecture ,  ,  ,6,1,5,0,2,0,0,0,0,4,0,1,5,10KS0249PHD120075 ,KR ,801 ,BFA ,0261 ,Dance ,  ,  ,3,0,3,0,3,0,0,0,0,0,0,2,1,10KR0261BFA120075 ,KR ,883 ,BFA ,0162 ,Theatre ,0163 ,Professional Studio in Acting ,3,3,0,0,3,0,0,0,0,0,0,2,1,10KR0163BFA120075 ,KR ,883 ,BFA ,0162 ,Theatre ,3980 ,Stage Management ,1,1,0,0,1,0,0,0,0,0,0,1,0,10KR3980BFA120075 ,KR ,883 ,BFA ,0162 ,Theatre ,3985 ,Theatre Studies ,3,1,2,0,1,0,1,0,0,1,0,2,1,10KR3985BFA120075 ,KR ,883 ,BFA ,0162 ,Theatre ,4081 ,Acting ,2,1,1,0,2,0,0,0,0,0,0,2,0,10KR4081BFA120075 ,KR ,883 ,MA ,0162 ,Theatre ,  ,  ,1,1,0,0,1,0,0,0,0,0,0,1,0,10KS0162MA120075 ,KR ,883 ,MFA ,0162 ,Theatre ,0271 ,Design and Technology ,1,1,0,0,1,0,0,0,0,0,0,0,1,10KS0271MFA120075 ,KR ,883 ,MFA ,0162 ,Theatre ,0272 ,Acting ,1,0,1,0,1,0,0,0,0,0,0,0,1,10KS0272MFA120075 ,KR ,883 ,NONE ,0162 ,Theatre ,4080 ,Theatre Foundations ,1,0,1,0,1,0,0,0,0,0,0,1,0,10KR4080NONE120075 ,KR ,883 ,PHD ,0162 ,Theatre ,  ,  ,4,1,3,0,4,0,0,0,0,0,0,2,2,10KS0162PHD120075 ,KR ,  ,  ,  ,Fine & Applied Arts ,  ,***College total*** ,479,233,246,0,324,29,19,21,1,75,10,304,175,  ,,,,,,,,,,,,,,,,,,,,, ,,,,,,,,,,,,,,,,,,,,,120075 ,KS ,  ,  ,  ,Graduate College ,  ,  ,  ,  ,  ,  ,  ,  ,  ,  ,  ,  ,  ,  ,  , 120075 ,KS ,486 ,NDEG ,0067 ,Nondegree ,  ,  ,36,19,17,0,16,2,5,1,0,1,11,31,5,10KS0067NDEG120075 ,KS ,  ,  ,  ,Graduate College ,  ,***College total*** ,36,19,17,0,16,2,5,1,0,1,11,31,5,  ,,,,,,,,,,,,,,,,,,,,, ,,,,,,,,,,,,,,,,,,,,,120075 ,KT ,  ,  ,  ,Communications ,  ,  ,  ,  ,  ,  ,  ,  ,  ,  ,  ,  ,  ,  ,  , 120075 ,KT ,238 ,BS ,0382 ,Media Studies ,  ,  ,22,8,14,0,13,1,6,1,0,1,0,19,3,10KT0382BS120075 ,KT ,238 ,PHD ,0279 ,Communications ,  ,  ,23,11,12,0,9,0,5,4,0,5,0,3,20,10KS0279PHD120075 ,KT ,408 ,BS ,0277 ,Advertising ,  ,  ,54,14,40,0,37,3,7,2,1,4,0,45,9,10KT0277BS120075 ,KT ,642 ,BSJ ,0380 ,News-Editorial ,  ,  ,22,9,13,0,14,1,3,3,0,0,1,21,1,10KT0380BSJ120075 ,KT ,642 ,BSJ ,0381 ,Broadcast Journalism ,  ,  ,10,6,4,0,5,1,3,1,0,0,0,10,0,10KT0381BSJ120075 ,KT ,642 ,MS ,0278 ,Journalism ,  ,  ,17,4,13,0,13,0,0,1,0,3,0,10,7,10KS0278MS120075 ,KT ,934 ,NDEG ,0067 ,Nondegree ,  ,  ,2,0,2,0,1,0,0,0,0,0,1,2,0,10KT0067NDEG120075 ,KT ,934 ,NONE ,0390 ,General Curriculum ,  ,  ,3,0,3,0,2,0,1,0,0,0,0,3,0,10KT0390NONE120075 ,KT ,  ,  ,  ,Communications ,  ,***College total*** ,153,52,101,0,94,6,25,12,1,13,2,113,40,  ,,,,,,,,,,,,,,,,,,,,, ,,,,,,,,,,,,,,,,,,,,,120075 ,KU ,  ,  ,  ,Law ,  ,  ,  ,  ,  ,  ,  ,  ,  ,  ,  ,  ,  ,  ,  , 120075 ,KU ,853 ,JD ,0385 ,Law ,  ,  ,71,44,27,0,22,7,9,11,0,7,15,46,25,10KU0385JD120075 ,KU ,  ,  ,  ,Law ,  ,***College total*** ,71,44,27,0,22,7,9,11,0,7,15,46,25,  ,,,,,,,,,,,,,,,,,,,,, ,,,,,,,,,,,,,,,,,,,,,120075 ,KV ,  ,  ,  ,Liberal Arts & Sci ,  ,  ,  ,  ,  ,  ,  ,  ,  ,  ,  ,  ,  ,  ,  , 120075 ,KV ,241 ,BALAS ,0340 ,Anthropology ,  ,  ,37,14,23,0,25,4,1,6,0,0,1,34,3,10KV0340BALA120075 ,KV ,241 ,BALAS ,0340 ,Anthropology ,5043 ,Socioculturl & Linguistic Anth ,1,0,1,0,0,0,1,0,0,0,0,1,0,10KV5043BALA120075 ,KV ,241 ,MA ,0340 ,Anthropology ,  ,  ,1,0,1,0,1,0,0,0,0,0,0,0,1,10KS0340MA120075 ,KV ,241 ,PHD ,0340 ,Anthropology ,  ,  ,22,7,15,0,12,1,0,4,0,5,0,2,20,10KS0340PHD120075 ,KV ,253 ,MS ,0334 ,Atmospheric Sciences ,  ,  ,14,10,4,0,12,0,1,0,0,0,1,6,8,10KS0334MS120075 ,KV ,253 ,PHD ,0334 ,Atmospheric Sciences ,  ,  ,19,11,8,0,4,0,0,1,0,14,0,1,18,10KS0334PHD120075 ,KV ,257 ,BSLAS ,0439 ,Mathematics ,  ,  ,34,24,10,0,19,4,2,1,1,5,2,28,6,10KV0439BSLA120075 ,KV ,257 ,BSLAS ,0439 ,Mathematics ,3895 ,Applied Mathematics ,1,1,0,0,1,0,0,0,0,0,0,1,0,10KV3895BSLA120075 ,KV ,257 ,BSLAS ,0439 ,Mathematics ,3895 ,Applied Mathematics ,1,1,0,0,1,0,0,0,0,0,0,1,0,10KV8037BSLA120075 ,KV ,257 ,BSLAS ,0439 ,Mathematics ,3896 ,Graduate Preparation ,1,1,0,0,0,0,0,0,0,1,0,0,1,10KV3896BSLA120075 ,KV ,257 ,BSLAS ,0439 ,Mathematics ,3897 ,Mathematics Teaching Option ,5,1,4,0,4,0,1,0,0,0,0,5,0,10KV3897BSLA120075 ,KV ,257 ,BSLAS ,0461 ,Actuarial Science ,  ,  ,35,19,16,0,13,5,1,0,0,16,0,20,15,10KV0461BSLA120075 ,KV ,257 ,BSLAS ,1438 ,Math & Computer Science ,  ,  ,12,12,0,0,5,2,0,3,0,2,0,10,2,10KV1438BSLA120075 ,KV ,257 ,MS ,0327 ,Applied Mathematics ,  ,  ,3,3,0,0,1,1,0,0,0,1,0,1,2,10KS0327MS120075 ,KV ,257 ,MS ,0327 ,Applied Mathematics ,0328 ,Actuarial Science ,2,0,2,0,0,1,0,0,0,1,0,0,2,10KS0328MS120075 ,KV ,257 ,MS ,0439 ,Mathematics ,  ,  ,3,3,0,0,0,0,0,0,0,3,0,0,3,10KS0439MS120075 ,KV ,257 ,NONE ,0439 ,Mathematics ,  ,  ,11,8,3,0,5,3,1,1,0,1,0,9,2,10KV0439NONE120075 ,KV ,257 ,PHD ,0439 ,Mathematics ,  ,  ,70,54,16,0,23,1,1,0,1,40,4,8,62,10KS0439PHD120075 ,KV ,299 ,BSLAS ,0338 ,Psychology ,  ,  ,206,63,143,0,133,22,29,7,0,12,3,188,18,10KV0338BSLA120075 ,KV ,299 ,BSLAS ,0338 ,Psychology ,  ,  ,8,6,2,0,4,1,1,1,0,1,0,7,1,10KV8037BSLA120075 ,KV ,299 ,MS ,0338 ,Psychology ,  ,  ,1,1,0,0,1,0,0,0,0,0,0,0,1,10KS0338MS120075 ,KV ,299 ,PHD ,0338 ,Psychology ,  ,  ,46,16,30,0,21,3,3,6,0,13,0,8,38,10KS0338PHD120075 ,KV ,324 ,BALAS ,0344 ,Sociology ,  ,  ,143,56,87,0,59,14,46,16,2,1,5,138,5,10KV0344BALA120075 ,KV ,324 ,BALAS ,0344 ,Sociology ,  ,  ,3,0,3,0,2,0,1,0,0,0,0,3,0,10KV8037BALA120075 ,KV ,324 ,MA ,0344 ,Sociology ,  ,  ,2,0,2,0,1,0,1,0,0,0,0,2,0,10KS0344MA120075 ,KV ,324 ,PHD ,0344 ,Sociology ,  ,  ,6,3,3,0,3,0,2,1,0,0,0,4,2,10KS0344PHD120075 ,KV ,361 ,MS ,0324 ,Entomology ,  ,  ,5,1,4,0,2,0,1,0,0,1,1,1,4,10KS0324MS120075 ,KV ,361 ,PHD ,0324 ,Entomology ,  ,  ,5,4,1,0,3,0,0,0,0,2,0,1,4,10KS0324PHD120075 ,KV ,362 ,BALAS ,0285 ,E Asian Languages & Cultures ,  ,  ,10,6,4,0,5,4,0,0,0,1,0,9,1,10KV0285BALA120075 ,KV ,362 ,PHD ,0285 ,E Asian Languages & Cultures ,  ,  ,4,2,2,0,0,0,0,0,1,3,0,0,4,10KS0285PHD120075 ,KV ,377 ,MS ,0320 ,Plant Biology ,  ,  ,2,1,1,0,2,0,0,0,0,0,0,2,0,10KS0320MS120075 ,KV ,377 ,PHD ,0320 ,Plant Biology ,  ,  ,6,3,3,0,2,1,0,0,0,3,0,1,5,10KS0320PHD120075 ,KV ,383 ,BSLAS ,0438 ,Integrative Biology ,  ,  ,53,25,28,0,33,12,2,3,0,2,1,51,2,10KV0438BSLA120075 ,KV ,383 ,BSLAS ,0438 ,Integrative Biology ,  ,  ,1,1,0,0,1,0,0,0,0,0,0,0,1,10KV8037BSLA120075 ,KV ,383 ,BSLAS ,0438 ,Integrative Biology ,5028 ,Honors Integrative Biology ,5,3,2,0,3,2,0,0,0,0,0,5,0,10KV5028BSLA120075 ,KV ,383 ,MS ,0314 ,Biology ,  ,  ,5,1,4,0,3,0,0,0,0,2,0,3,2,10KS0314MS120075 ,KV ,383 ,MS ,0314 ,Biology ,0316 ,Ecology & Evolutionary Biology ,1,0,1,0,1,0,0,0,0,0,0,1,0,10KS0316MS120075 ,KV ,383 ,PHD ,0314 ,Biology ,0315 ,"Ecology, Ethology, Evolution ",2,2,0,0,1,0,0,0,0,1,0,0,2,10KS0315PHD120075 ,KV ,383 ,PHD ,0314 ,Biology ,0316 ,Ecology & Evolutionary Biology ,10,4,6,0,10,0,0,0,0,0,0,6,4,10KS0316PHD120075 ,KV ,383 ,PHD ,0314 ,Biology ,0317 ,Physiol & Molec Plant Biology ,6,5,1,0,3,0,0,1,0,2,0,2,4,10KS0317PHD120075 ,KV ,397 ,BSLAS ,0314 ,Biology ,  ,  ,1,1,0,0,0,1,0,0,0,0,0,1,0,10KV8037BSLA120075 ,KV ,397 ,BSLAS ,0314 ,Biology ,3993 ,Biology Teacher Educ Option ,2,0,2,0,1,1,0,0,0,0,0,1,1,10KV3993BSLA120075 ,KV ,397 ,NONE ,0314 ,Biology ,  ,  ,55,33,21,1,25,15,8,3,0,3,1,51,4,10KV0314NONE120075 ,KV ,405 ,BALAS ,0074 ,Economics ,  ,  ,159,115,44,0,70,38,6,8,0,33,4,120,39,10KV0074BALA120075 ,KV ,405 ,BALAS ,0074 ,Economics ,  ,  ,4,4,0,0,4,0,0,0,0,0,0,4,0,10KV8037BALA120075 ,KV ,405 ,MS ,0074 ,Economics ,3925 ,Policy Economics ,41,31,10,0,5,0,0,1,0,35,0,1,40,10KS3925MS120075 ,KV ,405 ,PHD ,0074 ,Economics ,  ,  ,21,16,5,0,6,0,0,0,0,15,0,3,18,10KS0074PHD120075 ,KV ,413 ,BS ,0335 ,Chemistry ,  ,  ,20,13,7,0,11,4,1,2,0,2,0,16,4,10KV0335BS120075 ,KV ,413 ,BSLAS ,0335 ,Chemistry ,  ,  ,68,30,38,0,29,21,5,7,0,5,1,58,10,10KV0335BSLA120075 ,KV ,413 ,BSLAS ,0335 ,Chemistry ,3918 ,Chemistry Teaching Option ,1,0,1,0,1,0,0,0,0,0,0,1,0,10KV3918BSLA120075 ,KV ,413 ,MS ,0294 ,Teaching of Chemistry ,  ,  ,1,0,1,0,1,0,0,0,0,0,0,1,0,10KS0294MS120075 ,KV ,413 ,MS ,0335 ,Chemistry ,  ,  ,2,2,0,0,1,1,0,0,0,0,0,0,2,10KS0335MS120075 ,KV ,413 ,PHD ,0335 ,Chemistry ,  ,  ,251,175,76,0,163,15,3,12,1,57,0,27,224,10KS0335PHD120075 ,KV ,413 ,PHD ,0337 ,Chemical Physics ,  ,  ,8,7,1,0,4,1,0,1,0,2,0,0,8,10KS0337PHD120075 ,KV ,415 ,BSLAS ,0433 ,Molecular and Cellular Biology ,  ,  ,221,110,111,0,115,73,16,5,0,10,2,202,19,10KV0433BSLA120075 ,KV ,415 ,BSLAS ,0433 ,Molecular and Cellular Biology ,  ,  ,3,1,2,0,1,2,0,0,0,0,0,2,1,10KV8037BSLA120075 ,KV ,415 ,NONE ,3854 ,Molecular&Cell Bio-undeclared ,  ,  ,6,1,5,0,2,1,0,1,0,2,0,2,4,10KS3854NONE120075 ,KV ,415 ,PHD ,0319 ,Biophysics & Computnl Biology ,  ,  ,49,36,13,0,10,4,0,0,0,35,0,2,47,10KS0319PHD120075 ,KV ,415 ,PHD ,0323 ,Neuroscience ,  ,  ,34,14,20,0,16,5,1,2,0,10,0,7,27,10KS0323PHD120075 ,KV ,430 ,BSLAS ,0333 ,Astronomy ,  ,  ,6,5,1,0,3,0,0,3,0,0,0,4,2,10KV0333BSLA120075 ,KV ,430 ,PHD ,0333 ,Astronomy ,  ,  ,8,6,2,0,3,0,0,0,0,5,0,0,8,10KS0333PHD120075 ,KV ,438 ,BS ,0318 ,Biochemistry ,  ,  ,30,13,17,0,4,16,2,2,1,3,2,26,4,10KV0318BS120075 ,KV ,438 ,MS ,0318 ,Biochemistry ,  ,  ,1,0,1,0,1,0,0,0,0,0,0,0,1,10KS0318MS120075 ,KV ,438 ,PHD ,0318 ,Biochemistry ,  ,  ,83,45,38,0,38,12,1,3,0,29,0,21,62,10KS0318PHD120075 ,KV ,451 ,BALAS ,0342 ,History ,  ,  ,100,67,33,0,73,5,11,8,1,1,1,95,5,10KV0342BALA120075 ,KV ,451 ,BALAS ,0342 ,History ,  ,  ,2,2,0,0,2,0,0,0,0,0,0,2,0,10KV8037BALA120075 ,KV ,451 ,BALAS ,0342 ,History ,3917 ,Teaching of Social Studies ,24,15,9,0,18,1,0,5,0,0,0,24,0,10KV3917BALA120075 ,KV ,451 ,PHD ,0342 ,History ,  ,  ,41,18,23,0,28,2,7,0,0,4,0,10,31,10KS0342PHD120075 ,KV ,461 ,MA ,0283 ,African Studies ,  ,  ,4,2,2,0,3,0,1,0,0,0,0,3,1,10KS0283MA120075 ,KV ,489 ,BALAS ,0313 ,Speech Communication ,  ,  ,164,88,76,0,72,18,44,23,1,4,2,145,19,10KV0313BALA120075 ,KV ,489 ,BALAS ,0313 ,Speech Communication ,  ,  ,1,0,1,0,1,0,0,0,0,0,0,1,0,10KV8037BALA120075 ,KV ,489 ,MA ,0313 ,Speech Communication ,  ,  ,10,4,6,0,7,3,0,0,0,0,0,4,6,10KS0313MA120075 ,KV ,489 ,PHD ,0313 ,Speech Communication ,  ,  ,34,14,20,0,25,1,1,2,0,4,1,10,24,10KS0313PHD120075 ,KV ,490 ,BALAS ,0443 ,Religious Studies ,  ,  ,6,2,4,0,2,2,0,1,0,0,1,6,0,10KV0443BALA120075 ,KV ,490 ,BALAS ,0443 ,Religious Studies ,3899 ,Christianity ,1,1,0,0,1,0,0,0,0,0,0,1,0,10KV3899BALA120075 ,KV ,490 ,BALAS ,0443 ,Religious Studies ,3900 ,Islam ,1,1,0,0,1,0,0,0,0,0,0,1,0,10KV3900BALA120075 ,KV ,490 ,BALAS ,0443 ,Religious Studies ,3903 ,Religion and Culture ,1,1,0,0,1,0,0,0,0,0,0,1,0,10KV8037BALA120075 ,KV ,499 ,BALAS ,0311 ,English ,  ,  ,136,44,92,0,86,12,24,9,2,1,2,131,5,10KV0311BALA120075 ,KV ,499 ,BALAS ,0311 ,English ,  ,  ,8,4,4,0,4,1,2,1,0,0,0,7,1,10KV8037BALA120075 ,KV ,499 ,BALAS ,0311 ,English ,3916 ,English Teaching Option ,8,2,6,0,5,2,1,0,0,0,0,8,0,10KV3916BALA120075 ,KV ,499 ,BALAS ,0420 ,Rhetoric ,  ,  ,11,5,6,0,5,2,2,1,0,0,1,10,1,10KV0420BALA120075 ,KV ,499 ,BALAS ,0420 ,Rhetoric ,3892 ,Creative Writing ,14,7,7,0,6,0,8,0,0,0,0,14,0,10KV3892BALA120075 ,KV ,499 ,MA ,0311 ,English ,  ,  ,10,4,6,0,10,0,0,0,0,0,0,1,9,10KS0311MA120075 ,KV ,499 ,PHD ,0311 ,English ,  ,  ,22,6,16,0,16,2,1,0,0,3,0,4,18,10KS0311PHD120075 ,KV ,514 ,BALAS ,0308 ,Classics ,  ,  ,1,0,1,0,1,0,0,0,0,0,0,1,0,10KV0308BALA120075 ,KV ,514 ,BALAS ,0308 ,Classics ,3878 ,Classical Civilization ,1,1,0,0,1,0,0,0,0,0,0,1,0,10KV3878BALA120075 ,KV ,514 ,MA ,0308 ,Classics ,  ,  ,1,1,0,0,1,0,0,0,0,0,0,1,0,10KS0308MA120075 ,KV ,514 ,PHD ,0347 ,Classical Philology ,  ,  ,1,0,1,0,1,0,0,0,0,0,0,1,0,10KS0347PHD120075 ,KV ,553 ,BALAS ,0287 ,Russian & E European Studies ,  ,  ,3,3,0,0,3,0,0,0,0,0,0,3,0,10KV0287BALA120075 ,KV ,553 ,MA ,4097 ,"Russian, E Eur, Eurasian St ",  ,  ,3,3,0,0,2,0,1,0,0,0,0,0,3,10KS4097MA120075 ,KV ,580 ,BALAS ,0075 ,Finance ,  ,  ,18,12,6,0,12,2,1,0,0,1,2,17,1,10KV0075BALA120075 ,KV ,580 ,BALAS ,0150 ,History of Art ,  ,  ,7,2,5,0,5,0,0,1,0,1,0,6,1,10KV0150BALA120075 ,KV ,580 ,BALAS ,0150 ,History of Art ,  ,  ,1,1,0,0,1,0,0,0,0,0,0,1,0,10KV8037BALA120075 ,KV ,580 ,BALAS ,0265 ,Music ,  ,  ,1,1,0,0,0,0,1,0,0,0,0,1,0,10KV0265BALA120075 ,KV ,580 ,BALAS ,0401 ,International Studies ,  ,  ,69,23,46,0,41,10,4,10,0,2,2,61,8,10KV0401BALA120075 ,KV ,580 ,BALAS ,0401 ,International Studies ,  ,  ,1,0,1,0,1,0,0,0,0,0,0,1,0,10KV8037BALA120075 ,KV ,580 ,BALAS ,0422 ,Humanities ,  ,  ,1,1,0,0,0,0,1,0,0,0,0,1,0,10KV0422BALA120075 ,KV ,580 ,BALAS ,0463 ,Individual Plans of Study ,  ,  ,2,1,1,0,0,0,0,1,0,0,1,2,0,10KV0463BALA120075 ,KV ,580 ,BALAS ,3865 ,Interdisciplinary ,  ,  ,2,1,1,0,1,0,0,1,0,0,0,2,0,10KV3865BALA120075 ,KV ,580 ,BALAS ,3865 ,Interdisciplinary ,3869 ,Cinema Studies ,5,3,2,0,2,0,2,0,0,1,0,4,1,10KV3869BALA120075 ,KV ,580 ,BALAS ,3865 ,Interdisciplinary ,3869 ,Cinema Studies ,1,1,0,0,1,0,0,0,0,0,0,1,0,10KV8037BALA120075 ,KV ,580 ,BALAS ,3865 ,Interdisciplinary ,4029 ,Gender and Women's Studies ,3,0,3,0,1,0,1,1,0,0,0,3,0,10KV4029BALA120075 ,KV ,580 ,BS ,0240 ,Physics ,  ,  ,7,6,1,0,5,1,0,0,0,0,1,6,1,10KV0240BS120075 ,KV ,580 ,BSLAS ,0240 ,Physics ,  ,  ,7,5,1,1,4,3,0,0,0,0,0,7,0,10KV0240BSLA120075 ,KV ,580 ,BSLAS ,0240 ,Physics ,3919 ,Physics Teaching Option ,1,1,0,0,1,0,0,0,0,0,0,1,0,10KV3919BSLA120075 ,KV ,580 ,NDEG ,0067 ,Nondegree ,  ,  ,19,12,7,0,14,2,2,0,1,0,0,19,0,10KV0067NDEG120075 ,KV ,580 ,NONE ,0390 ,General Curriculum ,  ,  ,314,179,133,2,113,43,98,38,1,15,6,260,54,10KV0390NONE120075 ,KV ,583 ,BSLAS ,0329 ,Statistics ,  ,  ,12,7,5,0,6,4,0,1,0,1,0,11,1,10KV0329BSLA120075 ,KV ,583 ,BSLAS ,0464 ,Statistics & Computer Science ,  ,  ,2,2,0,0,1,0,0,0,0,1,0,1,1,10KV0464BSLA120075 ,KV ,583 ,MS ,0329 ,Statistics ,  ,  ,7,1,6,0,1,0,0,0,0,6,0,1,6,10KS0329MS120075 ,KV ,583 ,MS ,0329 ,Statistics ,0331 ,Applied ,2,1,1,0,0,0,0,0,0,2,0,0,2,10KS0331MS120075 ,KV ,583 ,PHD ,0329 ,Statistics ,  ,  ,3,1,2,0,0,0,0,0,0,3,0,0,3,10KS0329PHD120075 ,KV ,584 ,PHD ,0321 ,Cell and Structural Biology ,  ,  ,64,32,32,0,17,5,2,2,1,37,0,13,51,10KS0321PHD120075 ,KV ,585 ,BA ,0297 ,Teaching of Spanish ,  ,  ,2,1,1,0,2,0,0,0,0,0,0,2,0,10KV0297BA120075 ,KV ,585 ,BALAS ,0305 ,Italian ,  ,  ,1,1,0,0,1,0,0,0,0,0,0,1,0,10KV0305BALA120075 ,KV ,585 ,BALAS ,0307 ,Spanish ,  ,  ,57,13,44,0,34,4,6,10,0,0,3,56,1,10KV0307BALA120075 ,KV ,585 ,BALAS ,0307 ,Spanish ,  ,  ,3,1,2,0,1,0,1,1,0,0,0,3,0,10KV8037BALA120075 ,KV ,585 ,MA ,0307 ,Spanish ,  ,  ,2,0,2,0,0,0,1,1,0,0,0,1,1,10KS0307MA120075 ,KV ,585 ,PHD ,0305 ,Italian ,  ,  ,2,1,1,0,1,0,0,1,0,0,0,0,2,10KS0305PHD120075 ,KV ,585 ,PHD ,0307 ,Spanish ,  ,  ,8,2,6,0,1,0,0,2,0,5,0,1,7,10KS0307PHD120075 ,KV ,604 ,PHD ,0325 ,Molecular & Integrative Physi ,  ,  ,36,17,19,0,11,2,1,5,0,17,0,6,30,10KS0325PHD120075 ,KV ,655 ,BS ,0336 ,Geology ,  ,  ,6,6,0,0,6,0,0,0,0,0,0,6,0,10KV0336BS120075 ,KV ,655 ,BS ,0336 ,Geology ,3881 ,Environmental Geology ,2,0,2,0,2,0,0,0,0,0,0,2,0,10KV3881BS120075 ,KV ,655 ,BSLAS ,0336 ,Geology ,  ,  ,7,3,4,0,6,0,1,0,0,0,0,6,1,10KV0336BSLA120075 ,KV ,655 ,BSLAS ,0336 ,Geology ,3882 ,Earth & Environmental Sciences ,2,2,0,0,2,0,0,0,0,0,0,2,0,10KV3882BSLA120075 ,KV ,655 ,MS ,0336 ,Geology ,  ,  ,2,1,1,0,1,0,0,0,0,1,0,1,1,10KS0336MS120075 ,KV ,655 ,PHD ,0336 ,Geology ,  ,  ,3,3,0,0,1,0,0,0,0,2,0,0,3,10KS0336PHD120075 ,KV ,687 ,BS ,0300 ,Chemical Engineering ,  ,  ,47,21,26,0,24,5,4,4,0,8,2,37,10,10KV0300BS120075 ,KV ,687 ,BS ,0300 ,Chemical Engineering ,5029 ,Biomolecular Engineering ,1,1,0,0,1,0,0,0,0,0,0,1,0,10KV5029BS120075 ,KV ,687 ,MS ,0300 ,Chemical Engineering ,  ,  ,2,1,1,0,1,0,0,0,0,1,0,1,1,10KS0300MS120075 ,KV ,687 ,NONE ,0300 ,Chemical Engineering ,  ,  ,3,2,1,0,0,0,0,0,0,3,0,0,3,10KS0300NONE120075 ,KV ,687 ,PHD ,0300 ,Chemical Engineering ,  ,  ,78,51,27,0,37,7,3,1,0,30,0,5,73,10KS0300PHD120075 ,KV ,710 ,BALAS ,0343 ,Political Science ,  ,  ,224,123,100,1,137,19,38,20,0,3,7,210,14,10KV0343BALA120075 ,KV ,710 ,BALAS ,0343 ,Political Science ,  ,  ,3,3,0,0,2,0,1,0,0,0,0,3,0,10KV8037BALA120075 ,KV ,710 ,MA ,0343 ,Political Science ,  ,  ,1,1,0,0,1,0,0,0,0,0,0,1,0,10KS0343MA120075 ,KV ,710 ,PHD ,0343 ,Political Science ,  ,  ,15,11,4,0,8,1,1,0,0,5,0,1,14,10KS0343PHD120075 ,KV ,715 ,BALAS ,0332 ,Philosophy ,  ,  ,20,17,3,0,11,2,1,3,1,0,2,18,2,10KV0332BALA120075 ,KV ,715 ,BALAS ,0332 ,Philosophy ,  ,  ,1,1,0,0,1,0,0,0,0,0,0,1,0,10KV8037BALA120075 ,KV ,715 ,MA ,0332 ,Philosophy ,  ,  ,1,0,1,0,1,0,0,0,0,0,0,1,0,10KS0332MA120075 ,KV ,715 ,PHD ,0332 ,Philosophy ,  ,  ,5,4,1,0,4,1,0,0,0,0,0,2,3,10KS0332PHD120075 ,KV ,729 ,BALAS ,0286 ,Latin American Studies ,  ,  ,3,1,2,0,0,0,0,3,0,0,0,3,0,10KV0286BALA120075 ,KV ,729 ,MA ,0286 ,Latin American Studies ,  ,  ,2,0,2,0,1,0,1,0,0,0,0,1,1,10KS0286MA120075 ,KV ,748 ,MA ,0299 ,Teaching of English Sec Lang ,  ,  ,9,2,7,0,4,1,0,0,0,4,0,4,5,10KS0299MA120075 ,KV ,771 ,BALAS ,1120 ,Comparative Literature ,  ,  ,4,2,2,0,2,0,0,0,1,0,1,4,0,10KV1120BALA120075 ,KV ,771 ,BALAS ,1120 ,Comparative Literature ,3905 ,World Literature ,2,0,2,0,0,1,0,1,0,0,0,1,1,10KV3905BALA120075 ,KV ,771 ,MA ,1120 ,Comparative Literature ,  ,  ,5,1,4,0,1,1,0,0,0,2,1,1,4,10KS1120MA120075 ,KV ,771 ,PHD ,1120 ,Comparative Literature ,  ,  ,16,6,10,0,5,0,0,2,0,8,1,2,14,10KS1120PHD120075 ,KV ,864 ,BALAS ,0301 ,Linguistics ,  ,  ,11,5,6,0,6,3,2,0,0,0,0,11,0,10KV0301BALA120075 ,KV ,864 ,MA ,0301 ,Linguistics ,  ,  ,3,1,2,0,1,0,1,1,0,0,0,1,2,10KS0301MA120075 ,KV ,864 ,NDEG ,0301 ,Linguistics ,  ,  ,1,1,0,0,0,0,0,0,0,0,1,1,0,10KS0301NDEG120075 ,KV ,864 ,PHD ,0301 ,Linguistics ,  ,  ,16,6,10,0,5,1,0,0,0,10,0,3,13,10KS0301PHD120075 ,KV ,872 ,BALAS ,0341 ,Geography ,  ,  ,6,5,1,0,5,0,0,1,0,0,0,5,1,10KV0341BALA120075 ,KV ,872 ,MA ,0341 ,Geography ,  ,  ,2,0,2,0,2,0,0,0,0,0,0,0,2,10KS0341MA120075 ,KV ,872 ,MS ,0341 ,Geography ,  ,  ,4,2,2,0,1,0,1,2,0,0,0,1,3,10KS0341MS120075 ,KV ,872 ,PHD ,0341 ,Geography ,  ,  ,5,2,3,0,4,0,0,0,0,1,0,2,3,10KS0341PHD120075 ,KV ,927 ,BALAS ,0412 ,Germanic Lang & Lit ,  ,  ,2,0,1,1,2,0,0,0,0,0,0,2,0,10KV0412BALA120075 ,KV ,927 ,BALAS ,0412 ,Germanic Lang & Lit ,3887 ,German and Commercial Studies ,2,1,1,0,1,0,0,0,0,0,1,2,0,10KV3887BALA120075 ,KV ,927 ,BALAS ,0412 ,Germanic Lang & Lit ,3888 ,Language and Literature ,1,0,1,0,1,0,0,0,0,0,0,1,0,10KV3888BALA120075 ,KV ,927 ,MA ,0303 ,German ,  ,  ,3,1,2,0,3,0,0,0,0,0,0,0,3,10KS0303MA120075 ,KV ,927 ,PHD ,0303 ,German ,  ,  ,4,1,3,0,2,0,0,0,0,2,0,1,3,10KS0303PHD120075 ,KV ,948 ,MS ,0322 ,Microbiology ,  ,  ,2,0,2,0,0,1,0,0,0,1,0,1,1,10KS0322MS120075 ,KV ,948 ,PHD ,0322 ,Microbiology ,  ,  ,71,31,40,0,33,3,2,5,1,27,0,12,59,10KS0322PHD120075 ,KV ,958 ,MA ,0302 ,Slavic Languages & Literature ,  ,  ,2,1,1,0,0,1,0,0,0,1,0,0,2,10KS0302MA120075 ,KV ,958 ,PHD ,0302 ,Slavic Languages & Literature ,  ,  ,2,1,1,0,1,0,0,0,0,1,0,0,2,10KS0302PHD120075 ,KV ,985 ,BA ,0295 ,Teaching of French ,  ,  ,1,0,1,0,1,0,0,0,0,0,0,1,0,10KV0295BA120075 ,KV ,985 ,BALAS ,0304 ,French ,  ,  ,4,0,4,0,4,0,0,0,0,0,0,4,0,10KV0304BALA120075 ,KV ,985 ,BALAS ,0304 ,French ,3875 ,French Commercial Studies ,1,1,0,0,1,0,0,0,0,0,0,1,0,10KV3875BALA120075 ,KV ,985 ,MA ,0304 ,French ,  ,  ,2,2,0,0,1,0,0,0,0,0,1,1,1,10KS0304MA120075 ,KV ,985 ,PHD ,0304 ,French ,  ,  ,3,1,2,0,3,0,0,0,0,0,0,0,3,10KS0304PHD120075 ,KV ,  ,  ,  ,Liberal Arts & Sci ,  ,***College total*** ,3757,1979,1772,6,1922,465,418,269,17,598,68,2447,1310,  ,,,,,,,,,,,,,,,,,,,,, ,,,,,,,,,,,,,,,,,,,,,120075 ,KY ,  ,  ,  ,Applied Health Sci ,  ,  ,  ,  ,  ,  ,  ,  ,  ,  ,  ,  ,  ,  ,  , 120075 ,KY ,581 ,BS ,0349 ,Community Health ,  ,  ,21,11,10,0,7,4,8,1,0,1,0,16,5,10KY0349BS120075 ,KY ,581 ,BS ,0349 ,Community Health ,0473 ,Health Education ,24,4,20,0,13,2,5,3,1,0,0,23,1,10KY0473BS120075 ,KY ,581 ,BS ,0349 ,Community Health ,0474 ,Health Planning & Admin ,56,17,39,0,20,11,21,4,0,0,0,55,1,10KY0474BS120075 ,KY ,581 ,BS ,0349 ,Community Health ,0495 ,Rehab & Disability Studies ,13,2,11,0,9,0,2,2,0,0,0,13,0,10KY0495BS120075 ,KY ,581 ,BS ,0351 ,Kinesiology ,  ,  ,95,45,50,0,69,6,8,5,1,3,3,81,14,10KY0351BS120075 ,KY ,581 ,BS ,0351 ,Kinesiology ,0494 ,Athletic Training ,6,2,4,0,5,0,1,0,0,0,0,6,0,10KY0494BS120075 ,KY ,581 ,BS ,0351 ,Kinesiology ,4049 ,Teacher Education K-12 ,5,2,3,0,5,0,0,0,0,0,0,4,1,10KY4049BS120075 ,KY ,581 ,MS ,0349 ,Community Health ,  ,  ,2,1,1,0,1,0,1,0,0,0,0,2,0,10KS0349MS120075 ,KY ,581 ,MS ,0351 ,Kinesiology ,  ,  ,7,3,4,0,4,0,1,0,0,2,0,4,3,10KS0351MS120075 ,KY ,581 ,MSPH ,0349 ,Community Health ,  ,  ,6,1,5,0,3,0,3,0,0,0,0,6,0,10KS0349MSPH120075 ,KY ,581 ,PHD ,0349 ,Community Health ,  ,  ,3,1,2,0,0,1,1,0,0,0,1,2,1,10KS0349PHD120075 ,KY ,581 ,PHD ,0351 ,Kinesiology ,  ,  ,14,6,8,0,6,1,1,0,0,6,0,5,9,10KS0351PHD120075 ,KY ,679 ,AUD ,1053 ,Audiology ,  ,  ,6,0,6,0,6,0,0,0,0,0,0,5,1,10KS1053AUD120075 ,KY ,679 ,BS ,0354 ,Speech & Hearing Science ,  ,  ,5,0,5,0,4,0,1,0,0,0,0,5,0,10KY0354BS120075 ,KY ,679 ,BS ,0354 ,Speech & Hearing Science ,4067 ,Audiology ,1,0,1,0,1,0,0,0,0,0,0,1,0,10KY4067BS120075 ,KY ,679 ,BS ,0354 ,Speech & Hearing Science ,4068 ,Speech-Language Pathology ,28,1,26,1,23,0,2,2,0,1,0,27,1,10KY4068BS120075 ,KY ,679 ,MA ,0354 ,Speech & Hearing Science ,  ,  ,51,1,50,0,47,1,1,2,0,0,0,43,8,10KS0354MA120075 ,KY ,679 ,PHD ,0354 ,Speech & Hearing Science ,  ,  ,12,0,12,0,7,0,3,0,0,2,0,6,6,10KS0354PHD120075 ,KY ,714 ,BS ,0353 ,Leisure Studies ,0468 ,Recreation Management ,11,9,2,0,8,1,2,0,0,0,0,11,0,10KY0468BS120075 ,KY ,714 ,BS ,0353 ,Leisure Studies ,0469 ,Tourism Management ,4,2,2,0,4,0,0,0,0,0,0,4,0,10KY0469BS120075 ,KY ,714 ,BS ,0353 ,Leisure Studies ,0471 ,Sports Management ,28,18,10,0,22,0,2,3,0,0,1,25,3,10KY0471BS120075 ,KY ,714 ,BS ,4043 ,"Recreation, Sport, and Tourism ",  ,  ,15,13,2,0,7,0,7,0,0,0,1,10,5,10KY4043BS120075 ,KY ,714 ,BS ,4043 ,"Recreation, Sport, and Tourism ",4044 ,Recreation Management ,14,9,5,0,11,0,1,1,0,0,1,12,2,10KY4044BS120075 ,KY ,714 ,BS ,4043 ,"Recreation, Sport, and Tourism ",4045 ,Tourism Management ,9,3,6,0,9,0,0,0,0,0,0,9,0,10KY4045BS120075 ,KY ,714 ,BS ,4043 ,"Recreation, Sport, and Tourism ",4046 ,Sports Management ,46,35,11,0,29,2,12,3,0,0,0,45,1,10KY4046BS120075 ,KY ,714 ,MS ,0353 ,Leisure Studies ,  ,  ,1,0,1,0,0,0,1,0,0,0,0,1,0,10KS0353MS120075 ,KY ,714 ,MS ,4043 ,"Recreation, Sport, and Tourism ",  ,  ,3,1,2,0,1,1,1,0,0,0,0,3,0,10KS4043MS120075 ,KY ,714 ,PHD ,0353 ,Leisure Studies ,  ,  ,2,1,1,0,2,0,0,0,0,0,0,1,1,10KS0353PHD120075 ,KY ,714 ,PHD ,4043 ,"Recreation, Sport, and Tourism ",  ,  ,13,5,8,0,7,1,2,1,0,2,0,5,8,10KS4043PHD120075 ,KY ,  ,  ,  ,Applied Health Sci ,  ,***College total*** ,501,193,307,1,330,31,87,27,2,17,7,430,71,  ,,,,,,,,,,,,,,,,,,,,, ,,,,,,,,,,,,,,,,,,,,,120075 ,LC ,  ,  ,  ,Veterinary Medicine ,  ,  ,  ,  ,  ,  ,  ,  ,  ,  ,  ,  ,  ,  ,  , 120075 ,LC ,282 ,NDEG ,0361 ,VMS - Veterinary Pathobiology ,  ,  ,1,0,1,0,1,0,0,0,0,0,0,0,1,10KS0361NDEG120075 ,LC ,282 ,PHD ,0361 ,VMS - Veterinary Pathobiology ,  ,  ,10,4,6,0,5,0,0,1,0,4,0,3,7,10KS0361PHD120075 ,LC ,444 ,DVM ,0480 ,Veterinary Medicine ,  ,  ,97,19,78,0,79,6,0,1,0,1,10,87,10,10LC0480DVM120075 ,LC ,598 ,MS ,0359 ,VMS-Veterinary Clinical Medcne ,  ,  ,2,1,1,0,1,0,0,0,0,1,0,1,1,10KS0359MS120075 ,LC ,598 ,PHD ,0359 ,VMS-Veterinary Clinical Medcne ,0359 ,  ,1,0,1,0,0,0,0,0,0,1,0,0,1,10KS0359PHD120075 ,LC ,873 ,MS ,0357 ,VMS - Veterinary Biosciences ,  ,  ,3,0,3,0,3,0,0,0,0,0,0,1,2,10KS0357MS120075 ,LC ,873 ,PHD ,0357 ,VMS - Veterinary Biosciences ,  ,  ,8,2,6,0,4,0,1,1,0,2,0,4,4,10KS0357PHD120075 ,LC ,873 ,PHD ,0357 ,VMS - Veterinary Biosciences ,0358 ,Vet Biosciences Res Scholars ,1,1,0,0,0,0,0,0,0,1,0,0,1,10KS0358PHD120075 ,LC ,  ,  ,  ,Veterinary Medicine ,  ,***College total*** ,123,27,96,0,93,6,1,3,0,10,10,96,27,  ,,,,,,,,,,,,,,,,,,,,, ,,,,,,,,,,,,,,,,,,,,,120075 ,LE ,  ,  ,  ,Institute of Aviation ,  ,  ,  ,  ,  ,  ,  ,  ,  ,  ,  ,  ,  ,  ,  , 120075 ,LE ,707 ,AVIPC ,0487 ,Professional Pilot ,  ,  ,7,6,1,0,7,0,0,0,0,0,0,6,1,10LE0487AVIP120075 ,LE ,707 ,BS ,0489 ,Aviation Human Factors ,  ,  ,80,73,7,0,72,1,3,3,0,0,1,73,7,10LE0489BS120075 ,LE ,707 ,MS ,3530 ,Human Factors ,  ,  ,2,2,0,0,1,0,0,0,0,1,0,1,1,10KS3530MS120075 ,LE ,  ,  ,  ,Institute of Aviation ,  ,***College total*** ,89,81,8,0,80,1,3,3,0,1,1,80,9,  ,,,,,,,,,,,,,,,,,,,,, ,,,,,,,,,,,,,,,,,,,,,120075 ,LG ,  ,  ,  ,Labor & Industrial Relns ,  ,  ,  ,  ,  ,  ,  ,  ,  ,  ,  ,  ,  ,  ,  , 120075 ,LG ,568 ,MHRIR ,0364 ,Human Res & Industrial Rels ,  ,  ,4,0,4,0,0,0,0,0,0,4,0,0,4,10KS0364MHRI120075 ,LG ,  ,  ,  ,Labor & Industrial Relns ,  ,***College total*** ,4,0,4,0,0,0,0,0,0,4,0,0,4,  ,,,,,,,,,,,,,,,,,,,,, ,,,,,,,,,,,,,,,,,,,,,120075 ,LL ,  ,  ,  ,School of Social Work ,  ,  ,  ,  ,  ,  ,  ,  ,  ,  ,  ,  ,  ,  ,  , 120075 ,LL ,783 ,MSW ,0365 ,Social Work ,  ,  ,183,17,166,0,133,11,24,9,1,1,4,174,9,10KS0365MSW120075 ,LL ,783 ,MSW ,0365 ,Social Work ,  ,  ,1,0,1,0,1,0,0,0,0,0,0,1,0,10KS0365MSWX120075 ,LL ,783 ,PHD ,0365 ,Social Work ,  ,  ,5,1,4,0,1,0,0,2,0,2,0,3,2,10KS0365PHD120075 ,LL ,  ,  ,  ,School of Social Work ,  ,***College total*** ,189,18,171,0,135,11,24,11,1,3,4,178,11,  ,,,,,,,,,,,,,,,,,,,,, ,,,,,,,,,,,,,,,,,,,,,120075 ,LN ,  ,  ,  ,Continuing Education ,  ,  ,  ,  ,  ,  ,  ,  ,  ,  ,  ,  ,  ,  ,  , 120075 ,LN ,641 ,NDEG ,1249 ,Nondegree-CE ,  ,  ,41,10,31,0,29,6,0,1,0,0,5,1,40,10LN1249NDEJ120075 ,LN ,  ,  ,  ,Continuing Education ,  ,***College total*** ,41,10,31,0,29,6,0,1,0,0,5,1,40,  ,,,,,,,,,,,,,,,,,,,,, ,,,,,,,,,,,,,,,,,,,,,120075 ,LP ,  ,  ,  ,Library & Info Sci ,  ,  ,  ,  ,  ,  ,  ,  ,  ,  ,  ,  ,  ,  ,  , 120075 ,LP ,992 ,CAS ,0370 ,Library & Information Science ,  ,  ,5,1,4,0,4,1,0,0,0,0,0,5,0,10KS0370CAS120075 ,LP ,992 ,CAS ,0370 ,Library & Information Science ,  ,  ,2,0,2,0,2,0,0,0,0,0,0,2,0,10KS0370CASU120075 ,LP ,992 ,MS ,0370 ,Library & Information Science ,  ,  ,112,31,81,0,91,4,5,1,0,5,6,84,28,10KS0370MS120075 ,LP ,992 ,MS ,0370 ,Library & Information Science ,  ,  ,15,2,13,0,12,0,0,1,0,0,2,11,4,10KS0370MSU120075 ,LP ,992 ,MS ,0370 ,Library & Information Science ,0372 ,Library & Info Sci - MS/F ,1,0,1,0,1,0,0,0,0,0,0,1,0,10KS0372MS120075 ,LP ,992 ,MS ,0370 ,Library & Information Science ,0376 ,Library & Info Sci - Media ,6,1,5,0,6,0,0,0,0,0,0,6,0,10KS0376MS120075 ,LP ,992 ,PHD ,0370 ,Library & Information Science ,  ,  ,22,7,15,0,10,3,2,0,1,5,1,8,14,10KS0370PHD120075 ,LP ,  ,  ,  ,Library & Info Sci ,  ,***College total*** ,163,42,121,0,126,8,7,2,1,10,9,117,46,  ,,,,,,,,,,,,,,,,,,,,, ,,,,,,,,,,,,,,,,,,,,,120075 ,NB ,  ,  ,  ,Provost & VC Acad Affairs ,  ,  ,  ,  ,  ,  ,  ,  ,  ,  ,  ,  ,  ,  ,  , 120075 ,NB ,593 ,NDEG ,0067 ,Nondegree ,  ,  ,100,29,71,0,36,7,22,29,1,1,4,42,58,10NB0067NDEG120075 ,NB ,  ,  ,  ,Provost & VC Acad Affairs ,  ,***College total*** ,100,29,71,0,36,7,22,29,1,1,4,42,58,  ,,,,,,,,,,,,,,,,,,,,, ,,,,,,,,,,,,,,,,,,,,,