"UIUC On-Campus Student Enrollment by Curriculum, Sex, Race/Ethnicity, and Residency",,,,,,,,,,,,,,,,,,,,,,,,,SUMMER 2011,,,,,,,,"PUBLICATION DATE:  JUNE 27, 2011",,,,,,,,,,* This section uses the new Federal IPEDS guidelines for reporting racial and ethnic data. ,,,,,,,Division of Management Information,,,,,,*** This report is derived from the Registration Census 10-day student statistics.  Any Codebook changes made after ,,,,,,,,,,,,"   For more information on these guidelines, see  ",,,,http://www.vpaa.uillinois.edu/RaceEthnicity/index.cfm,,,,,,,,,the tenth day of class will not be reflected.  Students obtaining a second bachelor's degree are no longer counted separately.,,,,,,,,,,,,,,,All students including multiracial and Hispanic,,,,Term/Year Code,Coll,Dept,Degree,Major code,Major Name,Conc code,Concentration Name (if any),Total,By Gender,,,By Self-reported Race/Ethnicity (NEW*),,,,,,,,,,,By Residency,,Academic Program Code,,,,,,,,,Men,Women,Unknown,Caucasian,Asian American,African American,Hispanic,Native American,Hawaiian/Pacific Isl,Multiracial,International,Unknown,All   African American,All    Native American,Illinois,Non-Illinois,,,,,,,,,,,,,,,,,,,,,,,,,,120115 , , , , ,***Campus total*** , , ,9258,5089,4160,9,4414,890,614,499,15,4,158,2548,116,682,69,4963,4295,120115 , , , , ,Undergraduate , , ,4537,2563,1969,5,2277,623,441,310,5,3,85,747,46,474,31,3391,1146,120115 , , , , ,Graduate , , ,4516,2452,2060,4,1986,256,165,178,8,1,67,1791,64,198,34,1440,3076,120115 , , , , ,Professional , , ,205,74,131,0,151,11,8,11,2,0,6,10,6,10,4,132,73,,,,,,,,,,,,,,,,,,,,,,,,,,120115 ,KL ,  ,  ,  ,"Agr, Cons, Env Sci ",  ,  ,  ,  ,  ,  ,  ,  ,  ,  ,  ,  ,  ,  ,  ,  ,  ,  ,  , 120115 ,KL ,306 ,MS ,5186 ,Bioenergy ,5166 ,Professional Science Masters ,6,4,2,0,5,0,0,0,0,0,0,1,0,0,0,4,2,1PKS5186MS120115 ,KL ,306 ,MS ,5188 ,Agricultural Production ,5166 ,Professional Science Masters ,4,2,2,0,3,0,0,1,0,0,0,0,0,0,0,4,0,1PKS5188MS120115 ,KL ,470 ,BS ,0176 ,Agr & Consumer Economics ,5003 ,Agri-Accounting ,18,9,9,0,10,3,0,0,0,0,0,5,0,0,0,13,5,10KL5003BS120115 ,KL ,470 ,BS ,0176 ,Agr & Consumer Economics ,5004 ,Agri-Finance ,7,4,3,0,1,1,0,0,0,0,0,5,0,0,0,2,5,10KL5004BS120115 ,KL ,470 ,BS ,0176 ,Agr & Consumer Economics ,5006 ,Agribusiness Markets & Mgmt ,15,11,4,0,13,1,1,0,0,0,0,0,0,1,0,13,2,10KL5006BS120115 ,KL ,470 ,BS ,0176 ,Agr & Consumer Economics ,5007 ,Consumer Economics & Finance ,6,6,0,0,5,1,0,0,0,0,0,0,0,0,0,6,0,10KL5007BS120115 ,KL ,470 ,BS ,0176 ,Agr & Consumer Economics ,5008 ,Envirnmntal Economics & Policy ,3,3,0,0,3,0,0,0,0,0,0,0,0,0,0,3,0,10KL5008BS120115 ,KL ,470 ,BS ,0176 ,Agr & Consumer Economics ,5010 ,"Policy, Intl Trade, & Dvlpmt ",1,1,0,0,1,0,0,0,0,0,0,0,0,0,0,1,0,10KL5010BS120115 ,KL ,470 ,BS ,0176 ,Agr & Consumer Economics ,5011 ,Public Policy and Law ,8,5,3,0,6,1,0,0,0,0,0,1,0,0,0,6,2,10KL5011BS120115 ,KL ,470 ,BS ,0176 ,Agr & Consumer Economics ,5136 ,Financial Planning ,9,6,3,0,4,0,1,1,0,0,0,3,0,1,1,6,3,10KL5136BS120115 ,KL ,470 ,MS ,0176 ,Agr & Consumer Economics ,  ,  ,6,4,2,0,0,1,0,0,0,0,0,5,0,0,0,0,6,10KS0176MS120115 ,KL ,470 ,MS ,5273 ,Agricultural & Applied Econ ,  ,  ,5,2,3,0,2,0,0,0,0,0,0,3,0,0,0,0,5,10KS5273MS120115 ,KL ,470 ,PHD ,0176 ,Agr & Consumer Economics ,  ,  ,11,5,6,0,4,0,0,0,0,0,0,7,0,0,0,0,11,10KS0176PHD120115 ,KL ,470 ,PHD ,5273 ,Agricultural & Applied Econ ,  ,  ,5,2,3,0,1,1,0,0,0,0,0,3,0,0,0,0,5,10KS5273PHD120115 ,KL ,483 ,NDEG ,0067 ,Nondegree ,  ,  ,2,1,1,0,2,0,0,0,0,0,0,0,0,0,0,2,0,10KL0067NDEG120115 ,KL ,538 ,BS ,0002 ,Animal Sciences ,0006 ,"Companion,Rec,Lab An Sci ",7,0,7,0,6,0,0,1,0,0,0,0,0,0,0,7,0,10KL0006BS120115 ,KL ,538 ,BS ,0002 ,Animal Sciences ,0007 ,Food Animal Science ,1,0,1,0,1,0,0,0,0,0,0,0,0,0,0,1,0,10KL0007BS120115 ,KL ,538 ,BS ,0002 ,Animal Sciences ,0008 ,"Science, Biotech & Pre-VetMed ",30,5,25,0,24,2,1,3,0,0,0,0,0,2,0,30,0,10KL0008BS120115 ,KL ,538 ,BS ,0002 ,Animal Sciences ,5267 ,Technology and Management ,1,0,1,0,1,0,0,0,0,0,0,0,0,0,0,1,0,10KL0002BS120115 ,KL ,538 ,BS ,0002 ,Animal Sciences ,5268 ,Companion Animal & Equine Sci ,3,2,1,0,3,0,0,0,0,0,0,0,0,0,0,3,0,10KL0002BS120115 ,KL ,538 ,BS ,0002 ,Animal Sciences ,5269 ,"Science, Pre-Vet Med and Med ",6,0,6,0,4,0,0,2,0,0,0,0,0,0,0,6,0,10KL0002BS120115 ,KL ,538 ,MS ,0002 ,Animal Sciences ,  ,  ,42,17,25,0,28,0,0,1,0,0,1,11,1,0,0,27,15,10KS0002MS120115 ,KL ,538 ,MS ,4026 ,Bioinformatics ,5099 ,Animal Science ,4,4,0,0,0,0,0,0,0,0,0,4,0,0,0,0,4,10KS5099MS120115 ,KL ,538 ,PHD ,0002 ,Animal Sciences ,  ,  ,49,31,18,0,19,0,1,1,0,0,0,28,0,1,0,11,38,10KS0002PHD120115 ,KL ,698 ,BS ,0037 ,Food Science & Human Nutrition ,0038 ,Food Science ,10,3,7,0,5,1,1,0,0,0,0,2,1,1,0,8,2,10KL0038BS120115 ,KL ,698 ,BS ,0037 ,Food Science & Human Nutrition ,0039 ,Food Industry and Business ,2,1,1,0,1,0,0,0,0,0,0,1,0,0,0,1,1,10KL0039BS120115 ,KL ,698 ,BS ,0037 ,Food Science & Human Nutrition ,0040 ,Human Nutrition ,21,1,20,0,14,3,1,1,0,0,0,2,0,1,0,18,3,10KL0040BS120115 ,KL ,698 ,BS ,0037 ,Food Science & Human Nutrition ,0041 ,Dietetics ,13,0,13,0,9,1,0,1,0,0,0,1,1,0,0,11,2,10KL0041BS120115 ,KL ,698 ,BS ,0037 ,Food Science & Human Nutrition ,0042 ,Hospitality Management ,22,5,17,0,16,2,0,3,0,0,0,1,0,0,0,21,1,10KL0042BS120115 ,KL ,698 ,MS ,0037 ,Food Science & Human Nutrition ,  ,  ,2,0,2,0,0,1,0,0,0,0,0,1,0,0,0,0,2,10KS0037MS120115 ,KL ,698 ,MS ,0037 ,Food Science & Human Nutrition ,0038 ,Food Science ,7,3,4,0,4,0,1,0,0,0,0,2,0,1,0,2,5,10KS0037MS120115 ,KL ,698 ,MS ,0037 ,Food Science & Human Nutrition ,0040 ,Human Nutrition ,3,0,3,0,2,0,1,0,0,0,0,0,0,1,0,2,1,10KS0037MS120115 ,KL ,698 ,MS ,0037 ,Food Science & Human Nutrition ,5166 ,Professional Science Masters ,2,1,1,0,0,1,0,0,0,0,1,0,0,0,0,1,1,1PKS0037MS120115 ,KL ,698 ,PHD ,0037 ,Food Science & Human Nutrition ,  ,  ,11,4,7,0,3,0,0,0,0,0,0,8,0,0,0,1,10,10KS0037PHD120115 ,KL ,698 ,PHD ,0037 ,Food Science & Human Nutrition ,0038 ,Food Science ,5,1,4,0,2,1,0,0,0,0,0,2,0,0,0,2,3,10KS0037PHD120115 ,KL ,741 ,BS ,0025 ,Technical Systems Management ,  ,  ,24,22,2,0,12,3,6,0,0,0,0,3,0,6,0,21,3,10KL0025BS120115 ,KL ,741 ,BSAG ,0029 ,Agr Engineering & Agr Science ,  ,  ,6,4,2,0,4,0,1,0,0,0,1,0,0,1,0,6,0,10KL0029BSAG120115 ,KL ,741 ,BSAG ,5163 ,Agricultural & Biological Engr ,  ,  ,1,1,0,0,0,1,0,0,0,0,0,0,0,0,0,0,1,10KL5163BSAG120115 ,KL ,793 ,BS ,0043 ,Agr & Environmental Cmc & Educ ,0046 ,Agricultural Leadership ,2,0,2,0,1,0,0,0,0,0,0,1,0,0,0,1,1,10KL0046BS120115 ,KL ,793 ,BS ,0043 ,Agr & Environmental Cmc & Educ ,0047 ,Agricultural Education ,2,1,1,0,2,0,0,0,0,0,0,0,0,0,0,1,1,10KL0047BS120115 ,KL ,793 ,BS ,0043 ,Agr & Environmental Cmc & Educ ,5033 ,"Agr, Cons, Env Sci Communictn ",4,0,4,0,4,0,0,0,0,0,0,0,0,0,0,4,0,10KL5033BS120115 ,KL ,793 ,BS ,0048 ,Human Development & Family St ,0049 ,Child and Adolescent Dev ,17,1,16,0,12,1,4,0,0,0,0,0,0,4,0,17,0,10KL0049BS120115 ,KL ,793 ,BS ,0048 ,Human Development & Family St ,0050 ,Family Studies ,7,0,7,0,3,0,2,1,0,0,1,0,0,2,0,6,1,10KL0050BS120115 ,KL ,793 ,MS ,0181 ,Agricultural Education ,  ,  ,5,1,4,0,4,0,0,0,0,0,1,0,0,0,0,4,1,10KS0181MS120115 ,KL ,793 ,PHD ,0183 ,Human & Community Development ,  ,  ,9,2,7,0,7,0,1,0,0,0,0,1,0,1,0,3,6,10KS0183PHD120115 ,KL ,793 ,PHD ,0183 ,Human & Community Development ,5126 ,Human Development & Family St ,7,2,5,0,4,1,1,1,0,0,0,0,0,1,0,2,5,10KS0183PHD120115 ,KL ,802 ,BS ,0030 ,Crop Sciences ,0033 ,Crops ,2,1,1,0,2,0,0,0,0,0,0,0,0,0,0,2,0,10KL0033BS120115 ,KL ,802 ,BS ,0030 ,Crop Sciences ,0034 ,Crop Agribusiness ,1,1,0,0,1,0,0,0,0,0,0,0,0,0,0,1,0,10KL0034BS120115 ,KL ,802 ,BS ,0030 ,Crop Sciences ,0035 ,Plant Biotech & Molecular Bio ,3,2,1,0,2,0,0,0,1,0,0,0,0,0,1,3,0,10KL0035BS120115 ,KL ,802 ,BS ,0030 ,Crop Sciences ,0036 ,Biological Sciences ,1,0,1,0,1,0,0,0,0,0,0,0,0,0,0,1,0,10KL0036BS120115 ,KL ,802 ,BS ,0063 ,Horticulture ,0065 ,Production and Management ,3,2,1,0,2,0,1,0,0,0,0,0,0,1,0,3,0,10KL0063BS120115 ,KL ,802 ,BS ,0063 ,Horticulture ,0065 ,Production and Management ,1,0,1,0,0,0,0,0,0,0,0,1,0,0,0,0,1,10KL0065BS120115 ,KL ,802 ,MS ,0030 ,Crop Sciences ,  ,  ,34,27,7,0,22,2,0,0,0,0,0,9,1,0,0,20,14,10KS0030MS120115 ,KL ,802 ,MS ,0179 ,Plant Pathology ,  ,  ,1,0,1,0,0,0,0,0,0,0,0,1,0,0,0,0,1,10KS0179MS120115 ,KL ,802 ,MS ,4026 ,Bioinformatics ,5100 ,Crop Science ,4,3,1,0,1,0,0,0,0,0,0,3,0,0,0,0,4,10KS5100MS120115 ,KL ,802 ,NONE ,0030 ,Crop Sciences ,  ,  ,1,1,0,0,1,0,0,0,0,0,0,0,0,0,0,1,0,10KL0030NONE120115 ,KL ,802 ,PHD ,0030 ,Crop Sciences ,  ,  ,43,31,12,0,22,1,0,0,0,0,0,20,0,0,0,14,29,10KS0030PHD120115 ,KL ,875 ,BS ,0051 ,Natural Resrcs & Environ Sci ,0057 ,Fish and Wildlife Conservation ,1,1,0,0,1,0,0,0,0,0,0,0,0,0,0,1,0,10KL0051BS120115 ,KL ,875 ,BS ,0051 ,Natural Resrcs & Environ Sci ,0057 ,Fish and Wildlife Conservation ,2,0,2,0,2,0,0,0,0,0,0,0,0,0,0,2,0,10KL0057BS120115 ,KL ,875 ,BS ,0051 ,Natural Resrcs & Environ Sci ,3872 ,Resource Ecology ,2,2,0,0,1,0,0,0,0,0,0,1,0,0,0,1,1,10KL3872BS120115 ,KL ,875 ,BS ,0051 ,Natural Resrcs & Environ Sci ,3873 ,Soil and Water Science ,1,1,0,0,1,0,0,0,0,0,0,0,0,0,0,0,1,10KL3873BS120115 ,KL ,875 ,BS ,0051 ,Natural Resrcs & Environ Sci ,5239 ,Humn Dimnsns of the Environmnt ,5,3,2,0,3,2,0,0,0,0,0,0,0,0,0,5,0,10KL0051BS120115 ,KL ,875 ,BS ,0051 ,Natural Resrcs & Environ Sci ,5240 ,Resrce Cons & Restoration Ecol ,6,5,1,0,4,0,0,1,0,0,0,1,0,1,0,4,2,10KL0051BS120115 ,KL ,875 ,MS ,0190 ,Natural Res & Env Sciences ,  ,  ,26,11,15,0,19,1,0,1,1,0,0,4,0,0,1,10,16,10KS0190MS120115 ,KL ,875 ,MS ,0190 ,Natural Res & Env Sciences ,  ,  ,2,1,1,0,2,0,0,0,0,0,0,0,0,0,0,2,0,10KS0190MSU120115 ,KL ,875 ,PHD ,0190 ,Natural Res & Env Sciences ,  ,  ,9,7,2,0,4,0,0,0,0,0,0,5,0,0,0,3,6,10KS0190PHD120115 ,KL ,971 ,MS ,0191 ,Nutritional Sciences ,  ,  ,23,7,16,0,14,5,2,0,0,0,0,2,0,2,0,10,13,10KS0191MS120115 ,KL ,971 ,PHD ,0191 ,Nutritional Sciences ,  ,  ,22,7,15,0,12,3,0,2,0,0,1,4,0,1,0,7,15,10KS0191PHD120115 ,KL ,  ,  ,  ,"Agr, Cons, Env Sci ",  ,***College total*** ,624,290,334,0,372,41,26,21,2,0,6,152,4,29,3,368,256,  ,,,,,,,,,,,,,,,,,,,,,,,,, ,,,,,,,,,,,,,,,,,,,,,,,,,120115 ,KM ,  ,  ,  ,Business ,  ,  ,  ,  ,  ,  ,  ,  ,  ,  ,  ,  ,  ,  ,  ,  ,  ,  ,  , 120115 ,KM ,230 ,MBA ,9875 ,Business Administration (MBA) ,  ,  ,27,16,11,0,4,1,1,0,0,0,0,20,1,1,0,6,21,10KS9875MBA120115 ,KM ,230 ,MBA ,9875 ,Business Administration (MBA) ,4064 ,MBA ,103,75,28,0,65,13,8,3,0,0,2,8,4,9,1,103,0,10KS4064MBA120115 ,KM ,260 ,BS ,0075 ,Finance ,  ,  ,64,45,19,0,33,11,0,3,0,0,0,17,0,0,0,42,22,10KM0075BS120115 ,KM ,260 ,MS ,0075 ,Finance ,  ,  ,142,75,66,1,13,2,0,0,0,0,1,123,3,1,0,8,134,10KS0075MSK120115 ,KM ,260 ,PHD ,0075 ,Finance ,  ,  ,7,3,4,0,0,0,0,0,0,0,0,6,1,0,0,1,6,10KS0075PHD120115 ,KM ,346 ,BS ,0071 ,Accountancy ,  ,  ,256,134,122,0,105,58,7,10,0,0,1,74,1,7,0,161,95,10KM0071BS120115 ,KM ,346 ,MAS ,0071 ,Accountancy ,  ,  ,16,6,10,0,1,5,0,0,0,0,0,10,0,0,0,6,10,10KS0071MAS120115 ,KM ,346 ,MAS ,0071 ,Accountancy ,5101 ,Taxation ,1,1,0,0,1,0,0,0,0,0,0,0,0,0,0,1,0,10KS0071MAS120115 ,KM ,346 ,MS ,0071 ,Accountancy ,  ,  ,149,34,115,0,3,6,0,0,0,0,0,140,0,0,0,4,145,10KS0071MSK120115 ,KM ,346 ,MS ,5187 ,Taxation ,  ,  ,22,6,16,0,12,2,1,2,0,0,0,4,1,1,0,14,8,10KS5187MSK2120115 ,KM ,346 ,PHD ,0071 ,Accountancy ,  ,  ,19,12,7,0,12,1,0,1,0,0,0,5,0,0,0,3,16,10KS0071PHD120115 ,KM ,902 ,BS ,0079 ,Business Administration ,0081 ,Organizational Administration ,1,1,0,0,0,0,0,0,0,0,0,1,0,0,0,0,1,10KM0081BS120115 ,KM ,902 ,BS ,0079 ,Business Administration ,0086 ,Entrepreneurship ,1,1,0,0,1,0,0,0,0,0,0,0,0,0,0,1,0,10KM0086BS120115 ,KM ,902 ,BS ,1432 ,Marketing ,  ,  ,14,5,9,0,6,0,2,2,0,0,1,3,0,3,0,10,4,10KM1432BS120115 ,KM ,902 ,BS ,1432 ,Marketing ,  ,  ,14,5,9,0,9,0,2,3,0,0,0,0,0,2,0,11,3,10KM8037BS120115 ,KM ,902 ,BS ,5070 ,Information Sys & Info Tech ,  ,  ,1,1,0,0,0,1,0,0,0,0,0,0,0,0,0,1,0,10KM8037BS120115 ,KM ,902 ,BS ,5071 ,Supply Chain Management ,  ,  ,2,0,2,0,2,0,0,0,0,0,0,0,0,0,0,2,0,10KM5071BS120115 ,KM ,902 ,BS ,5071 ,Supply Chain Management ,  ,  ,2,1,1,0,2,0,0,0,0,0,0,0,0,0,0,2,0,10KM8037BS120115 ,KM ,902 ,BS ,5072 ,Business Process Management ,  ,  ,7,4,3,0,5,0,1,0,0,0,0,1,0,1,0,5,2,10KM5072BS120115 ,KM ,902 ,BS ,5072 ,Business Process Management ,  ,  ,1,0,1,0,1,0,0,0,0,0,0,0,0,0,0,1,0,10KM8037BS120115 ,KM ,902 ,BS ,5073 ,Management ,0086 ,Entrepreneurship ,4,2,2,0,3,0,0,0,0,0,0,1,0,0,0,3,1,10KM5073BS120115 ,KM ,902 ,BS ,5073 ,Management ,0086 ,Entrepreneurship ,1,0,1,0,1,0,0,0,0,0,0,0,0,0,0,1,0,10KM8037BS120115 ,KM ,902 ,BS ,5073 ,Management ,5074 ,International Business ,8,3,5,0,5,2,0,0,0,0,0,1,0,0,0,5,3,10KM5073BS120115 ,KM ,902 ,BS ,5073 ,Management ,5074 ,International Business ,5,2,3,0,4,0,1,0,0,0,0,0,0,1,0,5,0,10KM8037BS120115 ,KM ,902 ,BS ,5073 ,Management ,5075 ,General Management ,7,7,0,0,7,0,0,0,0,0,0,0,0,0,0,6,1,10KM5073BS120115 ,KM ,902 ,BS ,5073 ,Management ,5075 ,General Management ,2,1,1,0,1,0,1,0,0,0,0,0,0,1,0,1,1,10KM8037BS120115 ,KM ,902 ,MS ,5148 ,Technology Management ,  ,  ,87,56,30,1,7,6,1,0,0,0,1,71,1,1,0,13,74,10KS5148MSK120115 ,KM ,902 ,PHD ,0079 ,Business Administration ,  ,  ,9,5,4,0,1,1,1,0,0,0,0,6,0,1,0,1,8,10KS0079PHD120115 ,KM ,938 ,MBA ,9875 ,Business Administration (MBA) ,  ,  ,2,1,1,0,1,0,0,0,0,0,0,0,1,0,0,2,0,10KS3924MBA2120115 ,KM ,938 ,MBA ,9875 ,Business Administration (MBA) ,3924 ,Executive Program ,24,18,6,0,14,4,3,0,0,0,0,1,2,3,0,23,1,10KS3924MBA2120115 ,KM ,952 ,NONE ,0070 ,Curric Unassigned ,  ,  ,54,30,24,0,27,11,2,6,0,0,1,5,2,3,0,39,15,10KM0070NONE120115 ,KM ,  ,  ,  ,Business ,  ,***College total*** ,1052,550,500,2,346,124,31,30,0,0,7,497,17,35,1,481,571,  ,,,,,,,,,,,,,,,,,,,,,,,,, ,,,,,,,,,,,,,,,,,,,,,,,,,120115 ,KN ,  ,  ,  ,Education ,  ,  ,  ,  ,  ,  ,  ,  ,  ,  ,  ,  ,  ,  ,  ,  ,  ,  ,  , 120115 ,KN ,335 ,NONE ,4089 ,Pre-Early Chld/Elem Ed/Spec Ed ,  ,  ,7,0,7,0,4,2,0,0,0,0,1,0,0,0,1,7,0,10KN4089NONE120115 ,KN ,570 ,BS ,0093 ,Special Education ,  ,  ,6,0,6,0,5,1,0,0,0,0,0,0,0,0,0,6,0,10KN0093BS120115 ,KN ,570 ,CAS ,0093 ,Special Education ,  ,  ,1,0,1,0,1,0,0,0,0,0,0,0,0,0,0,0,1,10KS0093CAS120115 ,KN ,570 ,EDM ,0093 ,Special Education ,  ,  ,28,6,22,0,24,0,2,1,0,0,0,1,0,2,0,25,3,10KS0093EDM120115 ,KN ,570 ,EDM ,0093 ,Special Education ,  ,  ,1,0,1,0,1,0,0,0,0,0,0,0,0,0,0,1,0,10KS0093EDMX120115 ,KN ,570 ,MS ,0093 ,Special Education ,  ,  ,1,0,1,0,1,0,0,0,0,0,0,0,0,0,0,0,1,10KS0093MS120115 ,KN ,570 ,PHD ,0093 ,Special Education ,  ,  ,19,2,17,0,12,0,3,1,0,0,0,3,0,3,0,10,9,10KS0093PHD120115 ,KN ,613 ,BS ,0094 ,Early Childhood Education ,3967 ,ECh: History ,2,0,2,0,2,0,0,0,0,0,0,0,0,0,0,2,0,10KN3967BS120115 ,KN ,613 ,BS ,0094 ,Early Childhood Education ,3975 ,ECh: Psychology ,2,0,2,0,0,0,1,1,0,0,0,0,0,1,0,1,1,10KN3975BS120115 ,KN ,613 ,BS ,0094 ,Early Childhood Education ,3976 ,ECh: Sociology ,1,0,1,0,1,0,0,0,0,0,0,0,0,0,0,1,0,10KN3976BS120115 ,KN ,613 ,BS ,0094 ,Early Childhood Education ,4014 ,ECh: Spanish ,2,0,2,0,2,0,0,0,0,0,0,0,0,0,0,2,0,10KN4014BS120115 ,KN ,613 ,BS ,0095 ,Elementary Education ,  ,  ,1,0,1,0,1,0,0,0,0,0,0,0,0,0,0,1,0,10KN0095BS120115 ,KN ,613 ,BS ,0095 ,Elementary Education ,3945 ,EIEd: Geography ,1,0,1,0,1,0,0,0,0,0,0,0,0,0,0,1,0,10KN3945BS120115 ,KN ,613 ,BS ,0095 ,Elementary Education ,3946 ,EIEd: History ,1,0,1,0,1,0,0,0,0,0,0,0,0,0,0,1,0,10KN3946BS120115 ,KN ,613 ,BS ,0095 ,Elementary Education ,3947 ,EIEd: Language Arts ,6,0,6,0,6,0,0,0,0,0,0,0,0,0,0,6,0,10KN3947BS120115 ,KN ,613 ,BS ,0095 ,Elementary Education ,3949 ,EIEd: Mathematics ,8,0,8,0,7,0,0,1,0,0,0,0,0,0,0,7,1,10KN3949BS120115 ,KN ,613 ,BS ,0095 ,Elementary Education ,3951 ,EIEd: Philosophy ,1,0,0,1,1,0,0,0,0,0,0,0,0,0,0,1,0,10KN3951BS120115 ,KN ,613 ,BS ,0095 ,Elementary Education ,3953 ,EIEd: Political Science ,1,0,1,0,1,0,0,0,0,0,0,0,0,0,0,1,0,10KN3953BS120115 ,KN ,613 ,BS ,0095 ,Elementary Education ,3954 ,ElEd: Psychology ,4,0,4,0,3,0,0,0,0,0,0,1,0,0,0,3,1,10KN3954BS120115 ,KN ,613 ,BS ,0095 ,Elementary Education ,3996 ,EIEd: French ,1,0,1,0,0,0,0,1,0,0,0,0,0,0,0,1,0,10KN3996BS120115 ,KN ,613 ,BS ,0095 ,Elementary Education ,4004 ,EIEd: Spanish ,11,1,10,0,10,0,1,0,0,0,0,0,0,1,0,10,1,10KN4004BS120115 ,KN ,613 ,BS ,0095 ,Elementary Education ,5193 ,General Sciences ,2,0,2,0,2,0,0,0,0,0,0,0,0,0,0,2,0,10KN5193BS120115 ,KN ,613 ,CAS ,0095 ,Elementary Education ,  ,  ,1,0,1,0,1,0,0,0,0,0,0,0,0,0,0,1,0,10KS0095CAS120115 ,KN ,613 ,EDD ,1144 ,Curriculum and Instruction ,  ,  ,3,1,2,0,2,0,1,0,0,0,0,0,0,1,0,2,1,10KS1144EDD120115 ,KN ,613 ,EDM ,0095 ,Elementary Education ,0211 ,Elementary Ed - Cert ,1,0,1,0,0,1,0,0,0,0,0,0,0,0,0,1,0,10KS0211EDM120115 ,KN ,613 ,EDM ,0215 ,Secondary & Continuing Educ ,0218 ,Sciences Certification ,1,1,0,0,0,0,0,1,0,0,0,0,0,0,0,1,0,10KS0218EDM120115 ,KN ,613 ,EDM ,1144 ,Curriculum and Instruction ,  ,  ,22,4,18,0,14,2,1,2,0,0,1,1,1,2,0,22,0,10KS1144EDM120115 ,KN ,613 ,EDM ,8527 ,Secondary Education ,  ,  ,1,0,1,0,1,0,0,0,0,0,0,0,0,0,0,1,0,10KS8527EDM120115 ,KN ,613 ,MA ,1144 ,Curriculum and Instruction ,  ,  ,1,0,1,0,0,0,0,0,0,0,0,1,0,0,0,0,1,10KS1144MA120115 ,KN ,613 ,PHD ,0095 ,Elementary Education ,  ,  ,2,0,2,0,1,0,0,0,0,0,0,1,0,0,0,0,2,10KS0095PHD120115 ,KN ,613 ,PHD ,0215 ,Secondary & Continuing Educ ,  ,  ,9,3,6,0,3,0,1,0,0,0,0,5,0,1,0,2,7,10KS0215PHD120115 ,KN ,613 ,PHD ,1144 ,Curriculum and Instruction ,  ,  ,17,2,15,0,9,1,1,3,0,0,0,3,0,1,0,10,7,10KS1144PHD120115 ,KN ,616 ,PHD ,0210 ,Educational Psychology ,  ,  ,34,8,26,0,11,0,7,5,0,0,0,11,0,7,0,9,25,10KS0210PHD120115 ,KN ,640 ,EDD ,0220 ,Educational Policy Studies ,  ,  ,1,0,1,0,0,0,0,1,0,0,0,0,0,0,0,0,1,10KS0220EDD120115 ,KN ,640 ,PHD ,0220 ,Educational Policy Studies ,  ,  ,1,0,1,0,0,0,1,0,0,0,0,0,0,1,0,1,0,10KS0220PHD120115 ,KN ,760 ,CAS ,0209 ,Ed Organization and Leadership ,  ,  ,1,1,0,0,1,0,0,0,0,0,0,0,0,0,0,1,0,10KS0209CAS120115 ,KN ,760 ,EDD ,0209 ,Ed Organization and Leadership ,  ,  ,2,2,0,0,2,0,0,0,0,0,0,0,0,0,0,2,0,10KS0209EDD120115 ,KN ,760 ,EDD ,0209 ,Ed Organization and Leadership ,5096 ,Higher Education ,1,1,0,0,1,0,0,0,0,0,0,0,0,0,0,1,0,10KS0209EDD120115 ,KN ,760 ,EDD ,0209 ,Ed Organization and Leadership ,5097 ,Educational Admin & Leadership ,2,2,0,0,2,0,0,0,0,0,0,0,0,0,0,2,0,10KS0209EDD120115 ,KN ,760 ,EDD ,4096 ,Human Resource Education ,5137 ,Human Resource Development ,1,0,1,0,0,0,1,0,0,0,0,0,0,1,0,1,0,10KS4096EDD120115 ,KN ,760 ,EDM ,0209 ,Ed Organization and Leadership ,  ,  ,5,3,2,0,3,0,2,0,0,0,0,0,0,2,0,5,0,10KS0209EDM120115 ,KN ,760 ,EDM ,0209 ,Ed Organization and Leadership ,5096 ,Higher Education ,7,2,5,0,5,0,0,1,0,0,1,0,0,0,0,7,0,10KS0209EDM120115 ,KN ,760 ,EDM ,0209 ,Ed Organization and Leadership ,5097 ,Educational Admin & Leadership ,14,3,11,0,10,0,2,0,0,0,1,1,0,2,0,13,1,10KS0209EDM120115 ,KN ,760 ,EDM ,0220 ,Educational Policy Studies ,  ,  ,3,1,2,0,1,0,1,0,0,0,1,0,0,2,0,3,0,10KS0220EDM120115 ,KN ,760 ,EDM ,4096 ,Human Resource Education ,  ,  ,2,1,1,0,1,0,0,0,0,0,0,1,0,0,0,1,1,10KS4096EDM120115 ,KN ,760 ,EDM ,4096 ,Human Resource Education ,5137 ,Human Resource Development ,6,2,4,0,5,0,0,0,0,0,0,1,0,0,0,5,1,10KS4096EDM120115 ,KN ,760 ,MA ,0220 ,Educational Policy Studies ,  ,  ,5,2,3,0,2,0,3,0,0,0,0,0,0,3,0,2,3,10KS0220MA120115 ,KN ,760 ,MS ,0209 ,Ed Organization and Leadership ,  ,  ,1,1,0,0,1,0,0,0,0,0,0,0,0,0,0,1,0,10KS0209MS120115 ,KN ,760 ,MS ,4096 ,Human Resource Education ,5137 ,Human Resource Development ,1,1,0,0,0,0,0,0,0,0,0,1,0,0,0,0,1,10KS4096MS120115 ,KN ,760 ,PHD ,0209 ,Ed Organization and Leadership ,  ,  ,3,0,3,0,1,1,0,1,0,0,0,0,0,1,0,3,0,10KS0209PHD120115 ,KN ,760 ,PHD ,0209 ,Ed Organization and Leadership ,5096 ,Higher Education ,1,0,1,0,1,0,0,0,0,0,0,0,0,0,0,1,0,10KS0209PHD120115 ,KN ,760 ,PHD ,0220 ,Educational Policy Studies ,  ,  ,64,21,43,0,15,3,24,18,1,0,0,2,1,28,3,32,32,10KS0220PHD120115 ,KN ,760 ,PHD ,4096 ,Human Resource Education ,  ,  ,2,1,1,0,1,0,0,0,0,0,0,1,0,0,0,1,1,10KS4096PHD120115 ,KN ,760 ,PHD ,4096 ,Human Resource Education ,5137 ,Human Resource Development ,7,4,3,0,3,1,1,0,0,0,0,2,0,1,0,4,3,10KS4096PHD120115 ,KN ,  ,  ,  ,Education ,  ,***College total*** ,329,76,252,1,183,12,53,37,1,0,5,36,2,60,4,224,105,  ,,,,,,,,,,,,,,,,,,,,,,,,, ,,,,,,,,,,,,,,,,,,,,,,,,,120115 ,KP ,  ,  ,  ,Engineering ,  ,  ,  ,  ,  ,  ,  ,  ,  ,  ,  ,  ,  ,  ,  ,  ,  ,  ,  , 120115 ,KP ,227 ,BS ,0102 ,Agricultural Engineering ,3907 ,Food & Bioprocess Engineering ,2,1,1,0,1,0,1,0,0,0,0,0,0,1,0,2,0,10KP3907BS120115 ,KP ,227 ,BS ,5163 ,Agricultural & Biological Engr ,  ,  ,15,10,5,0,7,3,0,1,0,0,0,4,0,0,0,11,4,10KP5163BS120115 ,KP ,227 ,MS ,5163 ,Agricultural & Biological Engr ,  ,  ,15,10,5,0,3,0,0,1,0,0,1,10,0,0,0,2,13,10KS5163MS120115 ,KP ,227 ,NDEG ,0067 ,Nondegree ,  ,  ,4,3,1,0,3,1,0,0,0,0,0,0,0,0,0,4,0,10KP0067NDEG120115 ,KP ,227 ,PHD ,0102 ,Agricultural Engineering ,  ,  ,2,2,0,0,1,0,0,0,0,0,0,1,0,0,0,1,1,10KS0102PHD120115 ,KP ,227 ,PHD ,5163 ,Agricultural & Biological Engr ,  ,  ,14,9,5,0,3,0,0,0,0,0,0,11,0,0,0,1,13,10KS5163PHD120115 ,KP ,244 ,BS ,0121 ,Engineering Physics ,  ,  ,15,12,3,0,9,2,0,1,0,0,1,2,0,0,0,11,4,10KP0121BS120115 ,KP ,244 ,PHD ,0240 ,Physics ,  ,  ,111,93,18,0,50,6,0,3,0,0,0,49,3,0,0,10,101,10KS0240PHD120115 ,KP ,251 ,BS ,0106 ,Civil Engineering ,  ,  ,80,55,25,0,44,7,3,2,0,0,2,22,0,4,0,50,30,10KP0106BS120115 ,KP ,251 ,MS ,0106 ,Civil Engineering ,  ,  ,86,65,20,1,43,8,1,1,0,0,1,31,1,1,0,37,49,10KS0106MS120115 ,KP ,251 ,MS ,0231 ,Environ Engr in Civil Engr ,  ,  ,18,11,7,0,6,3,0,3,0,0,1,4,1,0,0,7,11,10KS0231MS120115 ,KP ,251 ,MS ,0232 ,Environ Science in Civil Engr ,  ,  ,1,0,1,0,0,0,0,0,0,0,0,1,0,0,0,0,1,10KS0232MS120115 ,KP ,251 ,PHD ,0106 ,Civil Engineering ,  ,  ,65,53,12,0,26,1,0,1,0,0,1,36,0,1,0,12,53,10KS0106PHD120115 ,KP ,251 ,PHD ,0231 ,Environ Engr in Civil Engr ,  ,  ,27,10,17,0,9,2,0,1,0,0,0,15,0,0,0,2,25,10KS0231PHD120115 ,KP ,251 ,PHD ,0232 ,Environ Science in Civil Engr ,  ,  ,1,1,0,0,0,0,0,0,0,0,0,1,0,0,0,0,1,10KS0232PHD120115 ,KP ,343 ,BS ,0408 ,Bioengineering ,  ,  ,18,9,9,0,8,7,0,1,0,0,1,1,0,0,0,14,4,10KP0408BS120115 ,KP ,343 ,MS ,0408 ,Bioengineering ,  ,  ,2,1,1,0,0,1,0,0,0,0,0,1,0,0,0,1,1,10KS0408MS120115 ,KP ,343 ,PHD ,0408 ,Bioengineering ,  ,  ,27,17,10,0,8,3,1,0,0,0,2,12,1,1,0,5,22,10KS0408PHD120115 ,KP ,422 ,BS ,0124 ,General Engineering ,  ,  ,44,30,14,0,28,5,0,2,0,0,1,8,0,0,0,33,11,10KP0124BS120115 ,KP ,422 ,BS ,0127 ,Industrial Engineering ,  ,  ,19,13,6,0,6,2,2,0,0,0,1,8,0,2,0,10,9,10KP0127BS120115 ,KP ,422 ,PHD ,0127 ,Industrial Engineering ,  ,  ,17,10,7,0,1,0,1,0,0,0,0,15,0,1,0,0,17,10KS0127PHD120115 ,KP ,422 ,PHD ,3846 ,Systems & Entrepreneurial Engr ,  ,  ,5,3,2,0,1,0,0,0,0,0,0,4,0,0,0,1,4,10KS3846PHD120115 ,KP ,434 ,BS ,0112 ,Computer Science ,  ,  ,113,101,12,0,31,13,1,2,0,0,2,62,2,1,1,37,76,10KP0112BS120115 ,KP ,434 ,BS ,0112 ,Computer Science ,1854 ,CS:BS/MS Program ,5,4,1,0,0,0,0,0,0,0,0,5,0,0,0,0,5,10KP1854BS120115 ,KP ,434 ,MCS ,0112 ,Computer Science ,  ,  ,2,2,0,0,0,0,0,0,0,0,0,2,0,0,0,0,2,10KS0112MCS120115 ,KP ,434 ,MS ,0112 ,Computer Science ,  ,  ,10,6,4,0,1,0,0,1,0,0,0,8,0,0,0,1,9,10KS0112MS120115 ,KP ,434 ,MS ,0112 ,Computer Science ,1854 ,CS:BS/MS Program ,2,1,1,0,1,0,0,0,0,0,0,1,0,0,0,0,2,10KS1854MS120115 ,KP ,434 ,PHD ,0112 ,Computer Science ,  ,  ,150,126,24,0,22,6,1,0,0,0,2,118,1,1,1,7,143,10KS0112PHD120115 ,KP ,545 ,MS ,5244 ,Financial Engineering ,  ,  ,7,6,1,0,0,0,0,0,0,0,0,7,0,0,0,0,7,10KS5244MS120115 ,KP ,615 ,BS ,4048 ,Aerospace Engineering ,  ,  ,54,44,10,0,36,4,2,1,0,0,0,10,1,2,0,35,19,10KP4048BS120115 ,KP ,615 ,MS ,4048 ,Aerospace Engineering ,  ,  ,22,18,4,0,12,3,0,1,0,0,0,6,0,0,0,7,15,10KS4048MS120115 ,KP ,615 ,PHD ,4048 ,Aerospace Engineering ,  ,  ,21,19,2,0,11,0,0,0,0,0,1,9,0,1,1,4,17,10KS4048PHD120115 ,KP ,917 ,BS ,0118 ,Engineering Mechanics ,  ,  ,15,14,1,0,8,1,0,0,0,0,1,5,0,0,0,10,5,10KP0118BS120115 ,KP ,917 ,BS ,0133 ,Mechanical Engineering ,  ,  ,79,74,5,0,42,15,0,1,0,1,2,17,1,0,0,46,33,10KP0133BS120115 ,KP ,917 ,MS ,0133 ,Mechanical Engineering ,  ,  ,70,61,9,0,29,4,0,2,0,0,0,35,0,0,0,21,49,10KS0133MS120115 ,KP ,917 ,MS ,0133 ,Mechanical Engineering ,4018 ,BS/MS Mechanical Engineering ,1,1,0,0,1,0,0,0,0,0,0,0,0,0,0,1,0,10KS4018MS120115 ,KP ,917 ,MS ,0242 ,Theoretical & Applied Mechans ,  ,  ,13,10,3,0,8,1,0,1,0,0,0,3,0,0,0,2,11,10KS0242MS120115 ,KP ,917 ,PHD ,0133 ,Mechanical Engineering ,  ,  ,126,115,11,0,25,4,0,1,0,0,0,95,1,0,0,12,114,10KS0133PHD120115 ,KP ,917 ,PHD ,0242 ,Theoretical & Applied Mechans ,  ,  ,16,14,2,0,3,1,0,1,0,0,0,11,0,0,0,2,14,10KS0242PHD120115 ,KP ,919 ,BS ,0130 ,Materials Science & Engr ,  ,  ,48,33,15,0,17,13,1,1,0,0,5,10,1,1,0,33,15,10KP0130BS120115 ,KP ,919 ,BS ,0130 ,Materials Science & Engr ,3909 ,Electronic Materials ,5,4,1,0,1,0,0,0,0,0,0,4,0,0,0,1,4,10KP3909BS120115 ,KP ,919 ,BS ,0130 ,Materials Science & Engr ,3911 ,Biomaterials ,4,2,2,0,1,1,1,0,0,0,0,1,0,1,0,4,0,10KP3911BS120115 ,KP ,919 ,BS ,0130 ,Materials Science & Engr ,3912 ,Polymer ,3,1,2,0,1,0,0,0,0,0,0,1,1,0,0,2,1,10KP3912BS120115 ,KP ,919 ,MS ,0130 ,Materials Science & Engr ,  ,  ,6,4,2,0,3,0,0,1,0,0,1,1,0,0,1,2,4,10KS0130MS120115 ,KP ,919 ,MS ,0130 ,Materials Science & Engr ,5012 ,BS/MS Materials Science & Eng ,1,1,0,0,1,0,0,0,0,0,0,0,0,0,0,1,0,10KS5012MS120115 ,KP ,919 ,PHD ,0130 ,Materials Science & Engr ,  ,  ,56,41,15,0,26,3,0,1,1,0,1,24,0,0,1,6,50,10KS0130PHD120115 ,KP ,933 ,BS ,0109 ,Computer Engineering ,  ,  ,102,94,8,0,31,24,3,8,0,0,1,35,0,3,0,49,53,10KP0109BS120115 ,KP ,933 ,BS ,0115 ,Electrical Engineering ,  ,  ,253,217,36,0,48,42,5,11,0,0,4,141,2,5,1,90,163,10KP0115BS120115 ,KP ,933 ,MS ,1200 ,Electrical & Computer Engr ,  ,  ,102,89,13,0,35,5,1,4,0,0,2,55,0,1,1,20,82,10KS1200MS120115 ,KP ,933 ,NDEG ,1200 ,Electrical & Computer Engr ,  ,  ,1,1,0,0,1,0,0,0,0,0,0,0,0,0,0,1,0,10KS1200NDEG120115 ,KP ,933 ,PHD ,0115 ,Electrical Engineering ,  ,  ,2,1,1,0,1,0,0,0,0,0,0,1,0,0,0,0,2,10KS0115PHD120115 ,KP ,933 ,PHD ,1200 ,Electrical & Computer Engr ,  ,  ,219,182,37,0,43,14,4,5,0,0,2,150,1,5,1,32,187,10KS1200PHD120115 ,KP ,973 ,BS ,0139 ,Nuclear Engineering ,3913 ,"Power, Safety, and the Environ ",8,7,1,0,5,0,2,1,0,0,0,0,0,2,0,7,1,10KP3913BS120115 ,KP ,973 ,BS ,0139 ,Nuclear Engineering ,3914 ,Plasma and Fusion Sci and Engr ,1,1,0,0,1,0,0,0,0,0,0,0,0,0,0,0,1,10KP3914BS120115 ,KP ,973 ,BS ,5183 ,"Nuclear, Plasma, Radiolgc Engr ",  ,  ,9,9,0,0,6,2,0,0,0,0,0,1,0,0,0,7,2,10KP5183BS120115 ,KP ,973 ,BS ,5183 ,"Nuclear, Plasma, Radiolgc Engr ",3913 ,"Power, Safety, and the Environ ",17,15,2,0,11,2,0,0,0,0,0,4,0,0,0,9,8,10KP5183BS120115 ,KP ,973 ,BS ,5183 ,"Nuclear, Plasma, Radiolgc Engr ",3914 ,Plasma and Fusion Sci and Engr ,3,3,0,0,3,0,0,0,0,0,0,0,0,0,0,3,0,10KP5183BS120115 ,KP ,973 ,BS ,5183 ,"Nuclear, Plasma, Radiolgc Engr ",3915 ,"Radiol, Medical, & Instr Apps ",2,2,0,0,2,0,0,0,0,0,0,0,0,0,0,2,0,10KP5183BS120115 ,KP ,973 ,MS ,5183 ,"Nuclear, Plasma, Radiolgc Engr ",  ,  ,5,5,0,0,4,0,0,0,0,0,0,1,0,0,0,4,1,10KS5183MS120115 ,KP ,973 ,PHD ,0139 ,Nuclear Engineering ,  ,  ,10,7,3,0,4,0,0,0,0,0,0,6,0,0,0,2,8,10KS0139PHD120115 ,KP ,973 ,PHD ,5183 ,"Nuclear, Plasma, Radiolgc Engr ",  ,  ,6,5,1,0,0,0,0,1,0,0,0,5,0,0,0,0,6,10KS5183PHD120115 ,KP ,  ,  ,  ,Engineering ,  ,***College total*** ,2157,1758,398,1,732,209,30,61,1,1,36,1070,17,34,8,674,1483,  ,,,,,,,,,,,,,,,,,,,,,,,,, ,,,,,,,,,,,,,,,,,,,,,,,,,120115 ,KR ,  ,  ,  ,Fine & Applied Arts ,  ,  ,  ,  ,  ,  ,  ,  ,  ,  ,  ,  ,  ,  ,  ,  ,  ,  ,  , 120115 ,KR ,495 ,AMUSD ,0265 ,Music ,  ,  ,7,2,5,0,2,0,0,0,0,0,0,5,0,0,0,2,5,10KS0265AMUS120115 ,KR ,495 ,AMUSD ,0265 ,Music ,3930 ,Choral Music ,5,3,2,0,4,0,0,1,0,0,0,0,0,0,0,1,4,10KS0265AMUS120115 ,KR ,495 ,AMUSD ,0265 ,Music ,5110 ,Performance and Literature ,14,11,3,0,9,0,0,0,0,0,1,3,1,1,1,6,8,10KS0265AMUS120115 ,KR ,495 ,AMUSD ,0265 ,Music ,5111 ,Music Composition ,2,2,0,0,2,0,0,0,0,0,0,0,0,0,0,0,2,10KS0265AMUS120115 ,KR ,495 ,AMUSD ,0265 ,Music ,5117 ,Vocal Coaching & Accompanying ,2,1,1,0,1,0,0,0,0,0,0,1,0,0,0,0,2,10KS0265AMUS120115 ,KR ,495 ,AMUSD ,0265 ,Music ,5118 ,Jazz Performance ,3,3,0,0,1,0,1,0,0,0,0,1,0,1,0,3,0,10KS0265AMUS120115 ,KR ,495 ,BA ,0265 ,Music ,  ,  ,3,2,1,0,2,0,0,0,0,0,0,1,0,0,0,1,2,10KR0265BA120115 ,KR ,495 ,BME ,0168 ,Music Education ,3930 ,Choral Music ,5,0,5,0,5,0,0,0,0,0,0,0,0,0,0,5,0,10KR3930BME120115 ,KR ,495 ,BME ,0168 ,Music Education ,3931 ,Instrumental Music ,13,5,8,0,12,1,0,0,0,0,0,0,0,0,0,12,1,10KR3931BME120115 ,KR ,495 ,BME ,0168 ,Music Education ,3932 ,Elementary General Music ,1,0,1,0,1,0,0,0,0,0,0,0,0,0,0,1,0,10KR3932BME120115 ,KR ,495 ,BMUS ,0157 ,Voice ,  ,  ,2,1,1,0,2,0,0,0,0,0,0,0,0,0,0,2,0,10KR0157BMUS120115 ,KR ,495 ,BMUS ,0158 ,Instrumental Music ,  ,  ,8,4,4,0,5,0,1,0,0,0,0,1,1,1,0,5,3,10KR0158BMUS120115 ,KR ,495 ,BMUS ,0159 ,Music Composition ,  ,  ,4,3,1,0,3,1,0,0,0,0,0,0,0,0,0,3,1,10KR0159BMUS120115 ,KR ,495 ,BMUS ,5045 ,Jazz Performance ,  ,  ,5,3,2,0,4,0,1,0,0,0,0,0,0,1,0,4,1,10KR5045BMUS120115 ,KR ,495 ,EDD ,0168 ,Music Education ,  ,  ,4,1,3,0,3,0,1,0,0,0,0,0,0,1,0,1,3,10KS0168EDD120115 ,KR ,495 ,MME ,0168 ,Music Education ,  ,  ,26,14,12,0,22,0,2,0,0,0,1,1,0,3,0,20,6,10KS0168MME120115 ,KR ,495 ,MMUS ,0265 ,Music ,  ,  ,2,0,2,0,2,0,0,0,0,0,0,0,0,0,0,0,2,10KS0265MMUS120115 ,KR ,495 ,MMUS ,0265 ,Music ,5110 ,Performance and Literature ,5,3,2,0,3,0,2,0,0,0,0,0,0,2,0,2,3,10KS0265MMUS120115 ,KR ,495 ,MMUS ,0265 ,Music ,5113 ,Musicology ,2,2,0,0,2,0,0,0,0,0,0,0,0,0,0,1,1,10KS0265MMUS120115 ,KR ,495 ,MMUS ,0265 ,Music ,5114 ,Piano Pedagogy ,2,0,2,0,0,1,0,0,0,0,0,1,0,0,0,1,1,10KS0265MMUS120115 ,KR ,495 ,MMUS ,0265 ,Music ,5116 ,Instrumental Conducting (Orch) ,2,2,0,0,2,0,0,0,0,0,0,0,0,0,0,1,1,10KS0265MMUS120115 ,KR ,495 ,MMUS ,0265 ,Music ,5118 ,Jazz Performance ,1,0,1,0,1,0,0,0,0,0,0,0,0,0,0,1,0,10KS0265MMUS120115 ,KR ,495 ,PHD ,0168 ,Music Education ,  ,  ,1,1,0,0,1,0,0,0,0,0,0,0,0,0,0,1,0,10KS0168PHD120115 ,KR ,495 ,PHD ,1481 ,Musicology ,  ,  ,6,3,3,0,6,0,0,0,0,0,0,0,0,0,0,4,2,10KS1481PHD120115 ,KR ,526 ,BFA ,0148 ,Graphic Design ,  ,  ,5,1,4,0,2,1,1,0,0,0,0,1,0,1,0,4,1,10KR0148BFA120115 ,KR ,526 ,BFA ,0150 ,History of Art ,  ,  ,3,1,2,0,3,0,0,0,0,0,0,0,0,0,0,3,0,10KR0150BFA120115 ,KR ,526 ,BFA ,0151 ,Photography ,  ,  ,5,1,4,0,1,0,1,2,0,0,1,0,0,1,1,5,0,10KR0151BFA120115 ,KR ,526 ,BFA ,0152 ,Industrial Design ,  ,  ,8,2,6,0,4,1,0,0,0,0,1,2,0,0,0,5,3,10KR0152BFA120115 ,KR ,526 ,BFA ,0169 ,Art Education ,  ,  ,4,2,2,0,3,0,0,0,0,0,1,0,0,1,1,4,0,10KR0169BFA120115 ,KR ,526 ,BFA ,5128 ,New Media ,  ,  ,1,0,1,0,1,0,0,0,0,0,0,0,0,0,0,1,0,10KR5128BFA120115 ,KR ,526 ,EDM ,0169 ,Art Education ,  ,  ,2,0,2,0,2,0,0,0,0,0,0,0,0,0,0,1,1,10KS0169EDM120115 ,KR ,526 ,MA ,0169 ,Art Education ,  ,  ,1,0,1,0,1,0,0,0,0,0,0,0,0,0,0,0,1,10KS0169MA120115 ,KR ,526 ,MA ,0250 ,Art History ,  ,  ,4,0,4,0,3,0,0,1,0,0,0,0,0,0,0,1,3,10KS0250MA120115 ,KR ,526 ,MFA ,0252 ,Art and Design ,0255 ,Industrial Design ,4,1,3,0,0,0,0,0,0,0,0,4,0,0,0,0,4,10KS0255MFA120115 ,KR ,526 ,NONE ,4090 ,Art Foundation ,  ,  ,5,1,4,0,5,0,0,0,0,0,0,0,0,0,0,4,1,10KR4090NONE120115 ,KR ,526 ,PHD ,0169 ,Art Education ,  ,  ,3,2,1,0,2,0,0,0,0,0,0,1,0,0,0,2,1,10KS0169PHD120115 ,KR ,526 ,PHD ,0250 ,Art History ,  ,  ,5,1,4,0,2,0,0,0,0,0,0,2,1,0,0,1,4,10KS0250PHD120115 ,KR ,569 ,BLA ,0156 ,Landscape Architecture ,5095 ,Five-Year Program ,11,7,4,0,8,1,0,0,0,0,0,2,0,0,0,9,2,10KR5095BLA120115 ,KR ,569 ,MLA ,0156 ,Landscape Architecture ,  ,  ,4,0,4,0,1,3,0,0,0,0,0,0,0,0,0,1,3,10KS0156MLA120115 ,KR ,569 ,PHD ,0156 ,Landscape Architecture ,  ,  ,2,0,2,0,2,0,0,0,0,0,0,0,0,0,0,0,2,10KS0156PHD120115 ,KR ,733 ,BA ,0155 ,Urban Planning ,  ,  ,5,5,0,0,3,0,2,0,0,0,0,0,0,2,0,5,0,10KR0155BA120115 ,KR ,733 ,MUP ,0155 ,Urban Planning ,  ,  ,6,2,4,0,2,1,0,0,0,0,1,2,0,0,0,2,4,10KS0155MUP120115 ,KR ,733 ,PHD ,0274 ,Regional Planning ,  ,  ,4,1,3,0,2,0,0,0,0,0,0,2,0,0,0,1,3,10KS0274PHD120115 ,KR ,767 ,BS ,0146 ,Architectural Studies ,  ,  ,27,16,11,0,17,4,2,1,0,0,0,3,0,2,0,23,4,10KR0146BS120115 ,KR ,767 ,MARCH ,0249 ,Architecture ,0247 ,Architecture - 2 Yr ,18,12,6,0,10,1,1,3,0,0,0,3,0,1,0,12,6,10KS0247MARC120115 ,KR ,767 ,MARCH ,0249 ,Architecture ,0248 ,Architecture Track 3 ,5,1,4,0,4,0,0,1,0,0,0,0,0,1,0,3,2,10KS0248MARC120115 ,KR ,767 ,PHD ,0249 ,Architecture ,  ,  ,4,2,2,0,1,0,0,0,0,0,0,3,0,0,0,1,3,10KS0249PHD120115 ,KR ,801 ,BFA ,0261 ,Dance ,  ,  ,5,0,5,0,3,2,0,0,0,0,0,0,0,0,0,4,1,10KR0261BFA120115 ,KR ,801 ,MFA ,0261 ,Dance ,  ,  ,6,0,6,0,6,0,0,0,0,0,0,0,0,0,0,1,5,10KS0261MFA120115 ,KR ,883 ,BFA ,0162 ,Theatre ,4081 ,Acting ,10,6,4,0,6,0,2,1,0,0,1,0,0,3,0,8,2,10KR4081BFA120115 ,KR ,883 ,BFA ,0162 ,Theatre ,4084 ,Lighting Design ,2,2,0,0,2,0,0,0,0,0,0,0,0,0,0,2,0,10KR4084BFA120115 ,KR ,883 ,BFA ,0162 ,Theatre ,4085 ,Sound Design and Technology ,2,2,0,0,2,0,0,0,0,0,0,0,0,0,0,2,0,10KR4085BFA120115 ,KR ,883 ,BFA ,0162 ,Theatre ,4086 ,Scenic Design ,1,0,1,0,0,0,0,0,0,0,0,1,0,0,0,0,1,10KR4086BFA120115 ,KR ,883 ,MA ,0162 ,Theatre ,  ,  ,2,0,2,0,1,0,0,0,0,0,0,0,1,0,0,1,1,10KS0162MA120115 ,KR ,883 ,MFA ,0162 ,Theatre ,0271 ,Design and Technology ,4,3,1,0,1,0,0,0,0,0,2,1,0,1,2,2,2,10KS0271MFA120115 ,KR ,883 ,MFA ,0162 ,Theatre ,0272 ,Acting ,4,2,2,0,3,0,0,1,0,0,0,0,0,0,0,2,2,10KS0272MFA120115 ,KR ,883 ,NONE ,0162 ,Theatre ,4080 ,Theatre Foundations ,2,0,2,0,2,0,0,0,0,0,0,0,0,0,0,2,0,10KR4080NONE120115 ,KR ,883 ,PHD ,0162 ,Theatre ,  ,  ,9,6,3,0,7,1,0,0,1,0,0,0,0,0,1,5,4,10KS0162PHD120115 ,KR ,  ,  ,  ,Fine & Applied Arts ,  ,***College total*** ,308,145,163,0,207,18,17,11,1,0,9,41,4,23,6,194,114,  ,,,,,,,,,,,,,,,,,,,,,,,,, ,,,,,,,,,,,,,,,,,,,,,,,,,120115 ,KS ,  ,  ,  ,Graduate College ,  ,  ,  ,  ,  ,  ,  ,  ,  ,  ,  ,  ,  ,  ,  ,  ,  ,  ,  , 120115 ,KS ,486 ,NDEG ,0067 ,Nondegree ,  ,  ,8,4,4,0,7,0,0,0,0,0,0,0,1,0,0,7,1,10KS0067NDEG120115 ,KS ,  ,  ,  ,Graduate College ,  ,***College total*** ,8,4,4,0,7,0,0,0,0,0,0,0,1,0,0,7,1,  ,,,,,,,,,,,,,,,,,,,,,,,,, ,,,,,,,,,,,,,,,,,,,,,,,,,120115 ,KT ,  ,  ,  ,Media ,  ,  ,  ,  ,  ,  ,  ,  ,  ,  ,  ,  ,  ,  ,  ,  ,  ,  ,  , 120115 ,KT ,238 ,BS ,0382 ,Media Studies ,  ,  ,3,1,2,0,0,1,1,1,0,0,0,0,0,1,0,2,1,10KT0382BS120115 ,KT ,238 ,PHD ,0279 ,Communications ,  ,  ,19,9,10,0,2,0,2,5,0,0,2,8,0,4,1,5,14,10KS0279PHD120115 ,KT ,238 ,PHD ,5202 ,Communications and Media ,  ,  ,4,3,1,0,2,0,1,0,0,0,1,0,0,2,0,2,2,10KS5202PHD120115 ,KT ,408 ,BS ,0277 ,Advertising ,  ,  ,69,25,44,0,31,7,11,6,0,0,2,12,0,11,0,51,18,10KT0277BS120115 ,KT ,408 ,MS ,0277 ,Advertising ,  ,  ,7,1,6,0,4,0,1,0,0,0,0,2,0,1,0,3,4,10KS0277MS120115 ,KT ,436 ,BS ,5201 ,Media and Cinema Studies ,3869 ,Cinema Studies ,8,4,4,0,5,1,1,0,0,0,0,1,0,1,0,7,1,10KT5201BS120115 ,KT ,436 ,BS ,5201 ,Media and Cinema Studies ,5205 ,Media Studies ,7,3,4,0,2,1,2,2,0,0,0,0,0,2,0,7,0,10KT5201BS120115 ,KT ,642 ,BSJ ,0380 ,News-Editorial ,  ,  ,9,2,7,0,7,1,1,0,0,0,0,0,0,1,0,8,1,10KT0380BSJ120115 ,KT ,642 ,BSJ ,0381 ,Broadcast Journalism ,  ,  ,12,5,7,0,4,1,5,1,0,0,0,1,0,5,0,10,2,10KT0381BSJ120115 ,KT ,642 ,MS ,0278 ,Journalism ,  ,  ,12,5,7,0,9,1,0,0,0,0,0,2,0,0,0,8,4,10KS0278MS120115 ,KT ,  ,  ,  ,Media ,  ,***College total*** ,150,58,92,0,66,13,25,15,0,0,5,26,0,28,1,103,47,  ,,,,,,,,,,,,,,,,,,,,,,,,, ,,,,,,,,,,,,,,,,,,,,,,,,,120115 ,KU ,  ,  ,  ,Law ,  ,  ,  ,  ,  ,  ,  ,  ,  ,  ,  ,  ,  ,  ,  ,  ,  ,  ,  , 120115 ,KU ,853 ,JD ,0385 ,Law ,  ,  ,81,50,31,0,48,6,6,4,2,0,4,9,2,6,4,33,48,10KU0385JD120115 ,KU ,853 ,JSD ,0281 ,Law ,  ,  ,1,1,0,0,0,0,0,0,0,0,0,1,0,0,0,0,1,10KS0281JSD120115 ,KU ,853 ,LLM ,0281 ,Law ,  ,  ,1,0,1,0,0,1,0,0,0,0,0,0,0,0,0,0,1,10KS0281LLM120115 ,KU ,  ,  ,  ,Law ,  ,***College total*** ,83,51,32,0,48,7,6,4,2,0,4,10,2,6,4,33,50,  ,,,,,,,,,,,,,,,,,,,,,,,,, ,,,,,,,,,,,,,,,,,,,,,,,,,120115 ,KV ,  ,  ,  ,Liberal Arts & Sci ,  ,  ,  ,  ,  ,  ,  ,  ,  ,  ,  ,  ,  ,  ,  ,  ,  ,  ,  , 120115 ,KV ,241 ,BALAS ,0340 ,Anthropology ,  ,  ,22,9,13,0,12,2,3,3,0,0,2,0,0,4,1,19,3,10KV0340BALA120115 ,KV ,241 ,BALAS ,0340 ,Anthropology ,  ,  ,1,0,1,0,0,0,0,1,0,0,0,0,0,0,0,1,0,10KV8037BALA120115 ,KV ,241 ,BALAS ,0340 ,Anthropology ,5043 ,Socioculturl & Linguistic Anth ,3,0,3,0,2,0,0,1,0,0,0,0,0,0,0,3,0,10KV5043BALA120115 ,KV ,241 ,PHD ,0340 ,Anthropology ,  ,  ,24,8,16,0,10,3,2,2,0,0,0,5,2,2,0,4,20,10KS0340PHD120115 ,KV ,253 ,BSLAS ,0334 ,Atmospheric Sciences ,  ,  ,17,14,3,0,15,1,0,1,0,0,0,0,0,0,0,17,0,10KV0334BSLA120115 ,KV ,253 ,BSLAS ,0334 ,Atmospheric Sciences ,  ,  ,1,0,1,0,1,0,0,0,0,0,0,0,0,0,0,1,0,10KV8037BSLA120115 ,KV ,253 ,MS ,0334 ,Atmospheric Sciences ,  ,  ,19,9,10,0,15,0,0,1,0,0,1,2,0,0,0,7,12,10KS0334MS120115 ,KV ,253 ,PHD ,0334 ,Atmospheric Sciences ,  ,  ,29,15,14,0,16,0,0,0,0,0,0,13,0,0,0,1,28,10KS0334PHD120115 ,KV ,257 ,BSLAS ,0439 ,Mathematics ,  ,  ,8,4,4,0,6,2,0,0,0,0,0,0,0,0,0,8,0,10KV0439BSLA120115 ,KV ,257 ,BSLAS ,0439 ,Mathematics ,3895 ,Applied Mathematics ,3,3,0,0,1,0,0,0,0,0,0,2,0,0,0,1,2,10KV3895BSLA120115 ,KV ,257 ,BSLAS ,0439 ,Mathematics ,3897 ,Mathematics Teaching Option ,5,2,3,0,4,1,0,0,0,0,0,0,0,0,0,4,1,10KV3897BSLA120115 ,KV ,257 ,BSLAS ,0461 ,Actuarial Science ,  ,  ,31,15,16,0,7,7,2,0,0,0,0,14,1,2,0,14,17,10KV0461BSLA120115 ,KV ,257 ,BSLAS ,1438 ,Math & Computer Science ,  ,  ,11,10,1,0,6,1,0,0,0,0,0,4,0,0,0,7,4,10KV1438BSLA120115 ,KV ,257 ,BSLAS ,1438 ,Math & Computer Science ,  ,  ,1,1,0,0,0,0,0,0,0,0,0,1,0,0,0,0,1,10KV8037BSLA120115 ,KV ,257 ,MS ,0290 ,Teaching of Mathematics ,  ,  ,3,1,2,0,3,0,0,0,0,0,0,0,0,0,0,3,0,10KS0290MS120115 ,KV ,257 ,MS ,0327 ,Applied Mathematics ,  ,  ,5,5,0,0,0,0,0,0,0,0,1,4,0,1,0,0,5,10KS0327MS120115 ,KV ,257 ,MS ,0327 ,Applied Mathematics ,0328 ,Actuarial Science ,2,2,0,0,0,0,0,0,0,0,0,2,0,0,0,0,2,10KS0328MS120115 ,KV ,257 ,MS ,0439 ,Mathematics ,  ,  ,4,3,1,0,1,0,0,0,0,0,0,3,0,0,0,1,3,10KS0439MS120115 ,KV ,257 ,NONE ,0439 ,Mathematics ,  ,  ,35,21,14,0,16,4,1,1,0,1,0,12,0,1,0,23,12,10KV0439NONE120115 ,KV ,257 ,PHD ,0439 ,Mathematics ,  ,  ,35,26,9,0,11,1,0,4,0,0,1,17,1,1,1,1,34,10KS0439PHD120115 ,KV ,265 ,BSLAS ,5086 ,"Earth Systems, Env, & Society ",  ,  ,6,4,2,0,4,1,0,0,0,0,0,1,0,0,0,5,1,10KV5086BSLA120115 ,KV ,265 ,BSLAS ,5086 ,"Earth Systems, Env, & Society ",5103 ,Society and the Environment ,10,7,3,0,8,0,1,1,0,0,0,0,0,1,0,10,0,10KV5086BSLA120115 ,KV ,265 ,BSLAS ,5086 ,"Earth Systems, Env, & Society ",5103 ,Society and the Environment ,1,0,1,0,1,0,0,0,0,0,0,0,0,0,0,1,0,10KV8037BSLA120115 ,KV ,265 ,BSLAS ,5086 ,"Earth Systems, Env, & Society ",5104 ,Science of the Earth System ,12,6,6,0,9,0,0,0,0,0,2,1,0,1,2,11,1,10KV5086BSLA120115 ,KV ,265 ,BSLAS ,5281 ,"Earth, Society, & Environment ",  ,  ,1,1,0,0,1,0,0,0,0,0,0,0,0,0,0,1,0,10KV5281BSLA120115 ,KV ,299 ,BSLAS ,0338 ,Psychology ,  ,  ,197,66,129,2,100,27,20,16,0,0,8,22,4,23,1,168,29,10KV0338BSLA120115 ,KV ,299 ,BSLAS ,0338 ,Psychology ,  ,  ,11,2,9,0,5,3,0,1,0,0,0,1,1,0,0,10,1,10KV8037BSLA120115 ,KV ,299 ,PHD ,0338 ,Psychology ,  ,  ,42,20,22,0,24,3,1,5,0,0,0,8,1,1,2,5,37,10KS0338PHD120115 ,KV ,303 ,BALAS ,1008 ,African American Studies ,  ,  ,2,2,0,0,0,0,1,0,0,0,0,1,0,1,0,1,1,10KV1008BALA120115 ,KV ,324 ,BALAS ,0344 ,Sociology ,  ,  ,79,41,38,0,16,10,32,13,1,0,3,2,2,36,4,69,10,10KV0344BALA120115 ,KV ,324 ,BALAS ,0344 ,Sociology ,  ,  ,11,3,8,0,3,1,0,7,0,0,0,0,0,1,2,11,0,10KV8037BALA120115 ,KV ,324 ,PHD ,0344 ,Sociology ,  ,  ,17,5,12,0,3,3,3,3,0,0,0,3,2,3,0,4,13,10KS0344PHD120115 ,KV ,361 ,MS ,0324 ,Entomology ,  ,  ,5,1,4,0,5,0,0,0,0,0,0,0,0,0,0,1,4,10KS0324MS120115 ,KV ,361 ,PHD ,0324 ,Entomology ,  ,  ,15,5,10,0,7,1,0,1,0,0,0,5,1,0,0,1,14,10KS0324PHD120115 ,KV ,362 ,BALAS ,0285 ,E Asian Languages & Cultures ,  ,  ,9,3,6,0,2,5,1,0,0,0,1,0,0,1,1,9,0,10KV0285BALA120115 ,KV ,362 ,MA ,0284 ,Asian Studies ,  ,  ,5,3,2,0,4,0,0,0,0,0,0,0,1,0,0,4,1,10KS0284MA120115 ,KV ,362 ,PHD ,0285 ,E Asian Languages & Cultures ,  ,  ,6,2,4,0,1,3,0,0,0,0,0,2,0,0,0,1,5,10KS0285PHD120115 ,KV ,377 ,MS ,0320 ,Plant Biology ,  ,  ,2,1,1,0,1,0,0,0,1,0,0,0,0,0,1,1,1,10KS0320MS120115 ,KV ,377 ,PHD ,0320 ,Plant Biology ,  ,  ,7,2,5,0,5,0,0,0,0,0,0,1,1,0,0,2,5,10KS0320PHD120115 ,KV ,383 ,BSLAS ,0438 ,Integrative Biology ,  ,  ,75,35,40,0,47,6,5,10,0,0,1,6,0,7,0,69,6,10KV0438BSLA120115 ,KV ,383 ,BSLAS ,0438 ,Integrative Biology ,  ,  ,3,2,1,0,2,1,0,0,0,0,0,0,0,0,0,3,0,10KV8037BSLA120115 ,KV ,383 ,BSLAS ,0438 ,Integrative Biology ,5028 ,Honors Integrative Biology ,4,2,2,0,1,1,0,0,0,0,1,0,1,0,1,4,0,10KV5028BSLA120115 ,KV ,383 ,BSLAS ,0438 ,Integrative Biology ,5028 ,Honors Integrative Biology ,1,0,1,0,1,0,0,0,0,0,0,0,0,0,0,1,0,10KV8037BSLA120115 ,KV ,383 ,MS ,0314 ,Biology ,  ,  ,2,0,2,0,0,2,0,0,0,0,0,0,0,0,0,2,0,10KS0314MS120115 ,KV ,383 ,MS ,0314 ,Biology ,0315 ,"Ecology, Ethology, Evolution ",1,0,1,0,1,0,0,0,0,0,0,0,0,0,0,1,0,10KS0315MS120115 ,KV ,383 ,PHD ,0314 ,Biology ,0315 ,"Ecology, Ethology, Evolution ",6,1,5,0,4,0,0,0,0,0,0,2,0,0,0,0,6,10KS0315PHD120115 ,KV ,383 ,PHD ,0314 ,Biology ,0316 ,Ecology & Evolutionary Biology ,3,0,3,0,3,0,0,0,0,0,0,0,0,0,0,1,2,10KS0316PHD120115 ,KV ,383 ,PHD ,0314 ,Biology ,0317 ,Physiol & Molec Plant Biology ,1,0,1,0,0,0,0,0,0,0,0,1,0,0,0,0,1,10KS0317PHD120115 ,KV ,383 ,PHD ,5107 ,"Ecol, Evol, Conservation Biol ",  ,  ,11,4,7,0,8,1,0,1,0,0,0,0,1,0,0,4,7,10KS5107PHD120115 ,KV ,397 ,BSLAS ,0314 ,Biology ,3993 ,Biology Teacher Educ Option ,1,0,1,0,1,0,0,0,0,0,0,0,0,0,0,1,0,10KV3993BSLA120115 ,KV ,397 ,NONE ,0314 ,Biology ,  ,  ,53,17,36,0,25,15,5,3,0,0,2,3,0,6,1,44,9,10KV0314NONE120115 ,KV ,405 ,BALAS ,0074 ,Economics ,  ,  ,105,79,26,0,31,17,4,1,0,0,0,51,1,4,0,49,56,10KV0074BALA120115 ,KV ,405 ,BALAS ,0074 ,Economics ,  ,  ,13,10,3,0,2,4,0,2,0,0,0,5,0,0,0,6,7,10KV8037BALA120115 ,KV ,405 ,MS ,0074 ,Economics ,3925 ,Policy Economics ,35,25,10,0,4,2,0,0,0,0,0,29,0,0,0,4,31,10KS3925MS120115 ,KV ,405 ,PHD ,0074 ,Economics ,  ,  ,42,34,8,0,5,1,0,0,0,0,0,36,0,0,0,1,41,10KS0074PHD120115 ,KV ,413 ,BS ,0335 ,Chemistry ,  ,  ,31,23,8,0,11,7,0,1,0,0,1,9,2,0,0,19,12,10KV0335BS120115 ,KV ,413 ,BSLAS ,0335 ,Chemistry ,  ,  ,43,25,18,0,19,9,3,2,0,0,2,8,0,3,1,35,8,10KV0335BSLA120115 ,KV ,413 ,BSLAS ,0335 ,Chemistry ,3918 ,Chemistry Teaching Option ,1,1,0,0,1,0,0,0,0,0,0,0,0,0,0,1,0,10KV3918BSLA120115 ,KV ,413 ,PHD ,0335 ,Chemistry ,  ,  ,210,145,65,0,130,12,2,5,1,0,7,49,4,2,3,14,196,10KS0335PHD120115 ,KV ,413 ,PHD ,0337 ,Chemical Physics ,  ,  ,8,7,1,0,4,0,0,1,0,0,0,3,0,0,0,0,8,10KS0337PHD120115 ,KV ,415 ,BSLAS ,0433 ,Molecular and Cellular Biology ,  ,  ,177,102,75,0,86,45,17,13,0,0,3,10,3,17,0,165,12,10KV0433BSLA120115 ,KV ,415 ,BSLAS ,0433 ,Molecular and Cellular Biology ,  ,  ,10,7,3,0,8,2,0,0,0,0,0,0,0,0,0,9,1,10KV8037BSLA120115 ,KV ,415 ,BSLAS ,0433 ,Molecular and Cellular Biology ,5121 ,Honors ,9,5,4,0,5,1,1,1,0,0,1,0,0,1,0,9,0,10KV0433BSLA120115 ,KV ,415 ,BSLAS ,0433 ,Molecular and Cellular Biology ,5121 ,Honors ,1,1,0,0,1,0,0,0,0,0,0,0,0,0,0,1,0,10KV8037BSLA120115 ,KV ,415 ,NONE ,3854 ,Molecular&Cell Bio-undeclared ,  ,  ,1,1,0,0,0,0,0,0,0,0,0,1,0,0,0,0,1,10KS3854NONE120115 ,KV ,415 ,PHD ,0319 ,Biophysics & Computnl Biology ,  ,  ,57,45,12,0,16,1,0,2,0,0,1,37,0,0,0,5,52,10KS0319PHD120115 ,KV ,415 ,PHD ,0323 ,Neuroscience ,  ,  ,38,16,22,0,15,9,0,5,0,1,1,7,0,1,0,11,27,10KS0323PHD120115 ,KV ,430 ,BSLAS ,0333 ,Astronomy ,  ,  ,4,3,1,0,3,0,0,1,0,0,0,0,0,0,0,4,0,10KV0333BSLA120115 ,KV ,430 ,MS ,0333 ,Astronomy ,  ,  ,3,2,1,0,2,0,0,0,0,0,0,1,0,0,0,2,1,10KS0333MS120115 ,KV ,430 ,PHD ,0333 ,Astronomy ,  ,  ,18,10,8,0,8,2,0,0,0,0,0,8,0,0,0,2,16,10KS0333PHD120115 ,KV ,430 ,PHD ,0333 ,Astronomy ,5024 ,Astrochemistry ,1,1,0,0,1,0,0,0,0,0,0,0,0,0,0,0,1,10KS0333PHD120115 ,KV ,438 ,BS ,0318 ,Biochemistry ,  ,  ,15,9,6,0,3,8,0,1,0,0,0,3,0,0,0,10,5,10KV0318BS120115 ,KV ,438 ,PHD ,0318 ,Biochemistry ,  ,  ,66,33,33,0,20,11,0,5,0,0,1,29,0,0,1,18,48,10KS0318PHD120115 ,KV ,451 ,BALAS ,0342 ,History ,  ,  ,51,42,9,0,36,2,4,6,0,0,1,1,1,4,0,51,0,10KV0342BALA120115 ,KV ,451 ,BALAS ,0342 ,History ,  ,  ,6,3,3,0,3,1,0,2,0,0,0,0,0,0,0,6,0,10KV8037BALA120115 ,KV ,451 ,BALAS ,0342 ,History ,3917 ,Teaching of Social Studies ,1,1,0,0,1,0,0,0,0,0,0,0,0,0,0,1,0,10KV3917BALA120115 ,KV ,451 ,BALAS ,0342 ,History ,5280 ,Social Science: History Tchng ,8,3,5,0,7,1,0,0,0,0,0,0,0,0,0,8,0,10KV0342BALA120115 ,KV ,451 ,PHD ,0342 ,History ,  ,  ,33,23,10,0,17,0,7,0,0,0,2,5,2,9,1,4,29,10KS0342PHD120115 ,KV ,461 ,MA ,0283 ,African Studies ,  ,  ,7,5,2,0,3,0,3,0,0,0,0,1,0,3,0,4,3,10KS0283MA120115 ,KV ,489 ,BALAS ,0313 ,Speech Communication ,  ,  ,2,1,1,0,1,0,1,0,0,0,0,0,0,1,0,1,1,10KV0313BALA120115 ,KV ,489 ,BALAS ,5164 ,Communication ,  ,  ,179,90,89,0,85,11,53,14,0,0,5,11,0,55,3,149,30,10KV5164BALA120115 ,KV ,489 ,BALAS ,5164 ,Communication ,  ,  ,3,0,3,0,1,1,1,0,0,0,0,0,0,1,0,3,0,10KV8037BALA120115 ,KV ,489 ,MA ,5164 ,Communication ,  ,  ,21,0,21,0,14,0,2,2,0,0,0,2,1,2,0,11,10,10KS5164MA120115 ,KV ,489 ,PHD ,0313 ,Speech Communication ,  ,  ,7,6,1,0,6,0,0,1,0,0,0,0,0,0,0,1,6,10KS0313PHD120115 ,KV ,489 ,PHD ,5164 ,Communication ,  ,  ,20,9,11,0,16,1,2,0,0,0,0,0,1,2,0,9,11,10KS5164PHD120115 ,KV ,490 ,BALAS ,0443 ,Religious Studies ,  ,  ,1,1,0,0,1,0,0,0,0,0,0,0,0,0,0,1,0,10KV0443BALA120115 ,KV ,490 ,BALAS ,5197 ,Religion ,  ,  ,3,3,0,0,1,1,0,0,0,0,0,0,1,0,0,3,0,10KV5197BALA120115 ,KV ,490 ,BALAS ,5197 ,Religion ,3899 ,Christianity ,1,0,1,0,1,0,0,0,0,0,0,0,0,0,0,1,0,10KV5197BALA120115 ,KV ,490 ,BALAS ,5197 ,Religion ,3902 ,Philosophy of Religion ,1,1,0,0,1,0,0,0,0,0,0,0,0,0,0,1,0,10KV5197BALA120115 ,KV ,499 ,BALAS ,0311 ,English ,  ,  ,72,24,47,1,43,7,10,9,0,0,2,0,1,13,1,70,2,10KV0311BALA120115 ,KV ,499 ,BALAS ,0311 ,English ,  ,  ,10,2,8,0,7,1,2,0,0,0,0,0,0,2,0,10,0,10KV8037BALA120115 ,KV ,499 ,BALAS ,0311 ,English ,3916 ,English Teaching Option ,8,0,8,0,7,0,1,0,0,0,0,0,0,1,0,8,0,10KV3916BALA120115 ,KV ,499 ,BALAS ,0420 ,Rhetoric ,3892 ,Creative Writing ,20,13,7,0,12,3,3,1,0,0,0,0,1,4,0,20,0,10KV3892BALA120115 ,KV ,499 ,BALAS ,0420 ,Rhetoric ,3892 ,Creative Writing ,3,2,1,0,1,0,1,1,0,0,0,0,0,1,0,3,0,10KV8037BALA120115 ,KV ,499 ,MA ,0311 ,English ,  ,  ,1,0,1,0,0,1,0,0,0,0,0,0,0,0,0,0,1,10KS0311MA120115 ,KV ,499 ,MFA ,1136 ,Creative Writing ,  ,  ,1,1,0,0,1,0,0,0,0,0,0,0,0,0,0,0,1,10KS1136MFA120115 ,KV ,499 ,PHD ,0311 ,English ,  ,  ,38,16,22,0,29,2,1,6,0,0,0,0,0,1,0,9,29,10KS0311PHD120115 ,KV ,499 ,PHD ,0311 ,English ,5139 ,Writing Studies ,3,1,2,0,3,0,0,0,0,0,0,0,0,0,0,0,3,10KS0311PHD120115 ,KV ,514 ,BALAS ,0308 ,Classics ,  ,  ,1,1,0,0,1,0,0,0,0,0,0,0,0,0,0,1,0,10KV0308BALA120115 ,KV ,514 ,BALAS ,0308 ,Classics ,  ,  ,2,1,1,0,1,1,0,0,0,0,0,0,0,0,0,2,0,10KV8037BALA120115 ,KV ,514 ,BALAS ,0308 ,Classics ,0310 ,Latin ,1,0,1,0,1,0,0,0,0,0,0,0,0,0,0,1,0,10KV0310BALA120115 ,KV ,514 ,BALAS ,0308 ,Classics ,3878 ,Classical Civilization ,1,0,1,0,1,0,0,0,0,0,0,0,0,0,0,1,0,10KV3878BALA120115 ,KV ,514 ,MA ,0308 ,Classics ,  ,  ,2,1,1,0,2,0,0,0,0,0,0,0,0,0,0,1,1,10KS0308MA120115 ,KV ,514 ,PHD ,0347 ,Classical Philology ,  ,  ,2,1,1,0,1,1,0,0,0,0,0,0,0,0,0,0,2,10KS0347PHD120115 ,KV ,553 ,BALAS ,0287 ,Russian & E European Studies ,  ,  ,1,1,0,0,1,0,0,0,0,0,0,0,0,0,0,1,0,10KV0287BALA120115 ,KV ,553 ,BALAS ,4097 ,"Russian, E Eur, Eurasian St ",  ,  ,1,1,0,0,1,0,0,0,0,0,0,0,0,0,0,1,0,10KV4097BALA120115 ,KV ,580 ,BALAS ,0150 ,History of Art ,  ,  ,3,0,3,0,0,0,0,0,0,0,0,2,1,0,0,1,2,10KV0150BALA120115 ,KV ,580 ,BALAS ,0401 ,International Studies ,  ,  ,18,7,11,0,7,4,1,3,0,0,0,3,0,1,1,14,4,10KV0401BALA120115 ,KV ,580 ,BALAS ,0401 ,International Studies ,  ,  ,3,0,3,0,2,1,0,0,0,0,0,0,0,0,0,3,0,10KV8037BALA120115 ,KV ,580 ,BALAS ,3865 ,Interdisciplinary ,3869 ,Cinema Studies ,4,4,0,0,1,2,1,0,0,0,0,0,0,1,0,4,0,10KV3869BALA120115 ,KV ,580 ,BALAS ,5206 ,Global Studies ,  ,  ,29,6,23,0,16,6,1,3,0,0,0,2,1,1,0,24,5,10KV5206BALA120115 ,KV ,580 ,BALAS ,5206 ,Global Studies ,  ,  ,4,2,2,0,3,0,0,1,0,0,0,0,0,0,0,4,0,10KV8037BALA120115 ,KV ,580 ,BS ,0240 ,Physics ,  ,  ,12,11,1,0,7,1,0,1,0,0,0,3,0,0,0,7,5,10KV0240BS120115 ,KV ,580 ,BSLAS ,0240 ,Physics ,  ,  ,9,8,1,0,2,3,0,1,0,0,0,3,0,0,0,6,3,10KV0240BSLA120115 ,KV ,580 ,BSLAS ,0463 ,Individual Plans of Study ,  ,  ,1,1,0,0,0,0,0,1,0,0,0,0,0,0,0,1,0,10KV0463BSLA120115 ,KV ,580 ,NDEG ,0067 ,Nondegree ,  ,  ,15,5,10,0,7,1,1,4,0,0,1,0,1,1,0,15,0,10KV0067NDEG120115 ,KV ,580 ,NONE ,0390 ,General Curriculum ,  ,  ,15,10,5,0,1,1,11,2,0,0,0,0,0,11,0,12,3,10KV0390NONE120115 ,KV ,580 ,NONE ,5246 ,LAS - Undeclared ,  ,  ,24,18,6,0,1,0,21,1,0,0,1,0,0,21,1,10,14,10KV5246NONE120115 ,KV ,583 ,BALAS ,0329 ,Statistics ,  ,  ,1,1,0,0,0,1,0,0,0,0,0,0,0,0,0,0,1,10KV0329BALA120115 ,KV ,583 ,BSLAS ,0329 ,Statistics ,  ,  ,37,27,10,0,11,9,5,1,0,0,0,11,0,5,0,23,14,10KV0329BSLA120115 ,KV ,583 ,BSLAS ,0329 ,Statistics ,  ,  ,1,0,1,0,0,1,0,0,0,0,0,0,0,0,0,1,0,10KV8037BSLA120115 ,KV ,583 ,BSLAS ,0464 ,Statistics & Computer Science ,  ,  ,4,4,0,0,2,1,0,0,0,0,0,1,0,0,0,3,1,10KV0464BSLA120115 ,KV ,583 ,MS ,0329 ,Statistics ,  ,  ,9,3,6,0,2,1,0,0,0,0,0,6,0,0,0,4,5,10KS0329MS120115 ,KV ,583 ,MS ,0329 ,Statistics ,5165 ,Analytics ,1,0,1,0,0,0,0,0,0,0,0,1,0,0,0,0,1,10KS5165MS120115 ,KV ,583 ,PHD ,0329 ,Statistics ,  ,  ,10,8,2,0,3,0,1,0,0,0,0,6,0,1,0,2,8,10KS0329PHD120115 ,KV ,584 ,PHD ,0321 ,Cell and Structural Biology ,  ,  ,2,2,0,0,0,0,0,0,0,0,0,2,0,0,0,0,2,10KS0321PHD120115 ,KV ,584 ,PHD ,4094 ,Cell and Developmental Biology ,  ,  ,41,20,21,0,11,5,0,1,0,0,0,24,0,0,0,8,33,10KS4094PHD120115 ,KV ,585 ,BA ,0297 ,Teaching of Spanish ,  ,  ,4,2,2,0,4,0,0,0,0,0,0,0,0,0,0,4,0,10KV0297BA120115 ,KV ,585 ,BALAS ,0305 ,Italian ,  ,  ,1,0,1,0,1,0,0,0,0,0,0,0,0,0,0,1,0,10KV0305BALA120115 ,KV ,585 ,BALAS ,0307 ,Spanish ,  ,  ,24,5,19,0,18,2,0,4,0,0,0,0,0,0,0,24,0,10KV0307BALA120115 ,KV ,585 ,BALAS ,0307 ,Spanish ,  ,  ,1,0,1,0,1,0,0,0,0,0,0,0,0,0,0,1,0,10KV8037BALA120115 ,KV ,585 ,MA ,0307 ,Spanish ,  ,  ,1,1,0,0,0,0,0,1,0,0,0,0,0,0,0,1,0,10KS0307MA120115 ,KV ,585 ,MA ,0307 ,Spanish ,5122 ,Spanish Linguistics ,1,0,1,0,0,0,0,0,0,0,0,1,0,0,0,0,1,10KS0307MA120115 ,KV ,585 ,NDEG ,0307 ,Spanish ,  ,  ,1,0,1,0,0,0,0,1,0,0,0,0,0,0,0,1,0,10KS0307NDEG120115 ,KV ,585 ,PHD ,0307 ,Spanish ,  ,  ,5,1,4,0,2,0,0,3,0,0,0,0,0,1,0,1,4,10KS0307PHD120115 ,KV ,604 ,PHD ,0325 ,Molecular & Integrative Physi ,  ,  ,31,14,17,0,14,2,2,3,0,0,0,10,0,2,0,10,21,10KS0325PHD120115 ,KV ,655 ,BS ,0336 ,Geology ,  ,  ,10,6,4,0,10,0,0,0,0,0,0,0,0,0,0,10,0,10KV0336BS120115 ,KV ,655 ,BS ,0336 ,Geology ,3881 ,Environmental Geology ,1,1,0,0,1,0,0,0,0,0,0,0,0,0,0,1,0,10KV3881BS120115 ,KV ,655 ,BSLAS ,0336 ,Geology ,  ,  ,6,5,1,0,5,0,0,0,0,0,0,0,1,0,0,6,0,10KV0336BSLA120115 ,KV ,655 ,BSLAS ,0336 ,Geology ,  ,  ,1,1,0,0,0,0,0,1,0,0,0,0,0,1,0,1,0,10KV8037BSLA120115 ,KV ,655 ,BSLAS ,0336 ,Geology ,3882 ,Earth & Environmental Sciences ,2,1,1,0,1,0,0,1,0,0,0,0,0,0,0,2,0,10KV3882BSLA120115 ,KV ,655 ,PHD ,0336 ,Geology ,  ,  ,2,2,0,0,0,0,0,0,0,0,0,2,0,0,0,0,2,10KS0336PHD120115 ,KV ,670 ,MA ,5203 ,European Union Studies ,  ,  ,2,1,1,0,2,0,0,0,0,0,0,0,0,0,0,2,0,10KS5203MA120115 ,KV ,680 ,BALAS ,1279 ,Gender and Women's Studies ,  ,  ,4,1,3,0,0,0,3,1,0,0,0,0,0,3,0,4,0,10KV1279BALA120115 ,KV ,687 ,BS ,0300 ,Chemical Engineering ,  ,  ,57,35,22,0,24,16,2,3,0,0,0,11,1,2,0,41,16,10KV0300BS120115 ,KV ,687 ,BS ,0300 ,Chemical Engineering ,5029 ,Biomolecular Engineering ,2,0,2,0,0,0,0,0,0,0,0,1,1,0,0,1,1,10KV5029BS120115 ,KV ,687 ,MS ,0300 ,Chemical Engineering ,  ,  ,4,1,3,0,0,1,0,0,0,0,0,3,0,0,0,0,4,10KS0300MS120115 ,KV ,687 ,PHD ,0300 ,Chemical Engineering ,  ,  ,88,56,32,0,35,8,0,3,0,0,1,39,2,0,0,6,82,10KS0300PHD120115 ,KV ,710 ,BALAS ,0343 ,Political Science ,  ,  ,138,95,43,0,93,9,8,14,0,0,4,10,0,9,0,121,17,10KV0343BALA120115 ,KV ,710 ,BALAS ,0343 ,Political Science ,  ,  ,16,9,7,0,12,0,1,2,0,0,0,1,0,1,0,15,1,10KV8037BALA120115 ,KV ,710 ,MA ,0343 ,Political Science ,5120 ,Civic Leadership ,1,1,0,0,1,0,0,0,0,0,0,0,0,0,0,1,0,10KS0343MA120115 ,KV ,710 ,PHD ,0343 ,Political Science ,  ,  ,17,10,7,0,14,0,0,1,0,0,0,2,0,0,1,2,15,10KS0343PHD120115 ,KV ,715 ,BALAS ,0332 ,Philosophy ,  ,  ,16,11,5,0,10,3,1,0,0,0,0,2,0,1,0,13,3,10KV0332BALA120115 ,KV ,715 ,PHD ,0332 ,Philosophy ,  ,  ,2,2,0,0,2,0,0,0,0,0,0,0,0,0,0,0,2,10KS0332PHD120115 ,KV ,729 ,BALAS ,0286 ,Latin American Studies ,  ,  ,1,0,1,0,0,0,0,1,0,0,0,0,0,0,0,1,0,10KV0286BALA120115 ,KV ,729 ,MA ,0286 ,Latin American Studies ,  ,  ,1,0,1,0,0,0,0,1,0,0,0,0,0,0,0,0,1,10KS0286MA120115 ,KV ,771 ,MA ,1120 ,Comparative Literature ,  ,  ,1,1,0,0,1,0,0,0,0,0,0,0,0,0,0,0,1,10KS1120MA120115 ,KV ,771 ,PHD ,1120 ,Comparative Literature ,  ,  ,6,2,4,0,3,1,0,0,0,0,0,2,0,0,0,1,5,10KS1120PHD120115 ,KV ,864 ,BALAS ,0301 ,Linguistics ,  ,  ,4,3,1,0,4,0,0,0,0,0,0,0,0,0,0,4,0,10KV0301BALA120115 ,KV ,864 ,MA ,0299 ,Teaching of English Sec Lang ,  ,  ,10,2,8,0,5,0,1,1,0,0,0,3,0,1,0,6,4,10KS0299MA120115 ,KV ,864 ,MA ,0301 ,Linguistics ,  ,  ,6,2,4,0,2,1,0,0,0,0,0,3,0,0,0,2,4,10KS0301MA120115 ,KV ,864 ,PHD ,0301 ,Linguistics ,  ,  ,3,3,0,0,1,0,0,0,0,0,0,2,0,0,0,0,3,10KS0301PHD120115 ,KV ,872 ,BALAS ,0341 ,Geography ,  ,  ,4,2,2,0,2,1,0,1,0,0,0,0,0,0,0,4,0,10KV0341BALA120115 ,KV ,872 ,MS ,0341 ,Geography ,  ,  ,1,0,1,0,1,0,0,0,0,0,0,0,0,0,0,0,1,10KS0341MS120115 ,KV ,872 ,PHD ,0341 ,Geography ,  ,  ,9,5,4,0,4,1,0,0,0,0,0,4,0,0,0,1,8,10KS0341PHD120115 ,KV ,927 ,BALAS ,0412 ,Germanic Lang & Lit ,3888 ,Language and Literature ,1,0,1,0,1,0,0,0,0,0,0,0,0,0,0,1,0,10KV8037BALA120115 ,KV ,927 ,MA ,0303 ,German ,  ,  ,2,0,2,0,1,0,0,0,0,0,1,0,0,0,0,2,0,10KS0303MA120115 ,KV ,927 ,PHD ,0303 ,German ,  ,  ,4,2,2,0,4,0,0,0,0,0,0,0,0,0,0,0,4,10KS0303PHD120115 ,KV ,948 ,PHD ,0322 ,Microbiology ,  ,  ,64,21,43,0,29,4,1,7,1,0,1,19,2,2,1,12,52,10KS0322PHD120115 ,KV ,958 ,MA ,0302 ,Slavic Languages & Literature ,  ,  ,1,0,1,0,0,0,1,0,0,0,0,0,0,1,0,1,0,10KS0302MA120115 ,KV ,958 ,PHD ,0302 ,Slavic Languages & Literature ,  ,  ,3,1,2,0,0,1,0,0,0,0,0,1,1,0,0,0,3,10KS0302PHD120115 ,KV ,982 ,BALAS ,5167 ,Latina/Latino Studies ,  ,  ,1,0,1,0,0,0,0,1,0,0,0,0,0,0,0,1,0,10KV5167BALA120115 ,KV ,985 ,BA ,0295 ,Teaching of French ,  ,  ,1,0,1,0,1,0,0,0,0,0,0,0,0,0,0,1,0,10KV0295BA120115 ,KV ,985 ,BALAS ,0304 ,French ,  ,  ,1,0,1,0,0,0,0,0,0,0,0,1,0,0,0,0,1,10KV0304BALA120115 ,KV ,985 ,BALAS ,0304 ,French ,  ,  ,1,0,1,0,1,0,0,0,0,0,0,0,0,0,0,1,0,10KV3876BALA120115 ,KV ,985 ,BALAS ,0304 ,French ,3875 ,French Commercial Studies ,1,1,0,0,1,0,0,0,0,0,0,0,0,0,0,1,0,10KV3875BALA120115 ,KV ,985 ,BALAS ,0304 ,French ,3876 ,French Studies ,1,0,1,0,1,0,0,0,0,0,0,0,0,0,0,1,0,10KV3876BALA120115 ,KV ,985 ,MA ,0304 ,French ,  ,  ,3,0,3,0,3,0,0,0,0,0,0,0,0,0,0,1,2,10KS0304MA120115 ,KV ,985 ,PHD ,0304 ,French ,  ,  ,10,4,6,0,7,0,1,0,0,0,0,2,0,1,0,2,8,10KS0304PHD120115 ,KV ,  ,  ,  ,Liberal Arts & Sci ,  ,***College total*** ,3078,1667,1408,3,1497,357,258,226,4,2,59,627,48,286,31,1761,1317,  ,,,,,,,,,,,,,,,,,,,,,,,,, ,,,,,,,,,,,,,,,,,,,,,,,,,120115 ,KW ,  ,  ,  ,General Studies ,  ,  ,  ,  ,  ,  ,  ,  ,  ,  ,  ,  ,  ,  ,  ,  ,  ,  ,  , 120115 ,KW ,605 ,NONE ,5083 ,Undeclared ,  ,  ,196,120,76,0,102,23,30,13,0,0,4,22,2,32,0,146,50,10KW5083NONE120115 ,KW ,  ,  ,  ,General Studies ,  ,***College total*** ,196,120,76,0,102,23,30,13,0,0,4,22,2,32,0,146,50,  ,,,,,,,,,,,,,,,,,,,,,,,,, ,,,,,,,,,,,,,,,,,,,,,,,,,120115 ,KY ,  ,  ,  ,Applied Health Sci ,  ,  ,  ,  ,  ,  ,  ,  ,  ,  ,  ,  ,  ,  ,  ,  ,  ,  ,  , 120115 ,KY ,581 ,BS ,0349 ,Community Health ,  ,  ,19,4,15,0,9,1,8,1,0,0,0,0,0,8,0,14,5,10KY0349BS120115 ,KY ,581 ,BS ,0349 ,Community Health ,0473 ,Health Education ,39,2,37,0,18,6,14,1,0,0,0,0,0,14,0,37,2,10KY0473BS120115 ,KY ,581 ,BS ,0349 ,Community Health ,0474 ,Health Planning & Admin ,65,21,44,0,26,12,19,4,1,1,1,1,0,19,1,62,3,10KY0474BS120115 ,KY ,581 ,BS ,0349 ,Community Health ,0495 ,Rehab & Disability Studies ,19,5,14,0,10,1,5,2,0,0,1,0,0,5,1,18,1,10KY0495BS120115 ,KY ,581 ,BS ,0351 ,Kinesiology ,  ,  ,100,45,54,1,67,5,8,13,1,0,2,2,2,9,1,85,15,10KY0351BS120115 ,KY ,581 ,BS ,0351 ,Kinesiology ,4049 ,Teacher Education K-12 ,6,3,3,0,6,0,0,0,0,0,0,0,0,0,0,6,0,10KY4049BS120115 ,KY ,581 ,BS ,5185 ,Athletic Training ,  ,  ,3,0,3,0,3,0,0,0,0,0,0,0,0,0,0,3,0,10KY5185BS120115 ,KY ,581 ,MPH ,1630 ,Public Health ,  ,  ,8,2,6,0,5,1,0,0,0,0,0,2,0,0,0,5,3,10KS1630MPH120115 ,KY ,581 ,MS ,0349 ,Community Health ,  ,  ,2,1,1,0,1,0,1,0,0,0,0,0,0,1,0,2,0,10KS0349MS120115 ,KY ,581 ,MS ,0350 ,Rehabilitation ,  ,  ,1,1,0,0,0,0,0,0,0,0,1,0,0,1,0,1,0,10KS0350MS120115 ,KY ,581 ,MS ,0351 ,Kinesiology ,  ,  ,4,2,2,0,3,0,0,0,0,0,0,1,0,0,0,3,1,10KS0351MS120115 ,KY ,581 ,PHD ,0349 ,Community Health ,  ,  ,9,2,7,0,4,0,2,1,0,0,0,2,0,2,0,5,4,10KS0349PHD120115 ,KY ,581 ,PHD ,0351 ,Kinesiology ,  ,  ,14,7,7,0,8,0,3,0,0,0,0,3,0,3,0,6,8,10KS0351PHD120115 ,KY ,679 ,AUD ,1053 ,Audiology ,  ,  ,15,5,10,0,12,0,1,0,0,0,1,0,1,2,0,13,2,10KS1053AUD120115 ,KY ,679 ,BS ,0354 ,Speech & Hearing Science ,  ,  ,10,0,10,0,7,0,0,3,0,0,0,0,0,0,0,9,1,10KY0354BS120115 ,KY ,679 ,BS ,0354 ,Speech & Hearing Science ,4067 ,Audiology ,2,0,2,0,2,0,0,0,0,0,0,0,0,0,0,2,0,10KY4067BS120115 ,KY ,679 ,BS ,0354 ,Speech & Hearing Science ,4068 ,Speech-Language Pathology ,27,1,26,0,19,3,1,3,0,0,0,1,0,1,0,26,1,10KY4068BS120115 ,KY ,679 ,MA ,0354 ,Speech & Hearing Science ,  ,  ,71,2,69,0,66,2,0,0,0,0,1,0,2,0,1,60,11,10KS0354MA120115 ,KY ,679 ,PHD ,0354 ,Speech & Hearing Science ,  ,  ,4,1,3,0,3,0,0,0,0,0,0,1,0,0,0,2,2,10KS0354PHD120115 ,KY ,714 ,BS ,4043 ,"Recreation, Sport, and Tourism ",  ,  ,3,3,0,0,2,0,1,0,0,0,0,0,0,1,0,3,0,10KY4043BS120115 ,KY ,714 ,BS ,4043 ,"Recreation, Sport, and Tourism ",4044 ,Recreation Management ,12,6,6,0,10,0,1,1,0,0,0,0,0,1,0,10,2,10KY4044BS120115 ,KY ,714 ,BS ,4043 ,"Recreation, Sport, and Tourism ",4045 ,Tourism Management ,13,2,11,0,7,1,0,4,0,0,0,1,0,1,0,11,2,10KY4045BS120115 ,KY ,714 ,BS ,4043 ,"Recreation, Sport, and Tourism ",4046 ,Sports Management ,40,30,10,0,30,1,7,2,0,0,0,0,0,7,0,32,8,10KY4046BS120115 ,KY ,714 ,BS ,4043 ,"Recreation, Sport, and Tourism ",5266 ,Sport Management ,10,7,3,0,5,0,2,2,0,0,0,1,0,2,0,8,2,10KY5266BS120115 ,KY ,714 ,MS ,4043 ,"Recreation, Sport, and Tourism ",  ,  ,3,1,2,0,3,0,0,0,0,0,0,0,0,0,0,2,1,10KS4043MS120115 ,KY ,714 ,PHD ,4043 ,"Recreation, Sport, and Tourism ",  ,  ,15,8,7,0,8,0,2,1,0,0,0,4,0,2,0,8,7,10KS4043PHD120115 ,KY ,754 ,BS ,5204 ,Health ,  ,  ,5,1,4,0,1,0,2,0,0,0,1,0,1,2,0,5,0,10KY5204BS120115 ,KY ,754 ,BS ,5204 ,Health ,5219 ,Health and Aging ,2,0,2,0,1,0,0,1,0,0,0,0,0,0,0,2,0,10KY5204BS120115 ,KY ,754 ,BS ,5204 ,Health ,5220 ,Health Behavior Change ,11,3,8,0,6,3,1,1,0,0,0,0,0,1,0,11,0,10KY5204BS120115 ,KY ,754 ,BS ,5204 ,Health ,5221 ,Health Diversity ,5,1,4,0,2,2,1,0,0,0,0,0,0,1,0,5,0,10KY5204BS120115 ,KY ,  ,  ,  ,Applied Health Sci ,  ,***College total*** ,537,166,370,1,344,38,79,40,2,1,8,19,6,83,4,456,81,  ,,,,,,,,,,,,,,,,,,,,,,,,, ,,,,,,,,,,,,,,,,,,,,,,,,,120115 ,LC ,  ,  ,  ,Veterinary Medicine ,  ,  ,  ,  ,  ,  ,  ,  ,  ,  ,  ,  ,  ,  ,  ,  ,  ,  ,  , 120115 ,LC ,282 ,MS ,0361 ,VMS - Veterinary Pathobiology ,  ,  ,2,0,2,0,1,1,0,0,0,0,0,0,0,0,0,2,0,10KS0361MS120115 ,LC ,282 ,MS ,5216 ,VMS - Pathobiology ,  ,  ,1,0,1,0,1,0,0,0,0,0,0,0,0,0,0,0,1,10KS5216MS120115 ,LC ,282 ,NDEG ,0361 ,VMS - Veterinary Pathobiology ,  ,  ,1,0,1,0,1,0,0,0,0,0,0,0,0,0,0,0,1,10KS0361NDEG120115 ,LC ,282 ,NDEG ,5216 ,VMS - Pathobiology ,  ,  ,1,0,1,0,1,0,0,0,0,0,0,0,0,0,0,0,1,10KS5216NDEG120115 ,LC ,282 ,PHD ,0361 ,VMS - Veterinary Pathobiology ,  ,  ,8,6,2,0,4,1,0,1,0,0,0,2,0,0,0,3,5,10KS0361PHD120115 ,LC ,282 ,PHD ,5216 ,VMS - Pathobiology ,  ,  ,2,0,2,0,2,0,0,0,0,0,0,0,0,0,0,1,1,10KS5216PHD120115 ,LC ,444 ,DVM ,0480 ,Veterinary Medicine ,  ,  ,123,24,99,0,103,4,2,7,0,0,2,1,4,4,0,98,25,10LC0480DVM120115 ,LC ,444 ,DVM ,0480 ,Veterinary Medicine ,0481 ,Vet Biosciences Res Scholars ,1,0,1,0,0,1,0,0,0,0,0,0,0,0,0,1,0,10LC0481DVM120115 ,LC ,598 ,MS ,0359 ,VMS-Veterinary Clinical Medcne ,  ,  ,2,2,0,0,0,1,0,0,0,0,0,1,0,0,0,0,2,10KS0359MS120115 ,LC ,598 ,PHD ,0359 ,VMS-Veterinary Clinical Medcne ,  ,  ,3,1,2,0,2,0,0,0,0,0,0,1,0,0,0,0,3,10KS0359PHD120115 ,LC ,873 ,MS ,0357 ,VMS - Veterinary Biosciences ,  ,  ,2,0,2,0,1,1,0,0,0,0,0,0,0,0,0,2,0,10KS0357MS120115 ,LC ,873 ,PHD ,0357 ,VMS - Veterinary Biosciences ,  ,  ,8,2,6,0,4,0,0,1,0,0,0,3,0,0,0,4,4,10KS0357PHD120115 ,LC ,873 ,PHD ,0357 ,VMS - Veterinary Biosciences ,0358 ,Vet Biosciences Res Scholars ,2,1,1,0,1,0,0,0,0,0,0,1,0,0,0,1,1,10KS0358PHD120115 ,LC ,  ,  ,  ,Veterinary Medicine ,  ,***College total*** ,156,36,120,0,121,9,2,9,0,0,2,9,4,4,0,112,44,  ,,,,,,,,,,,,,,,,,,,,,,,,, ,,,,,,,,,,,,,,,,,,,,,,,,,120115 ,LE ,  ,  ,  ,Institute of Aviation ,  ,  ,  ,  ,  ,  ,  ,  ,  ,  ,  ,  ,  ,  ,  ,  ,  ,  ,  , 120115 ,LE ,707 ,AVIPC ,0487 ,Professional Pilot ,  ,  ,9,8,1,0,8,0,0,0,0,0,0,1,0,0,0,7,2,10LE0487AVIP120115 ,LE ,707 ,BS ,0489 ,Aviation Human Factors ,  ,  ,41,39,2,0,30,4,0,5,0,0,0,1,1,0,0,36,5,10LE0489BS120115 ,LE ,707 ,MS ,3530 ,Human Factors ,  ,  ,3,1,2,0,1,0,0,0,0,0,0,2,0,0,0,0,3,10KS3530MS120115 ,LE ,  ,  ,  ,Institute of Aviation ,  ,***College total*** ,53,48,5,0,39,4,0,5,0,0,0,4,1,0,0,43,10,  ,,,,,,,,,,,,,,,,,,,,,,,,, ,,,,,,,,,,,,,,,,,,,,,,,,,120115 ,LG ,  ,  ,  ,Labor & Empl. Rel. ,  ,  ,  ,  ,  ,  ,  ,  ,  ,  ,  ,  ,  ,  ,  ,  ,  ,  ,  , 120115 ,LG ,568 ,MHRIR ,0364 ,Human Res & Industrial Rels ,  ,  ,15,4,11,0,1,0,1,0,0,0,0,13,0,1,0,1,14,10KS0364MHRI120115 ,LG ,568 ,PHD ,0364 ,Human Res & Industrial Rels ,  ,  ,5,3,2,0,0,0,1,0,0,0,0,4,0,1,0,1,4,10KS0364PHD120115 ,LG ,  ,  ,  ,Labor & Empl. Rel. ,  ,***College total*** ,20,7,13,0,1,0,2,0,0,0,0,17,0,2,0,2,18,  ,,,,,,,,,,,,,,,,,,,,,,,,, ,,,,,,,,,,,,,,,,,,,,,,,,,120115 ,LL ,  ,  ,  ,School of Social Work ,  ,  ,  ,  ,  ,  ,  ,  ,  ,  ,  ,  ,  ,  ,  ,  ,  ,  ,  , 120115 ,LL ,783 ,BSW ,0365 ,Social Work ,  ,  ,14,2,12,0,9,1,2,2,0,0,0,0,0,2,0,14,0,10LL0365BSW120115 ,LL ,783 ,MSW ,0365 ,Social Work ,  ,  ,20,4,16,0,18,0,1,0,0,0,0,0,1,1,0,19,1,10KS0365MSW120115 ,LL ,783 ,MSW ,0365 ,Social Work ,5077 ,Health Care ,27,0,27,0,21,1,3,1,0,0,1,0,0,4,0,23,4,10KS0365MSW120115 ,LL ,783 ,MSW ,0365 ,Social Work ,5078 ,Mental Health ,83,16,67,0,65,2,4,10,0,0,2,0,0,7,0,79,4,10KS0365MSW120115 ,LL ,783 ,MSW ,0365 ,Social Work ,5079 ,School Social Work ,36,1,35,0,25,3,3,2,0,0,2,0,1,3,1,34,2,10KS0365MSW120115 ,LL ,783 ,MSW ,0365 ,Social Work ,5217 ,"Advocacy, Ldrshp, Socl Change ",22,1,21,0,12,2,5,1,1,0,1,0,0,5,2,20,2,10KS0365MSW120115 ,LL ,783 ,MSW ,0365 ,Social Work ,5218 ,"Children, Youth, Family Svcs ",43,5,37,1,32,2,6,2,0,0,0,0,1,6,0,40,3,10KS0365MSW120115 ,LL ,783 ,PHD ,0365 ,Social Work ,  ,  ,10,1,9,0,2,1,0,0,0,0,0,7,0,0,0,2,8,10KS0365PHD120115 ,LL ,  ,  ,  ,School of Social Work ,  ,***College total*** ,255,30,224,1,184,12,24,18,1,0,6,7,3,28,3,231,24,  ,,,,,,,,,,,,,,,,,,,,,,,,, ,,,,,,,,,,,,,,,,,,,,,,,,,120115 ,LN ,  ,  ,  ,Online & Continuing Education ,  ,  ,  ,  ,  ,  ,  ,  ,  ,  ,  ,  ,  ,  ,  ,  ,  ,  ,  , 120115 ,LN ,641 ,NDEG ,1249 ,Nondegree-CE ,  ,  ,28,8,20,0,22,1,2,2,0,0,0,0,1,2,0,1,27,10LN1249NDEJ120115 ,LN ,  ,  ,  ,Online & Continuing Education ,  ,***College total*** ,28,8,20,0,22,1,2,2,0,0,0,0,1,2,0,1,27,  ,,,,,,,,,,,,,,,,,,,,,,,,, ,,,,,,,,,,,,,,,,,,,,,,,,,120115 ,LP ,  ,  ,  ,Library & Info Sci ,  ,  ,  ,  ,  ,  ,  ,  ,  ,  ,  ,  ,  ,  ,  ,  ,  ,  ,  , 120115 ,LP ,992 ,CAS ,0370 ,Library & Information Science ,  ,  ,8,1,7,0,6,1,0,0,0,0,0,1,0,0,0,7,1,10KS0370CAS120115 ,LP ,992 ,MS ,0370 ,Library & Information Science ,  ,  ,105,30,75,0,87,6,4,0,0,0,4,1,3,4,1,70,35,10KS0370MS120115 ,LP ,992 ,MS ,0370 ,Library & Information Science ,  ,  ,20,0,20,0,16,1,1,1,0,0,1,0,0,1,1,16,4,10KS0370MSU120115 ,LP ,992 ,PHD ,0370 ,Library & Information Science ,  ,  ,24,7,17,0,10,2,2,1,0,0,0,9,0,2,1,7,17,10KS0370PHD120115 ,LP ,  ,  ,  ,Library & Info Sci ,  ,***College total*** ,157,38,119,0,119,10,7,2,0,0,5,11,3,7,3,100,57,  ,,,,,,,,,,,,,,,,,,,,,,,,, ,,,,,,,,,,,,,,,,,,,,,,,,,120115 ,NB ,  ,  ,  ,Provost & VC Acad Affairs ,  ,  ,  ,  ,  ,  ,  ,  ,  ,  ,  ,  ,  ,  ,  ,  ,  ,  ,  , 120115 ,NB ,593 ,NDEG ,0067 ,Nondegree ,  ,  ,67,37,30,0,24,12,22,5,1,0,2,0,1,23,1,27,40,10NB0067NDEG120115 ,NB ,  ,  ,  ,Provost & VC Acad Affairs ,  ,***College total*** ,67,37,30,0,24,12,22,5,1,0,2,0,1,23,1,27,40,  ,,,,,,,,,,,,,,,,,,,,,,,,, ,,,,,,,,,,,,,,,,,,,,,,,,,