"UIUC On-Campus Student Enrollment by Curriculum, Sex, Race/Ethnicity, and Residency",,,,,,,,,,,,,,,,,,,,,,,,,SUMMER 2010,,,,,,,,"PUBLICATION DATE:  JULY 28, 2010",,,,,,,,,,* This section uses the new Federal IPEDS guidelines for reporting racial and ethnic data. ,,,,,,,Division of Management Information,,,,,,*** This report is derived from the Registration Census 10-day student statistics.  Any Codebook changes made after ,,,,,,,,,,,,"   For more information on these guidelines, see  ",,,,http://www.vpaa.uillinois.edu/RaceEthnicity/index.cfm,,,,,,,,,the tenth day of class will not be reflected.  Students obtaining a second bachelor's degree are no longer counted separately.,,,,,,,,,,,,,,,All students including multiracial and Hispanic,,,,Term/Year Code,Coll,Dept,Degree,Major code,Major Name,Conc code,Concentration Name (if any),Total,By Gender,,,By Self-reported Race/Ethnicity (NEW*),,,,,,,,,,,By Residency,,Academic Program Code,,,,,,,,,Men,Women,Unknown,Caucasian,Asian American,African American,Hispanic,Native American,Hawaiian/Pacific Isl,Multiracial,International,Unknown,All   African American,All    Native American,Illinois,Non-Illinois,,,,,,,,,,,,,,,,,,,,,,,,,,120105 , , , , ,***Campus total*** , , ,9286,5114,4165,7,4544,977,679,535,12,13,139,2306,81,739,65,5200,4086,120105 , , , , ,Undergraduate , , ,4536,2579,1952,5,2343,682,469,338,4,11,82,585,22,496,31,3606,930,120105 , , , , ,Graduate , , ,4563,2461,2100,2,2054,286,204,190,8,2,55,1714,50,236,34,1463,3100,120105 , , , , ,Professional , , ,187,74,113,0,147,9,6,7,0,0,2,7,9,7,0,131,56,,,,,,,,,,,,,,,,,,,,,,,,,,120105 ,KL ,  ,  ,  ,"Agr, Cons, Env Sci ",  ,  ,  ,  ,  ,  ,  ,  ,  ,  ,  ,  ,  ,  ,  ,  ,  ,  ,  , 120105 ,KL ,306 ,MS ,5186 ,Bioenergy ,5166 ,Professional Science Masters ,6,6,0,0,3,1,0,0,0,0,0,2,0,0,0,2,4,1PKS5186MS120105 ,KL ,306 ,MS ,5188 ,Agricultural Production ,5166 ,Professional Science Masters ,3,1,2,0,3,0,0,0,0,0,0,0,0,0,0,3,0,1PKS5188MS120105 ,KL ,470 ,BS ,0176 ,Agr & Consumer Economics ,5003 ,Agri-Accounting ,17,10,7,0,7,2,4,0,0,0,1,2,1,4,0,14,3,10KL5003BS120105 ,KL ,470 ,BS ,0176 ,Agr & Consumer Economics ,5004 ,Agri-Finance ,7,5,2,0,6,1,0,0,0,0,0,0,0,0,0,5,2,10KL5004BS120105 ,KL ,470 ,BS ,0176 ,Agr & Consumer Economics ,5005 ,Farm Management ,1,1,0,0,1,0,0,0,0,0,0,0,0,0,0,1,0,10KL5005BS120105 ,KL ,470 ,BS ,0176 ,Agr & Consumer Economics ,5006 ,Agribusiness Markets & Mgmt ,15,13,2,0,13,0,0,0,0,0,0,2,0,0,0,13,2,10KL5006BS120105 ,KL ,470 ,BS ,0176 ,Agr & Consumer Economics ,5007 ,Consumer Economics & Finance ,7,7,0,0,6,0,0,0,0,0,0,1,0,0,0,6,1,10KL5007BS120105 ,KL ,470 ,BS ,0176 ,Agr & Consumer Economics ,5008 ,Envirnmntal Economics & Policy ,1,1,0,0,0,0,0,0,0,0,0,1,0,0,0,0,1,10KL5008BS120105 ,KL ,470 ,BS ,0176 ,Agr & Consumer Economics ,5010 ,"Policy, Intl Trade, & Dvlpmt ",4,2,2,0,3,1,0,0,0,0,0,0,0,0,0,4,0,10KL5010BS120105 ,KL ,470 ,BS ,0176 ,Agr & Consumer Economics ,5011 ,Public Policy and Law ,6,3,3,0,3,2,1,0,0,0,0,0,0,1,0,5,1,10KL5011BS120105 ,KL ,470 ,BS ,0176 ,Agr & Consumer Economics ,5136 ,Financial Planning ,6,3,3,0,2,0,0,2,0,0,0,2,0,0,0,4,2,10KL5136BS120105 ,KL ,470 ,MS ,0176 ,Agr & Consumer Economics ,  ,  ,22,12,10,0,16,0,0,0,0,0,0,6,0,0,0,7,15,10KS0176MS120105 ,KL ,470 ,PHD ,0176 ,Agr & Consumer Economics ,  ,  ,12,8,4,0,2,1,1,0,0,0,0,8,0,1,0,0,12,10KS0176PHD120105 ,KL ,483 ,NDEG ,0067 ,Nondegree ,  ,  ,2,0,2,0,1,0,0,1,0,0,0,0,0,0,0,2,0,10KL0067NDEG120105 ,KL ,538 ,BS ,0002 ,Animal Sciences ,0005 ,Animal Business Mgt and Ind ,4,2,2,0,4,0,0,0,0,0,0,0,0,0,0,4,0,10KL0005BS120105 ,KL ,538 ,BS ,0002 ,Animal Sciences ,0006 ,"Companion,Rec,Lab An Sci ",10,3,7,0,6,0,1,3,0,0,0,0,0,1,0,9,1,10KL0006BS120105 ,KL ,538 ,BS ,0002 ,Animal Sciences ,0008 ,"Science, Biotech & Pre-VetMed ",43,11,32,0,33,3,3,2,0,0,1,0,1,4,1,42,1,10KL0008BS120105 ,KL ,538 ,MS ,0002 ,Animal Sciences ,  ,  ,40,18,22,0,27,1,1,1,0,0,0,10,0,1,0,27,13,10KS0002MS120105 ,KL ,538 ,NDEG ,0002 ,Animal Sciences ,  ,  ,1,0,1,0,1,0,0,0,0,0,0,0,0,0,0,1,0,10KS0002NDEG120105 ,KL ,538 ,PHD ,0002 ,Animal Sciences ,  ,  ,47,27,20,0,19,0,0,1,0,0,0,27,0,0,0,12,35,10KS0002PHD120105 ,KL ,698 ,BS ,0037 ,Food Science & Human Nutrition ,0038 ,Food Science ,12,3,9,0,4,3,1,1,0,0,0,3,0,1,0,9,3,10KL0038BS120105 ,KL ,698 ,BS ,0037 ,Food Science & Human Nutrition ,0039 ,Food Industry and Business ,3,0,3,0,2,0,0,0,0,0,0,1,0,0,0,2,1,10KL0039BS120105 ,KL ,698 ,BS ,0037 ,Food Science & Human Nutrition ,0040 ,Human Nutrition ,21,4,17,0,11,3,3,1,0,0,1,1,1,3,0,19,2,10KL0040BS120105 ,KL ,698 ,BS ,0037 ,Food Science & Human Nutrition ,0041 ,Dietetics ,10,1,9,0,10,0,0,0,0,0,0,0,0,0,0,9,1,10KL0041BS120105 ,KL ,698 ,BS ,0037 ,Food Science & Human Nutrition ,0042 ,Hospitality Management ,20,4,16,0,16,1,0,1,0,0,0,2,0,0,0,17,3,10KL0042BS120105 ,KL ,698 ,MS ,0037 ,Food Science & Human Nutrition ,  ,  ,10,1,9,0,6,0,0,0,0,0,0,4,0,0,0,3,7,10KS0037MS120105 ,KL ,698 ,MS ,0037 ,Food Science & Human Nutrition ,0038 ,Food Science ,7,2,5,0,4,0,0,0,0,0,0,3,0,0,0,1,6,10KS0037MS120105 ,KL ,698 ,MS ,0037 ,Food Science & Human Nutrition ,0040 ,Human Nutrition ,4,2,2,0,2,0,1,0,0,0,0,1,0,1,0,2,2,10KS0037MS120105 ,KL ,698 ,MS ,0037 ,Food Science & Human Nutrition ,5166 ,Professional Science Masters ,2,2,0,0,1,0,0,0,0,0,0,1,0,0,0,0,2,1PKS0037MS120105 ,KL ,698 ,PHD ,0037 ,Food Science & Human Nutrition ,  ,  ,9,4,5,0,3,1,0,0,0,0,0,5,0,0,0,1,8,10KS0037PHD120105 ,KL ,698 ,PHD ,0037 ,Food Science & Human Nutrition ,0038 ,Food Science ,2,0,2,0,1,0,0,0,0,0,0,1,0,0,0,1,1,10KS0037PHD120105 ,KL ,741 ,BS ,0025 ,Technical Systems Management ,  ,  ,23,20,3,0,10,1,9,3,0,0,0,0,0,9,0,22,1,10KL0025BS120105 ,KL ,741 ,BSAG ,0029 ,Agr Engineering & Agr Science ,  ,  ,6,4,2,0,4,0,2,0,0,0,0,0,0,2,0,6,0,10KL0029BSAG120105 ,KL ,793 ,BS ,0043 ,Agr & Environmental Cmc & Educ ,0046 ,Agricultural Leadership ,2,0,2,0,2,0,0,0,0,0,0,0,0,0,0,2,0,10KL0046BS120105 ,KL ,793 ,BS ,0043 ,Agr & Environmental Cmc & Educ ,0047 ,Agricultural Education ,3,0,3,0,3,0,0,0,0,0,0,0,0,0,0,3,0,10KL0047BS120105 ,KL ,793 ,BS ,0043 ,Agr & Environmental Cmc & Educ ,5033 ,"Agr, Cons, Env Sci Communictn ",4,0,4,0,2,0,2,0,0,0,0,0,0,2,0,4,0,10KL5033BS120105 ,KL ,793 ,BS ,0048 ,Human Development & Family St ,0049 ,Child and Adolescent Dev ,11,2,9,0,8,1,2,0,0,0,0,0,0,2,0,11,0,10KL0049BS120105 ,KL ,793 ,BS ,0048 ,Human Development & Family St ,0050 ,Family Studies ,10,1,9,0,7,0,1,0,0,0,2,0,0,1,0,10,0,10KL0050BS120105 ,KL ,793 ,PHD ,0183 ,Human & Community Development ,  ,  ,11,2,9,0,7,1,1,0,0,0,0,2,0,1,0,5,6,10KS0183PHD120105 ,KL ,793 ,PHD ,0183 ,Human & Community Development ,5126 ,Human Development & Family St ,2,0,2,0,1,0,1,0,0,0,0,0,0,1,0,1,1,10KS0183PHD120105 ,KL ,802 ,BS ,0030 ,Crop Sciences ,0035 ,Plant Biotech & Molecular Bio ,1,0,1,0,0,0,0,1,0,0,0,0,0,0,0,1,0,10KL0035BS120105 ,KL ,802 ,BS ,0030 ,Crop Sciences ,0036 ,Biological Sciences ,2,2,0,0,0,1,1,0,0,0,0,0,0,1,0,2,0,10KL0036BS120105 ,KL ,802 ,BS ,0063 ,Horticulture ,0065 ,Production and Management ,3,1,2,0,2,0,1,0,0,0,0,0,0,1,0,3,0,10KL0063BS120105 ,KL ,802 ,MS ,0030 ,Crop Sciences ,  ,  ,31,23,8,0,20,2,0,0,0,0,0,8,1,0,0,16,15,10KS0030MS120105 ,KL ,802 ,MS ,4026 ,Bioinformatics ,5100 ,Crop Science ,2,2,0,0,0,0,0,0,0,0,0,2,0,0,0,0,2,10KS5100MS120105 ,KL ,802 ,PHD ,0030 ,Crop Sciences ,  ,  ,26,21,5,0,13,1,1,0,0,0,0,11,0,1,0,8,18,10KS0030PHD120105 ,KL ,875 ,BS ,0051 ,Natural Resrcs & Environ Sci ,0057 ,Fish and Wildlife Conservation ,1,1,0,0,1,0,0,0,0,0,0,0,0,0,0,1,0,10KL0057BS120105 ,KL ,875 ,BS ,0051 ,Natural Resrcs & Environ Sci ,3871 ,Human Dimensions ,3,2,1,0,3,0,0,0,0,0,0,0,0,0,0,3,0,10KL3871BS120105 ,KL ,875 ,BS ,0051 ,Natural Resrcs & Environ Sci ,3872 ,Resource Ecology ,1,0,1,0,0,1,0,0,0,0,0,0,0,0,0,1,0,10KL3872BS120105 ,KL ,875 ,BS ,0051 ,Natural Resrcs & Environ Sci ,3873 ,Soil and Water Science ,1,1,0,0,1,0,0,0,0,0,0,0,0,0,0,0,1,10KL3873BS120105 ,KL ,875 ,BS ,0051 ,Natural Resrcs & Environ Sci ,5239 ,Humn Dimnsns of the Environmnt ,3,1,2,0,2,0,0,0,0,0,0,1,0,0,0,2,1,10KL0051BS120105 ,KL ,875 ,BS ,0051 ,Natural Resrcs & Environ Sci ,5240 ,Resrce Cons & Restoration Ecol ,3,0,3,0,3,0,0,0,0,0,0,0,0,0,0,3,0,10KL0051BS120105 ,KL ,875 ,BS ,0051 ,Natural Resrcs & Environ Sci ,5241 ,Globl Chg & Landscape Dynamics ,1,1,0,0,0,1,0,0,0,0,0,0,0,0,0,1,0,10KL0051BS120105 ,KL ,875 ,MS ,0190 ,Natural Res & Env Sciences ,  ,  ,28,18,10,0,21,2,0,1,0,0,0,4,0,0,0,14,14,10KS0190MS120105 ,KL ,875 ,PHD ,0190 ,Natural Res & Env Sciences ,  ,  ,5,2,3,0,2,0,0,0,0,0,0,3,0,0,0,1,4,10KS0190PHD120105 ,KL ,971 ,MS ,0191 ,Nutritional Sciences ,  ,  ,15,4,11,0,8,3,1,1,0,0,0,2,0,1,0,6,9,10KS0191MS120105 ,KL ,971 ,PHD ,0191 ,Nutritional Sciences ,  ,  ,29,8,21,0,16,4,0,2,0,0,1,6,0,1,0,8,21,10KS0191PHD120105 ,KL ,  ,  ,  ,"Agr, Cons, Env Sci ",  ,***College total*** ,581,272,309,0,352,38,38,21,0,0,6,122,4,40,1,359,222,  ,,,,,,,,,,,,,,,,,,,,,,,,, ,,,,,,,,,,,,,,,,,,,,,,,,,120105 ,KM ,  ,  ,  ,Business ,  ,  ,  ,  ,  ,  ,  ,  ,  ,  ,  ,  ,  ,  ,  ,  ,  ,  ,  , 120105 ,KM ,230 ,MBA ,9875 ,Business Administration (MBA) ,  ,  ,30,17,13,0,5,2,1,1,0,0,2,19,0,1,0,9,21,10KS9875MBA120105 ,KM ,230 ,MBA ,9875 ,Business Administration (MBA) ,4064 ,MBA ,96,67,29,0,59,15,7,1,0,0,2,10,2,7,0,95,1,10KS4064MBA120105 ,KM ,260 ,BS ,0075 ,Finance ,  ,  ,67,49,18,0,37,16,3,2,0,0,0,9,0,3,0,50,17,10KM0075BS120105 ,KM ,260 ,MS ,0075 ,Finance ,  ,  ,116,65,51,0,7,10,0,0,0,0,0,98,1,0,0,6,110,10KS0075MSK120105 ,KM ,260 ,PHD ,0075 ,Finance ,  ,  ,8,3,5,0,2,0,0,0,0,0,0,6,0,0,0,1,7,10KS0075PHD120105 ,KM ,346 ,BS ,0071 ,Accountancy ,  ,  ,277,158,119,0,139,53,12,8,0,0,1,64,0,12,0,196,81,10KM0071BS120105 ,KM ,346 ,MAS ,0071 ,Accountancy ,  ,  ,15,6,9,0,9,1,1,0,0,0,0,4,0,1,0,7,8,10KS0071MAS120105 ,KM ,346 ,MAS ,0071 ,Accountancy ,5101 ,Taxation ,1,1,0,0,0,0,0,0,0,1,0,0,0,0,0,1,0,10KS0071MAS120105 ,KM ,346 ,MS ,0071 ,Accountancy ,  ,  ,131,23,108,0,5,6,0,0,0,0,0,120,0,0,0,4,127,10KS0071MSK120105 ,KM ,346 ,MS ,5187 ,Taxation ,  ,  ,30,17,13,0,12,4,3,0,0,0,1,4,6,3,0,7,23,10KS5187MSK2120105 ,KM ,346 ,PHD ,0071 ,Accountancy ,  ,  ,12,7,5,0,6,1,0,0,0,0,1,4,0,0,1,5,7,10KS0071PHD120105 ,KM ,902 ,BS ,0079 ,Business Administration ,0080 ,Marketing ,2,1,1,0,2,0,0,0,0,0,0,0,0,0,0,2,0,10KM0080BS120105 ,KM ,902 ,BS ,0079 ,Business Administration ,0081 ,Organizational Administration ,1,0,1,0,1,0,0,0,0,0,0,0,0,0,0,1,0,10KM0081BS120105 ,KM ,902 ,BS ,0079 ,Business Administration ,0085 ,Management Info Systems ,1,1,0,0,1,0,0,0,0,0,0,0,0,0,0,1,0,10KM0085BS120105 ,KM ,902 ,BS ,1432 ,Marketing ,  ,  ,22,10,12,0,12,3,2,2,0,0,1,2,0,2,0,18,4,10KM1432BS120105 ,KM ,902 ,BS ,1432 ,Marketing ,  ,  ,12,2,10,0,10,0,2,0,0,0,0,0,0,2,0,11,1,10KM8037BS120105 ,KM ,902 ,BS ,5070 ,Information Sys & Info Tech ,  ,  ,3,2,1,0,0,1,0,1,0,0,0,1,0,0,0,1,2,10KM5070BS120105 ,KM ,902 ,BS ,5071 ,Supply Chain Management ,  ,  ,1,0,1,0,1,0,0,0,0,0,0,0,0,0,0,1,0,10KM5071BS120105 ,KM ,902 ,BS ,5072 ,Business Process Management ,  ,  ,3,1,2,0,3,0,0,0,0,0,0,0,0,0,0,1,2,10KM5072BS120105 ,KM ,902 ,BS ,5072 ,Business Process Management ,  ,  ,2,1,1,0,0,0,0,1,0,0,0,1,0,0,0,1,1,10KM8037BS120105 ,KM ,902 ,BS ,5073 ,Management ,  ,  ,1,1,0,0,1,0,0,0,0,0,0,0,0,0,0,1,0,10KM5073BS120105 ,KM ,902 ,BS ,5073 ,Management ,0086 ,Entrepreneurship ,6,4,2,0,4,1,1,0,0,0,0,0,0,1,0,5,1,10KM5073BS120105 ,KM ,902 ,BS ,5073 ,Management ,5074 ,International Business ,11,6,5,0,8,1,1,0,0,0,0,1,0,1,0,9,2,10KM5073BS120105 ,KM ,902 ,BS ,5073 ,Management ,5074 ,International Business ,3,2,1,0,1,0,0,2,0,0,0,0,0,0,0,3,0,10KM8037BS120105 ,KM ,902 ,BS ,5073 ,Management ,5075 ,General Management ,9,3,6,0,3,1,2,2,0,0,1,0,0,2,0,6,3,10KM5073BS120105 ,KM ,902 ,BS ,5073 ,Management ,5075 ,General Management ,5,3,2,0,2,0,0,3,0,0,0,0,0,0,0,4,1,10KM8037BS120105 ,KM ,902 ,MS ,0079 ,Business Administration ,  ,  ,1,1,0,0,0,0,0,0,0,0,0,1,0,0,0,0,1,10KS0079MS120105 ,KM ,902 ,MS ,5148 ,Technology Management ,  ,  ,47,38,9,0,5,2,0,0,0,0,0,40,0,0,0,5,42,10KS5148MSK120105 ,KM ,902 ,PHD ,0079 ,Business Administration ,  ,  ,13,6,7,0,4,0,0,0,0,0,0,9,0,0,0,0,13,10KS0079PHD120105 ,KM ,938 ,MBA ,9875 ,Business Administration (MBA) ,3924 ,Executive Program ,42,34,7,1,29,3,5,1,0,0,0,1,3,5,0,39,3,10KS3924MBA2120105 ,KM ,952 ,NDEG ,0067 ,Nondegree ,  ,  ,1,1,0,0,1,0,0,0,0,0,0,0,0,0,0,1,0,10KM0067NDEG120105 ,KM ,952 ,NONE ,0070 ,Curric Unassigned ,  ,  ,87,48,39,0,53,17,0,9,0,0,2,6,0,0,0,71,16,10KM0070NONE120105 ,KM ,  ,  ,  ,Business ,  ,***College total*** ,1056,578,477,1,422,137,40,33,0,1,11,400,12,40,1,562,494,  ,,,,,,,,,,,,,,,,,,,,,,,,, ,,,,,,,,,,,,,,,,,,,,,,,,,120105 ,KN ,  ,  ,  ,Education ,  ,  ,  ,  ,  ,  ,  ,  ,  ,  ,  ,  ,  ,  ,  ,  ,  ,  ,  , 120105 ,KN ,335 ,NONE ,4089 ,Pre-Early Chld/Elem Ed/Spec Ed ,  ,  ,4,0,4,0,2,1,1,0,0,0,0,0,0,1,0,4,0,10KN4089NONE120105 ,KN ,570 ,BS ,0093 ,Special Education ,  ,  ,3,0,3,0,3,0,0,0,0,0,0,0,0,0,0,3,0,10KN0093BS120105 ,KN ,570 ,EDM ,0093 ,Special Education ,  ,  ,30,7,23,0,26,2,0,1,0,0,0,1,0,0,0,27,3,10KS0093EDM120105 ,KN ,570 ,EDM ,0093 ,Special Education ,  ,  ,1,0,1,0,1,0,0,0,0,0,0,0,0,0,0,0,1,10KS0093EDMX120105 ,KN ,570 ,MA ,0093 ,Special Education ,  ,  ,1,0,1,0,1,0,0,0,0,0,0,0,0,0,0,1,0,10KS0093MA120105 ,KN ,570 ,MS ,0093 ,Special Education ,  ,  ,1,0,1,0,1,0,0,0,0,0,0,0,0,0,0,1,0,10KS0093MS120105 ,KN ,570 ,PHD ,0093 ,Special Education ,  ,  ,16,2,14,0,13,0,2,0,0,0,0,1,0,2,0,10,6,10KS0093PHD120105 ,KN ,613 ,BS ,0094 ,Early Childhood Education ,3968 ,ECh: Language arts ,1,0,1,0,0,0,0,1,0,0,0,0,0,1,0,1,0,10KN3968BS120105 ,KN ,613 ,BS ,0094 ,Early Childhood Education ,3976 ,ECh: Sociology ,1,0,1,0,0,0,1,0,0,0,0,0,0,1,0,1,0,10KN3976BS120105 ,KN ,613 ,BS ,0094 ,Early Childhood Education ,4014 ,ECh: Spanish ,2,0,2,0,2,0,0,0,0,0,0,0,0,0,0,2,0,10KN4014BS120105 ,KN ,613 ,BS ,0095 ,Elementary Education ,3946 ,EIEd: History ,1,1,0,0,1,0,0,0,0,0,0,0,0,0,0,1,0,10KN3946BS120105 ,KN ,613 ,BS ,0095 ,Elementary Education ,3947 ,EIEd: Language Arts ,5,0,5,0,5,0,0,0,0,0,0,0,0,0,0,5,0,10KN3947BS120105 ,KN ,613 ,BS ,0095 ,Elementary Education ,3949 ,EIEd: Mathematics ,1,0,1,0,0,1,0,0,0,0,0,0,0,0,0,1,0,10KN3949BS120105 ,KN ,613 ,BS ,0095 ,Elementary Education ,3954 ,ElEd: Psychology ,2,0,2,0,1,0,1,0,0,0,0,0,0,1,0,2,0,10KN3954BS120105 ,KN ,613 ,BS ,0095 ,Elementary Education ,3955 ,ElEd: Sociology ,3,0,3,0,0,0,2,1,0,0,0,0,0,2,0,3,0,10KN3955BS120105 ,KN ,613 ,BS ,0095 ,Elementary Education ,3996 ,EIEd: French ,2,0,2,0,2,0,0,0,0,0,0,0,0,0,0,2,0,10KN3996BS120105 ,KN ,613 ,BS ,0095 ,Elementary Education ,4004 ,EIEd: Spanish ,5,0,5,0,5,0,0,0,0,0,0,0,0,0,0,5,0,10KN4004BS120105 ,KN ,613 ,EDD ,1144 ,Curriculum and Instruction ,  ,  ,4,0,4,0,2,0,2,0,0,0,0,0,0,2,0,3,1,10KS1144EDD120105 ,KN ,613 ,EDM ,0095 ,Elementary Education ,  ,  ,2,0,2,0,2,0,0,0,0,0,0,0,0,0,0,2,0,10KS0095EDM120105 ,KN ,613 ,EDM ,0095 ,Elementary Education ,0211 ,Elementary Ed - Cert ,5,1,4,0,2,1,2,0,0,0,0,0,0,2,0,5,0,10KS0211EDM120105 ,KN ,613 ,EDM ,1144 ,Curriculum and Instruction ,  ,  ,18,0,18,0,15,3,0,0,0,0,0,0,0,0,0,18,0,10KS1144EDM120105 ,KN ,613 ,EDM ,8527 ,Secondary Education ,5224 ,English ,1,0,1,0,1,0,0,0,0,0,0,0,0,0,0,1,0,10KS8527EDM120105 ,KN ,613 ,EDM ,8527 ,Secondary Education ,5226 ,Sciences ,1,1,0,0,0,0,0,0,0,0,0,0,1,0,0,1,0,10KS8527EDM120105 ,KN ,613 ,EDM ,8527 ,Secondary Education ,5227 ,Mathematics ,1,0,1,0,1,0,0,0,0,0,0,0,0,0,0,1,0,10KS8527EDM120105 ,KN ,613 ,MS ,1144 ,Curriculum and Instruction ,  ,  ,1,0,1,0,0,0,0,0,0,0,0,1,0,0,0,0,1,10KS1144MS120105 ,KN ,613 ,PHD ,0095 ,Elementary Education ,  ,  ,4,0,4,0,2,0,0,0,0,0,0,2,0,0,0,1,3,10KS0095PHD120105 ,KN ,613 ,PHD ,0215 ,Secondary & Continuing Educ ,  ,  ,13,5,8,0,4,0,4,0,0,0,0,5,0,4,0,4,9,10KS0215PHD120105 ,KN ,613 ,PHD ,1144 ,Curriculum and Instruction ,  ,  ,12,4,8,0,6,2,0,1,0,0,0,3,0,0,0,7,5,10KS1144PHD120105 ,KN ,616 ,PHD ,0210 ,Educational Psychology ,  ,  ,38,11,27,0,15,0,10,5,0,0,1,7,0,11,0,13,25,10KS0210PHD120105 ,KN ,640 ,EDM ,0220 ,Educational Policy Studies ,  ,  ,2,0,2,0,0,0,0,2,0,0,0,0,0,1,0,1,1,10KS0220EDM120105 ,KN ,640 ,EDM ,0220 ,Educational Policy Studies ,  ,  ,2,0,2,0,2,0,0,0,0,0,0,0,0,0,0,2,0,10KS0220EDMU120105 ,KN ,640 ,MA ,0220 ,Educational Policy Studies ,  ,  ,6,3,3,0,0,0,4,2,0,0,0,0,0,4,0,4,2,10KS0220MA120105 ,KN ,640 ,PHD ,0220 ,Educational Policy Studies ,  ,  ,81,28,53,0,10,2,35,26,2,0,1,5,0,38,7,36,45,10KS0220PHD120105 ,KN ,674 ,CAS ,0209 ,Ed Organization and Leadership ,  ,  ,4,1,3,0,2,0,2,0,0,0,0,0,0,2,0,4,0,10KS0209CAS120105 ,KN ,674 ,EDD ,0209 ,Ed Organization and Leadership ,  ,  ,14,7,7,0,13,1,0,0,0,0,0,0,0,0,0,14,0,10KS0209EDD120105 ,KN ,674 ,EDD ,0209 ,Ed Organization and Leadership ,5096 ,Higher Education ,1,0,1,0,0,1,0,0,0,0,0,0,0,0,0,1,0,10KS0209EDD120105 ,KN ,674 ,EDD ,0209 ,Ed Organization and Leadership ,5097 ,Educational Admin & Leadership ,1,1,0,0,1,0,0,0,0,0,0,0,0,0,0,1,0,10KS0209EDD120105 ,KN ,674 ,EDM ,0209 ,Ed Organization and Leadership ,  ,  ,10,3,7,0,6,1,3,0,0,0,0,0,0,3,0,10,0,10KS0209EDM120105 ,KN ,674 ,EDM ,0209 ,Ed Organization and Leadership ,  ,  ,1,0,1,0,0,0,1,0,0,0,0,0,0,1,0,1,0,10KS0209EDMU120105 ,KN ,674 ,EDM ,0209 ,Ed Organization and Leadership ,5096 ,Higher Education ,8,2,6,0,4,0,3,1,0,0,0,0,0,3,0,7,1,10KS0209EDM120105 ,KN ,674 ,EDM ,0209 ,Ed Organization and Leadership ,5097 ,Educational Admin & Leadership ,8,3,5,0,8,0,0,0,0,0,0,0,0,0,0,8,0,10KS0209EDM120105 ,KN ,674 ,MS ,0209 ,Ed Organization and Leadership ,5096 ,Higher Education ,1,1,0,0,0,0,1,0,0,0,0,0,0,1,0,1,0,10KS0209MS120105 ,KN ,674 ,PHD ,0209 ,Ed Organization and Leadership ,  ,  ,6,2,4,0,3,1,1,1,0,0,0,0,0,2,0,5,1,10KS0209PHD120105 ,KN ,760 ,EDD ,4096 ,Human Resource Education ,  ,  ,1,1,0,0,1,0,0,0,0,0,0,0,0,0,0,1,0,10KS4096EDD120105 ,KN ,760 ,EDD ,4096 ,Human Resource Education ,5137 ,Human Resource Development ,1,0,1,0,0,0,1,0,0,0,0,0,0,1,0,1,0,10KS4096EDD120105 ,KN ,760 ,EDM ,4096 ,Human Resource Education ,  ,  ,4,3,1,0,2,1,0,0,0,0,0,1,0,0,0,3,1,10KS4096EDM120105 ,KN ,760 ,EDM ,4096 ,Human Resource Education ,5137 ,Human Resource Development ,6,3,3,0,2,1,0,0,0,0,0,3,0,0,0,3,3,10KS4096EDM120105 ,KN ,760 ,MS ,4096 ,Human Resource Education ,  ,  ,1,1,0,0,0,0,0,0,0,0,0,1,0,0,0,0,1,10KS4096MS120105 ,KN ,760 ,MS ,4096 ,Human Resource Education ,5137 ,Human Resource Development ,1,0,1,0,0,0,0,0,0,0,0,1,0,0,0,0,1,10KS4096MS120105 ,KN ,760 ,PHD ,4096 ,Human Resource Education ,  ,  ,4,2,2,0,0,0,0,1,0,0,0,3,0,1,1,1,3,10KS4096PHD120105 ,KN ,760 ,PHD ,4096 ,Human Resource Education ,5137 ,Human Resource Development ,7,3,4,0,1,1,1,0,0,0,0,4,0,1,0,2,5,10KS4096PHD120105 ,KN ,  ,  ,  ,Education ,  ,***College total*** ,349,96,253,0,168,19,77,42,2,0,2,38,1,85,8,231,118,  ,,,,,,,,,,,,,,,,,,,,,,,,, ,,,,,,,,,,,,,,,,,,,,,,,,,120105 ,KP ,  ,  ,  ,Engineering ,  ,  ,  ,  ,  ,  ,  ,  ,  ,  ,  ,  ,  ,  ,  ,  ,  ,  ,  , 120105 ,KP ,210 ,BS ,0118 ,Engineering Mechanics ,  ,  ,1,1,0,0,1,0,0,0,0,0,0,0,0,0,0,1,0,10KP0118BS120105 ,KP ,227 ,BS ,0102 ,Agricultural Engineering ,  ,  ,4,4,0,0,3,1,0,0,0,0,0,0,0,0,0,4,0,10KP0102BS120105 ,KP ,227 ,BS ,0102 ,Agricultural Engineering ,3907 ,Food & Bioprocess Engineering ,1,1,0,0,1,0,0,0,0,0,0,0,0,0,0,1,0,10KP3907BS120105 ,KP ,227 ,BS ,5163 ,Agricultural & Biological Engr ,  ,  ,10,6,4,0,8,1,0,0,0,0,0,1,0,0,0,9,1,10KP5163BS120105 ,KP ,227 ,MS ,0102 ,Agricultural Engineering ,  ,  ,3,3,0,0,3,0,0,0,0,0,0,0,0,0,0,3,0,10KS0102MS120105 ,KP ,227 ,MS ,5163 ,Agricultural & Biological Engr ,  ,  ,13,7,6,0,3,0,0,0,0,0,0,10,0,0,0,1,12,10KS5163MS120105 ,KP ,227 ,NDEG ,0067 ,Nondegree ,  ,  ,2,2,0,0,2,0,0,0,0,0,0,0,0,0,0,2,0,10KP0067NDEG120105 ,KP ,227 ,PHD ,0102 ,Agricultural Engineering ,  ,  ,5,5,0,0,1,0,0,0,0,0,0,4,0,0,0,1,4,10KS0102PHD120105 ,KP ,227 ,PHD ,5163 ,Agricultural & Biological Engr ,  ,  ,7,5,2,0,3,0,0,1,0,0,0,3,0,0,0,2,5,10KS5163PHD120105 ,KP ,244 ,BS ,0121 ,Engineering Physics ,  ,  ,16,15,1,0,10,1,0,1,0,0,1,3,0,0,0,11,5,10KP0121BS120105 ,KP ,244 ,MS ,0240 ,Physics ,  ,  ,1,1,0,0,0,0,0,0,0,0,0,1,0,0,0,0,1,10KS0240MS120105 ,KP ,244 ,PHD ,0240 ,Physics ,  ,  ,135,116,19,0,54,9,1,1,0,0,1,67,2,1,0,9,126,10KS0240PHD120105 ,KP ,251 ,BS ,0106 ,Civil Engineering ,  ,  ,96,65,31,0,50,15,3,5,0,1,2,18,2,3,0,73,23,10KP0106BS120105 ,KP ,251 ,MS ,0106 ,Civil Engineering ,  ,  ,85,66,19,0,49,4,0,5,0,0,3,24,0,2,1,34,51,10KS0106MS120105 ,KP ,251 ,MS ,0231 ,Environ Engr in Civil Engr ,  ,  ,25,16,9,0,16,0,0,2,0,0,2,5,0,0,0,9,16,10KS0231MS120105 ,KP ,251 ,MS ,0232 ,Environ Science in Civil Engr ,  ,  ,2,0,2,0,0,0,0,1,0,0,0,0,1,0,0,1,1,10KS0232MS120105 ,KP ,251 ,PHD ,0106 ,Civil Engineering ,  ,  ,61,50,11,0,21,3,0,1,0,0,0,36,0,0,0,11,50,10KS0106PHD120105 ,KP ,251 ,PHD ,0231 ,Environ Engr in Civil Engr ,  ,  ,28,12,16,0,8,2,0,2,0,0,0,16,0,0,0,2,26,10KS0231PHD120105 ,KP ,251 ,PHD ,0232 ,Environ Science in Civil Engr ,  ,  ,4,1,3,0,0,1,0,0,0,0,0,2,1,0,0,0,4,10KS0232PHD120105 ,KP ,343 ,BS ,0408 ,Bioengineering ,  ,  ,16,11,5,0,10,5,0,1,0,0,0,0,0,0,0,15,1,10KP0408BS120105 ,KP ,343 ,MS ,0408 ,Bioengineering ,  ,  ,2,1,1,0,0,1,0,0,0,0,0,1,0,0,0,1,1,10KS0408MS120105 ,KP ,343 ,PHD ,0408 ,Bioengineering ,  ,  ,14,6,8,0,2,2,1,0,0,0,0,9,0,1,0,2,12,10KS0408PHD120105 ,KP ,422 ,BS ,0124 ,General Engineering ,  ,  ,59,45,14,0,41,10,0,1,0,1,0,6,0,0,0,50,9,10KP0124BS120105 ,KP ,422 ,BS ,0127 ,Industrial Engineering ,  ,  ,17,13,4,0,1,1,1,2,0,0,0,12,0,1,0,4,13,10KP0127BS120105 ,KP ,422 ,MS ,0127 ,Industrial Engineering ,  ,  ,3,1,2,0,0,0,0,0,0,0,0,3,0,0,0,0,3,10KS0127MS120105 ,KP ,422 ,MS ,3846 ,Systems & Entrepreneurial Engr ,  ,  ,4,4,0,0,4,0,0,0,0,0,0,0,0,0,0,4,0,10KS3846MS120105 ,KP ,422 ,PHD ,0127 ,Industrial Engineering ,  ,  ,19,12,7,0,4,1,0,0,0,0,0,14,0,0,0,2,17,10KS0127PHD120105 ,KP ,422 ,PHD ,3846 ,Systems & Entrepreneurial Engr ,  ,  ,8,7,1,0,1,0,1,0,0,0,0,6,0,1,0,1,7,10KS3846PHD120105 ,KP ,434 ,BS ,0112 ,Computer Science ,  ,  ,94,80,14,0,35,9,1,4,0,0,1,44,0,2,1,38,56,10KP0112BS120105 ,KP ,434 ,BS ,0112 ,Computer Science ,1854 ,CS:BS/MS Program ,1,1,0,0,0,0,0,0,0,0,0,1,0,0,0,0,1,10KP1854BS120105 ,KP ,434 ,MCS ,0112 ,Computer Science ,  ,  ,1,0,1,0,0,0,0,0,0,0,0,1,0,0,0,0,1,10KS0112MCS120105 ,KP ,434 ,MS ,0112 ,Computer Science ,  ,  ,14,10,4,0,1,1,0,0,0,0,0,12,0,0,0,1,13,10KS0112MS120105 ,KP ,434 ,MS ,0112 ,Computer Science ,1854 ,CS:BS/MS Program ,1,1,0,0,0,1,0,0,0,0,0,0,0,0,0,1,0,10KS1854MS120105 ,KP ,434 ,MS ,4026 ,Bioinformatics ,4028 ,Computer Science ,2,0,2,0,0,0,0,0,0,0,0,2,0,0,0,1,1,10KS4028MS120105 ,KP ,434 ,PHD ,0112 ,Computer Science ,  ,  ,143,119,24,0,19,3,3,0,0,0,0,118,0,3,0,5,138,10KS0112PHD120105 ,KP ,615 ,BS ,4048 ,Aerospace Engineering ,  ,  ,50,41,9,0,29,11,2,2,0,0,1,5,0,2,0,35,15,10KP4048BS120105 ,KP ,615 ,MS ,4048 ,Aerospace Engineering ,  ,  ,24,19,5,0,11,4,0,1,0,0,0,8,0,0,0,8,16,10KS4048MS120105 ,KP ,615 ,PHD ,4048 ,Aerospace Engineering ,  ,  ,18,18,0,0,7,0,0,0,0,0,1,10,0,1,1,3,15,10KS4048PHD120105 ,KP ,917 ,BS ,0118 ,Engineering Mechanics ,  ,  ,14,13,1,0,9,3,0,1,0,0,0,1,0,0,0,12,2,10KP0118BS120105 ,KP ,917 ,BS ,0133 ,Mechanical Engineering ,  ,  ,82,73,9,0,39,10,4,3,0,0,2,24,0,4,0,46,36,10KP0133BS120105 ,KP ,917 ,BS ,0133 ,Mechanical Engineering ,4018 ,BS/MS Mechanical Engineering ,1,1,0,0,0,0,0,0,0,0,0,1,0,0,0,0,1,10KP4018BS120105 ,KP ,917 ,MS ,0133 ,Mechanical Engineering ,  ,  ,77,69,8,0,31,6,0,6,0,0,0,34,0,0,0,23,54,10KS0133MS120105 ,KP ,917 ,MS ,0133 ,Mechanical Engineering ,4018 ,BS/MS Mechanical Engineering ,5,4,1,0,5,0,0,0,0,0,0,0,0,0,0,5,0,10KS4018MS120105 ,KP ,917 ,MS ,0242 ,Theoretical & Applied Mechans ,  ,  ,10,8,2,0,9,0,0,0,0,0,0,1,0,0,0,3,7,10KS0242MS120105 ,KP ,917 ,PHD ,0133 ,Mechanical Engineering ,  ,  ,117,102,15,0,27,4,1,0,0,0,0,84,1,1,0,8,109,10KS0133PHD120105 ,KP ,917 ,PHD ,0242 ,Theoretical & Applied Mechans ,  ,  ,16,14,2,0,3,0,0,1,0,0,0,12,0,0,0,2,14,10KS0242PHD120105 ,KP ,919 ,BS ,0130 ,Materials Science & Engr ,  ,  ,30,20,10,0,12,6,0,3,0,0,1,8,0,0,0,20,10,10KP0130BS120105 ,KP ,919 ,BS ,0130 ,Materials Science & Engr ,3908 ,Ceramics ,1,0,1,0,1,0,0,0,0,0,0,0,0,0,0,1,0,10KP3908BS120105 ,KP ,919 ,BS ,0130 ,Materials Science & Engr ,3909 ,Electronic Materials ,1,1,0,0,0,0,0,0,0,0,0,1,0,0,0,0,1,10KP3909BS120105 ,KP ,919 ,BS ,0130 ,Materials Science & Engr ,3910 ,Metals ,2,1,1,0,0,0,1,0,0,0,0,1,0,1,0,1,1,10KP3910BS120105 ,KP ,919 ,BS ,0130 ,Materials Science & Engr ,3911 ,Biomaterials ,2,1,1,0,1,0,0,0,0,0,0,1,0,0,0,2,0,10KP3911BS120105 ,KP ,919 ,BS ,0130 ,Materials Science & Engr ,3912 ,Polymer ,2,2,0,0,1,0,0,0,0,0,0,1,0,0,0,1,1,10KP3912BS120105 ,KP ,919 ,MS ,0130 ,Materials Science & Engr ,  ,  ,6,6,0,0,1,1,0,1,0,0,0,3,0,0,0,1,5,10KS0130MS120105 ,KP ,919 ,PHD ,0130 ,Materials Science & Engr ,  ,  ,75,50,25,0,30,9,0,1,1,0,1,33,0,0,1,7,68,10KS0130PHD120105 ,KP ,933 ,BS ,0109 ,Computer Engineering ,  ,  ,100,85,15,0,33,20,6,8,1,0,1,31,0,6,1,55,45,10KP0109BS120105 ,KP ,933 ,BS ,0115 ,Electrical Engineering ,  ,  ,228,204,24,0,63,42,9,11,1,1,2,97,2,9,1,104,124,10KP0115BS120105 ,KP ,933 ,MS ,1200 ,Electrical & Computer Engr ,  ,  ,97,83,14,0,37,12,0,0,0,0,0,47,1,0,0,22,75,10KS1200MS120105 ,KP ,933 ,PHD ,0115 ,Electrical Engineering ,  ,  ,2,1,1,0,1,0,0,0,0,0,0,1,0,0,0,1,1,10KS0115PHD120105 ,KP ,933 ,PHD ,1200 ,Electrical & Computer Engr ,  ,  ,221,188,33,0,42,14,2,5,0,0,4,154,0,3,1,27,194,10KS1200PHD120105 ,KP ,973 ,BS ,0139 ,Nuclear Engineering ,  ,  ,3,3,0,0,2,0,1,0,0,0,0,0,0,1,0,3,0,10KP0139BS120105 ,KP ,973 ,BS ,0139 ,Nuclear Engineering ,3913 ,"Power, Safety, and the Environ ",14,13,1,0,10,2,1,1,0,0,0,0,0,1,0,12,2,10KP3913BS120105 ,KP ,973 ,BS ,0139 ,Nuclear Engineering ,3914 ,Plasma and Fusion Sci and Engr ,4,4,0,0,2,1,0,0,0,0,0,1,0,0,0,2,2,10KP3914BS120105 ,KP ,973 ,BS ,0139 ,Nuclear Engineering ,3915 ,"Radiol, Medical, & Instr Apps ",1,1,0,0,1,0,0,0,0,0,0,0,0,0,0,1,0,10KP3915BS120105 ,KP ,973 ,BS ,5183 ,"Nuclear, Plasma, Radiolgc Engr ",  ,  ,5,2,3,0,3,1,0,1,0,0,0,0,0,0,0,2,3,10KP5183BS120105 ,KP ,973 ,BS ,5183 ,"Nuclear, Plasma, Radiolgc Engr ",3915 ,"Radiol, Medical, & Instr Apps ",1,1,0,0,1,0,0,0,0,0,0,0,0,0,0,1,0,10KP5183BS120105 ,KP ,973 ,MS ,0139 ,Nuclear Engineering ,  ,  ,1,0,1,0,1,0,0,0,0,0,0,0,0,0,0,1,0,10KS0139MS120105 ,KP ,973 ,MS ,5183 ,"Nuclear, Plasma, Radiolgc Engr ",  ,  ,5,4,1,0,5,0,0,0,0,0,0,0,0,0,0,4,1,10KS5183MS120105 ,KP ,973 ,PHD ,0139 ,Nuclear Engineering ,  ,  ,8,6,2,0,5,0,0,0,0,0,0,3,0,0,0,3,5,10KS0139PHD120105 ,KP ,973 ,PHD ,5183 ,"Nuclear, Plasma, Radiolgc Engr ",  ,  ,3,3,0,0,0,0,0,0,0,0,0,3,0,0,0,0,3,10KS5183PHD120105 ,KP ,  ,  ,  ,Engineering ,  ,***College total*** ,2123,1728,395,0,773,217,38,72,3,3,23,984,10,43,7,715,1408,  ,,,,,,,,,,,,,,,,,,,,,,,,, ,,,,,,,,,,,,,,,,,,,,,,,,,120105 ,KR ,  ,  ,  ,Fine & Applied Arts ,  ,  ,  ,  ,  ,  ,  ,  ,  ,  ,  ,  ,  ,  ,  ,  ,  ,  ,  , 120105 ,KR ,495 ,AMUSD ,0265 ,Music ,  ,  ,15,9,6,0,7,0,0,1,0,0,0,7,0,0,0,3,12,10KS0265AMUS120105 ,KR ,495 ,AMUSD ,0265 ,Music ,3930 ,Choral Music ,3,2,1,0,1,0,1,0,0,0,0,1,0,1,0,1,2,10KS0265AMUS120105 ,KR ,495 ,AMUSD ,0265 ,Music ,5110 ,Performance and Literature ,19,9,10,0,17,0,0,0,0,0,0,2,0,0,0,6,13,10KS0265AMUS120105 ,KR ,495 ,AMUSD ,0265 ,Music ,5111 ,Music Composition ,7,4,3,0,4,0,0,0,0,0,0,3,0,0,0,0,7,10KS0265AMUS120105 ,KR ,495 ,AMUSD ,0265 ,Music ,5117 ,Vocal Coaching & Accompanying ,1,0,1,0,1,0,0,0,0,0,0,0,0,0,0,1,0,10KS0265AMUS120105 ,KR ,495 ,AMUSD ,0265 ,Music ,5118 ,Jazz Performance ,5,3,2,0,2,0,2,0,0,0,0,1,0,2,0,3,2,10KS0265AMUS120105 ,KR ,495 ,BA ,0265 ,Music ,  ,  ,1,0,1,0,0,0,0,0,0,0,1,0,0,0,0,1,0,10KR0265BA120105 ,KR ,495 ,BME ,0168 ,Music Education ,3930 ,Choral Music ,4,1,3,0,2,0,0,1,0,0,1,0,0,0,1,4,0,10KR3930BME120105 ,KR ,495 ,BME ,0168 ,Music Education ,3931 ,Instrumental Music ,13,3,10,0,12,1,0,0,0,0,0,0,0,0,0,11,2,10KR3931BME120105 ,KR ,495 ,BME ,0168 ,Music Education ,3932 ,Elementary General Music ,2,0,2,0,2,0,0,0,0,0,0,0,0,0,0,2,0,10KR3932BME120105 ,KR ,495 ,BMUS ,0157 ,Voice ,  ,  ,5,1,4,0,4,1,0,0,0,0,0,0,0,0,0,5,0,10KR0157BMUS120105 ,KR ,495 ,BMUS ,0158 ,Instrumental Music ,  ,  ,4,2,2,0,1,2,0,0,0,0,1,0,0,1,0,3,1,10KR0158BMUS120105 ,KR ,495 ,BMUS ,0159 ,Music Composition ,  ,  ,2,2,0,0,2,0,0,0,0,0,0,0,0,0,0,2,0,10KR0159BMUS120105 ,KR ,495 ,BMUS ,0160 ,Music History ,  ,  ,2,1,1,0,2,0,0,0,0,0,0,0,0,0,0,2,0,10KR0160BMUS120105 ,KR ,495 ,BMUS ,5045 ,Jazz Performance ,  ,  ,6,4,2,0,5,0,1,0,0,0,0,0,0,1,0,4,2,10KR5045BMUS120105 ,KR ,495 ,EDD ,0168 ,Music Education ,  ,  ,10,5,5,0,7,0,1,0,0,0,0,2,0,1,0,5,5,10KS0168EDD120105 ,KR ,495 ,MME ,0168 ,Music Education ,  ,  ,31,12,19,0,28,0,1,0,1,0,0,1,0,1,1,22,9,10KS0168MME120105 ,KR ,495 ,MMUS ,0265 ,Music ,  ,  ,2,1,1,0,2,0,0,0,0,0,0,0,0,0,0,0,2,10KS0265MMUS120105 ,KR ,495 ,MMUS ,0265 ,Music ,5110 ,Performance and Literature ,6,3,3,0,1,0,1,1,0,0,0,3,0,1,0,1,5,10KS0265MMUS120105 ,KR ,495 ,MMUS ,0265 ,Music ,5113 ,Musicology ,5,2,3,0,5,0,0,0,0,0,0,0,0,0,0,0,5,10KS0265MMUS120105 ,KR ,495 ,MMUS ,0265 ,Music ,5114 ,Piano Pedagogy ,1,0,1,0,0,1,0,0,0,0,0,0,0,0,0,1,0,10KS0265MMUS120105 ,KR ,495 ,MMUS ,0265 ,Music ,5117 ,Vocal Coaching & Accompanying ,2,1,1,0,1,0,0,0,0,0,0,1,0,0,0,1,1,10KS0265MMUS120105 ,KR ,495 ,PHD ,0168 ,Music Education ,  ,  ,2,2,0,0,2,0,0,0,0,0,0,0,0,0,0,2,0,10KS0168PHD120105 ,KR ,495 ,PHD ,1481 ,Musicology ,  ,  ,5,1,4,0,4,0,0,0,0,0,0,1,0,0,0,2,3,10KS1481PHD120105 ,KR ,526 ,BFA ,0148 ,Graphic Design ,  ,  ,6,0,6,0,5,1,0,0,0,0,0,0,0,0,0,4,2,10KR0148BFA120105 ,KR ,526 ,BFA ,0149 ,Crafts ,3933 ,Ceramics ,3,0,3,0,2,0,0,0,0,0,1,0,0,0,0,2,1,10KR3933BFA120105 ,KR ,526 ,BFA ,0149 ,Crafts ,3935 ,Metals ,1,0,1,0,1,0,0,0,0,0,0,0,0,0,0,1,0,10KR3935BFA120105 ,KR ,526 ,BFA ,0150 ,History of Art ,  ,  ,2,0,2,0,2,0,0,0,0,0,0,0,0,0,0,2,0,10KR0150BFA120105 ,KR ,526 ,BFA ,0151 ,Photography ,  ,  ,2,0,2,0,0,0,1,0,0,0,0,1,0,1,0,1,1,10KR0151BFA120105 ,KR ,526 ,BFA ,0152 ,Industrial Design ,  ,  ,6,4,2,0,1,1,0,2,0,0,0,2,0,0,0,4,2,10KR0152BFA120105 ,KR ,526 ,BFA ,0153 ,Painting ,  ,  ,2,0,2,0,2,0,0,0,0,0,0,0,0,0,0,2,0,10KR0153BFA120105 ,KR ,526 ,BFA ,0169 ,Art Education ,  ,  ,11,4,7,0,9,1,0,1,0,0,0,0,0,0,1,10,1,10KR0169BFA120105 ,KR ,526 ,BFA ,5128 ,New Media ,  ,  ,4,2,2,0,2,0,1,0,0,0,0,1,0,1,0,3,1,10KR5128BFA120105 ,KR ,526 ,EDM ,0169 ,Art Education ,  ,  ,1,0,1,0,1,0,0,0,0,0,0,0,0,0,0,1,0,10KS0169EDM120105 ,KR ,526 ,MA ,0169 ,Art Education ,  ,  ,2,1,1,0,2,0,0,0,0,0,0,0,0,0,0,2,0,10KS0169MA120105 ,KR ,526 ,MA ,0250 ,Art History ,  ,  ,1,0,1,0,1,0,0,0,0,0,0,0,0,0,0,0,1,10KS0250MA120105 ,KR ,526 ,MFA ,0252 ,Art and Design ,0255 ,Industrial Design ,6,2,4,0,2,0,0,0,0,0,0,4,0,0,0,0,6,10KS0255MFA120105 ,KR ,526 ,MFA ,0252 ,Art and Design ,0256 ,Metals ,4,0,4,0,1,1,0,0,0,0,0,2,0,0,0,0,4,10KS0256MFA120105 ,KR ,526 ,MFA ,0252 ,Art and Design ,0257 ,Painting ,1,0,1,0,0,0,0,0,0,0,0,1,0,0,0,0,1,10KS0257MFA120105 ,KR ,526 ,NDEG ,0252 ,Art and Design ,  ,  ,1,0,1,0,1,0,0,0,0,0,0,0,0,0,0,1,0,10KS0252NDEG120105 ,KR ,526 ,NONE ,4090 ,Art Foundation ,  ,  ,6,0,6,0,2,0,0,1,0,0,1,2,0,0,1,4,2,10KR4090NONE120105 ,KR ,526 ,PHD ,0169 ,Art Education ,  ,  ,2,0,2,0,2,0,0,0,0,0,0,0,0,0,0,1,1,10KS0169PHD120105 ,KR ,526 ,PHD ,0250 ,Art History ,  ,  ,7,1,6,0,4,0,0,1,0,0,0,2,0,0,0,0,7,10KS0250PHD120105 ,KR ,569 ,BLA ,0156 ,Landscape Architecture ,  ,  ,4,4,0,0,4,0,0,0,0,0,0,0,0,0,0,4,0,10KR0156BLA120105 ,KR ,569 ,BLA ,0156 ,Landscape Architecture ,5095 ,Five-Year Program ,1,1,0,0,1,0,0,0,0,0,0,0,0,0,0,1,0,10KR5095BLA120105 ,KR ,569 ,MLA ,0156 ,Landscape Architecture ,  ,  ,4,4,0,0,4,0,0,0,0,0,0,0,0,0,0,3,1,10KS0156MLA120105 ,KR ,569 ,PHD ,0156 ,Landscape Architecture ,  ,  ,1,1,0,0,0,0,0,0,0,0,0,1,0,0,0,0,1,10KS0156PHD120105 ,KR ,733 ,BA ,0155 ,Urban Planning ,  ,  ,9,5,4,0,4,0,3,0,0,0,1,1,0,3,0,7,2,10KR0155BA120105 ,KR ,733 ,MUP ,0155 ,Urban Planning ,  ,  ,19,7,12,0,11,1,2,1,0,0,1,3,0,3,0,5,14,10KS0155MUP120105 ,KR ,733 ,PHD ,0274 ,Regional Planning ,  ,  ,3,1,2,0,1,1,0,0,0,0,0,1,0,0,0,1,2,10KS0274PHD120105 ,KR ,767 ,BS ,0146 ,Architectural Studies ,  ,  ,39,24,15,0,19,5,3,6,0,0,2,3,1,4,1,35,4,10KR0146BS120105 ,KR ,767 ,MARCH ,0249 ,Architecture ,0247 ,Architecture - 2 Yr ,14,7,7,0,6,5,0,3,0,0,0,0,0,0,0,11,3,10KS0247MARC120105 ,KR ,767 ,MARCH ,0249 ,Architecture ,0248 ,Architecture Track 3 ,7,4,3,0,6,1,0,0,0,0,0,0,0,0,0,6,1,10KS0248MARC120105 ,KR ,767 ,PHD ,0249 ,Architecture ,  ,  ,8,4,4,0,2,0,0,0,0,0,0,6,0,0,0,1,7,10KS0249PHD120105 ,KR ,801 ,BFA ,0261 ,Dance ,  ,  ,6,0,6,0,4,0,1,1,0,0,0,0,0,1,0,5,1,10KR0261BFA120105 ,KR ,801 ,MFA ,0261 ,Dance ,  ,  ,4,1,3,0,4,0,0,0,0,0,0,0,0,0,0,1,3,10KS0261MFA120105 ,KR ,883 ,BFA ,0162 ,Theatre ,3978 ,Costume Design &Constrctn ,1,0,1,0,1,0,0,0,0,0,0,0,0,0,0,1,0,10KR3978BFA120105 ,KR ,883 ,BFA ,0162 ,Theatre ,3980 ,Stage Management ,1,0,1,0,0,0,1,0,0,0,0,0,0,1,0,1,0,10KR3980BFA120105 ,KR ,883 ,BFA ,0162 ,Theatre ,3985 ,Theatre Studies ,4,3,1,0,3,0,0,1,0,0,0,0,0,0,0,4,0,10KR3985BFA120105 ,KR ,883 ,BFA ,0162 ,Theatre ,4081 ,Acting ,5,2,3,0,4,0,1,0,0,0,0,0,0,1,0,5,0,10KR4081BFA120105 ,KR ,883 ,BFA ,0162 ,Theatre ,4084 ,Lighting Design ,1,1,0,0,1,0,0,0,0,0,0,0,0,0,0,1,0,10KR4084BFA120105 ,KR ,883 ,BFA ,0162 ,Theatre ,4085 ,Sound Design and Technology ,1,1,0,0,1,0,0,0,0,0,0,0,0,0,0,1,0,10KR4085BFA120105 ,KR ,883 ,BFA ,0162 ,Theatre ,4086 ,Scenic Design ,1,0,1,0,0,0,0,0,0,0,0,1,0,0,0,0,1,10KR4086BFA120105 ,KR ,883 ,MA ,0162 ,Theatre ,  ,  ,1,0,1,0,0,0,1,0,0,0,0,0,0,1,0,1,0,10KS0162MA120105 ,KR ,883 ,MFA ,0162 ,Theatre ,0271 ,Design and Technology ,3,2,1,0,2,0,0,0,0,0,0,1,0,0,0,0,3,10KS0271MFA120105 ,KR ,883 ,MFA ,0162 ,Theatre ,0272 ,Acting ,1,1,0,0,1,0,0,0,0,0,0,0,0,0,0,0,1,10KS0272MFA120105 ,KR ,883 ,NONE ,0162 ,Theatre ,4080 ,Theatre Foundations ,1,1,0,0,1,0,0,0,0,0,0,0,0,0,0,1,0,10KR4080NONE120105 ,KR ,883 ,PHD ,0162 ,Theatre ,  ,  ,3,3,0,0,2,0,0,0,0,0,1,0,0,0,1,1,2,10KS0162PHD120105 ,KR ,  ,  ,  ,Fine & Applied Arts ,  ,***College total*** ,363,159,204,0,234,22,21,20,1,0,10,54,1,24,6,216,147,  ,,,,,,,,,,,,,,,,,,,,,,,,, ,,,,,,,,,,,,,,,,,,,,,,,,,120105 ,KS ,  ,  ,  ,Graduate College ,  ,  ,  ,  ,  ,  ,  ,  ,  ,  ,  ,  ,  ,  ,  ,  ,  ,  ,  , 120105 ,KS ,486 ,NDEG ,0067 ,Nondegree ,  ,  ,1,0,1,0,0,0,1,0,0,0,0,0,0,1,0,0,1,10KS0067NDEG120105 ,KS ,  ,  ,  ,Graduate College ,  ,***College total*** ,1,0,1,0,0,0,1,0,0,0,0,0,0,1,0,0,1,  ,,,,,,,,,,,,,,,,,,,,,,,,, ,,,,,,,,,,,,,,,,,,,,,,,,,120105 ,KT ,  ,  ,  ,Media ,  ,  ,  ,  ,  ,  ,  ,  ,  ,  ,  ,  ,  ,  ,  ,  ,  ,  ,  , 120105 ,KT ,238 ,BS ,0382 ,Media Studies ,  ,  ,11,3,8,0,6,0,1,2,0,0,0,2,0,1,0,9,2,10KT0382BS120105 ,KT ,238 ,PHD ,0279 ,Communications ,  ,  ,17,7,10,0,3,0,2,3,0,0,2,6,1,3,0,5,12,10KS0279PHD120105 ,KT ,408 ,BS ,0277 ,Advertising ,  ,  ,35,7,28,0,21,2,6,0,0,0,3,3,0,6,1,29,6,10KT0277BS120105 ,KT ,408 ,MS ,0277 ,Advertising ,  ,  ,1,0,1,0,1,0,0,0,0,0,0,0,0,0,0,1,0,10KS0277MS120105 ,KT ,436 ,BS ,5201 ,Media and Cinema Studies ,  ,  ,1,0,1,0,1,0,0,0,0,0,0,0,0,0,0,1,0,10KT5201BS120105 ,KT ,436 ,BS ,5201 ,Media and Cinema Studies ,3869 ,Cinema Studies ,3,3,0,0,2,1,0,0,0,0,0,0,0,0,0,2,1,10KT5201BS120105 ,KT ,436 ,BS ,5201 ,Media and Cinema Studies ,5205 ,Media Studies ,7,1,6,0,3,0,2,0,0,0,1,1,0,3,0,6,1,10KT5201BS120105 ,KT ,642 ,BSJ ,0380 ,News-Editorial ,  ,  ,12,4,8,0,10,1,1,0,0,0,0,0,0,1,0,10,2,10KT0380BSJ120105 ,KT ,642 ,BSJ ,0381 ,Broadcast Journalism ,  ,  ,6,1,5,0,3,0,2,0,0,0,1,0,0,3,0,5,1,10KT0381BSJ120105 ,KT ,642 ,MS ,0278 ,Journalism ,  ,  ,15,5,10,0,10,1,1,2,0,0,0,1,0,1,0,12,3,10KS0278MS120105 ,KT ,934 ,NONE ,0390 ,General Curriculum ,  ,  ,1,1,0,0,0,0,1,0,0,0,0,0,0,1,0,0,1,10KT0390NONE120105 ,KT ,  ,  ,  ,Media ,  ,***College total*** ,109,32,77,0,60,5,16,7,0,0,7,13,1,19,1,80,29,  ,,,,,,,,,,,,,,,,,,,,,,,,, ,,,,,,,,,,,,,,,,,,,,,,,,,120105 ,KU ,  ,  ,  ,Law ,  ,  ,  ,  ,  ,  ,  ,  ,  ,  ,  ,  ,  ,  ,  ,  ,  ,  ,  , 120105 ,KU ,853 ,JD ,0385 ,Law ,  ,  ,72,49,23,0,47,6,6,4,0,0,1,6,2,7,0,29,43,10KU0385JD120105 ,KU ,  ,  ,  ,Law ,  ,***College total*** ,72,49,23,0,47,6,6,4,0,0,1,6,2,7,0,29,43,  ,,,,,,,,,,,,,,,,,,,,,,,,, ,,,,,,,,,,,,,,,,,,,,,,,,,120105 ,KV ,  ,  ,  ,Liberal Arts & Sci ,  ,  ,  ,  ,  ,  ,  ,  ,  ,  ,  ,  ,  ,  ,  ,  ,  ,  ,  , 120105 ,KV ,241 ,BALAS ,0340 ,Anthropology ,  ,  ,39,14,25,0,22,2,5,9,0,0,0,1,0,5,1,37,2,10KV0340BALA120105 ,KV ,241 ,BALAS ,0340 ,Anthropology ,  ,  ,1,1,0,0,0,0,0,1,0,0,0,0,0,0,0,1,0,10KV8037BALA120105 ,KV ,241 ,BALAS ,0340 ,Anthropology ,5043 ,Socioculturl & Linguistic Anth ,5,1,4,0,3,0,0,1,0,0,1,0,0,0,0,5,0,10KV5043BALA120105 ,KV ,241 ,MA ,0340 ,Anthropology ,  ,  ,1,0,1,0,1,0,0,0,0,0,0,0,0,0,0,1,0,10KS0340MA120105 ,KV ,241 ,PHD ,0340 ,Anthropology ,  ,  ,21,8,13,0,13,2,2,3,0,0,0,0,1,3,2,4,17,10KS0340PHD120105 ,KV ,253 ,BSLAS ,0334 ,Atmospheric Sciences ,  ,  ,11,8,3,0,9,0,0,1,0,0,0,1,0,0,0,10,1,10KV0334BSLA120105 ,KV ,253 ,MS ,0334 ,Atmospheric Sciences ,  ,  ,17,10,7,0,15,0,0,1,0,0,0,1,0,0,0,6,11,10KS0334MS120105 ,KV ,253 ,PHD ,0334 ,Atmospheric Sciences ,  ,  ,24,10,14,0,13,0,0,1,0,0,0,10,0,0,0,1,23,10KS0334PHD120105 ,KV ,257 ,BSLAS ,0439 ,Mathematics ,  ,  ,6,4,2,0,3,1,0,0,0,0,0,2,0,0,0,4,2,10KV0439BSLA120105 ,KV ,257 ,BSLAS ,0439 ,Mathematics ,  ,  ,2,1,1,0,1,0,0,0,0,0,0,1,0,0,0,1,1,10KV8037BSLA120105 ,KV ,257 ,BSLAS ,0439 ,Mathematics ,3895 ,Applied Mathematics ,1,1,0,0,0,0,0,0,0,0,0,1,0,0,0,0,1,10KV3895BSLA120105 ,KV ,257 ,BSLAS ,0439 ,Mathematics ,3896 ,Graduate Preparation ,2,2,0,0,2,0,0,0,0,0,0,0,0,0,0,2,0,10KV3896BSLA120105 ,KV ,257 ,BSLAS ,0439 ,Mathematics ,3897 ,Mathematics Teaching Option ,6,3,3,0,6,0,0,0,0,0,0,0,0,0,0,5,1,10KV3897BSLA120105 ,KV ,257 ,BSLAS ,0461 ,Actuarial Science ,  ,  ,34,22,12,0,8,5,4,0,0,0,0,17,0,4,0,16,18,10KV0461BSLA120105 ,KV ,257 ,BSLAS ,0461 ,Actuarial Science ,  ,  ,1,0,1,0,0,1,0,0,0,0,0,0,0,0,0,1,0,10KV8037BSLA120105 ,KV ,257 ,BSLAS ,1438 ,Math & Computer Science ,  ,  ,11,10,1,0,6,2,0,0,0,0,0,3,0,0,0,7,4,10KV1438BSLA120105 ,KV ,257 ,MS ,0290 ,Teaching of Mathematics ,  ,  ,1,1,0,0,1,0,0,0,0,0,0,0,0,0,0,1,0,10KS0290MS120105 ,KV ,257 ,MS ,0327 ,Applied Mathematics ,  ,  ,5,3,2,0,1,0,0,0,0,0,0,4,0,0,0,0,5,10KS0327MS120105 ,KV ,257 ,MS ,0327 ,Applied Mathematics ,0328 ,Actuarial Science ,2,1,1,0,0,0,0,0,0,0,0,2,0,0,0,0,2,10KS0328MS120105 ,KV ,257 ,MS ,0439 ,Mathematics ,  ,  ,6,5,1,0,2,0,0,0,0,0,0,4,0,0,0,2,4,10KS0439MS120105 ,KV ,257 ,NONE ,0439 ,Mathematics ,  ,  ,32,20,12,0,11,7,4,2,0,0,0,8,0,4,0,20,12,10KV0439NONE120105 ,KV ,257 ,PHD ,0439 ,Mathematics ,  ,  ,33,24,9,0,10,2,0,0,0,0,1,20,0,1,0,4,29,10KS0439PHD120105 ,KV ,265 ,BSLAS ,5086 ,"Earth Systems, Env, & Society ",  ,  ,5,3,2,0,3,0,1,1,0,0,0,0,0,1,0,5,0,10KV5086BSLA120105 ,KV ,265 ,BSLAS ,5086 ,"Earth Systems, Env, & Society ",5103 ,Society and the Environment ,9,4,5,0,6,1,0,1,0,0,0,1,0,0,0,8,1,10KV5086BSLA120105 ,KV ,265 ,BSLAS ,5086 ,"Earth Systems, Env, & Society ",5104 ,Science of the Earth System ,6,4,2,0,3,1,0,1,0,0,0,1,0,0,0,4,2,10KV5086BSLA120105 ,KV ,299 ,BSLAS ,0338 ,Psychology ,  ,  ,180,70,110,0,92,29,18,20,1,1,4,14,1,20,2,158,22,10KV0338BSLA120105 ,KV ,299 ,BSLAS ,0338 ,Psychology ,  ,  ,9,1,8,0,5,0,0,3,0,0,0,1,0,0,0,8,1,10KV8037BSLA120105 ,KV ,299 ,MS ,0338 ,Psychology ,  ,  ,2,2,0,0,2,0,0,0,0,0,0,0,0,0,0,1,1,10KS0338MS120105 ,KV ,299 ,PHD ,0338 ,Psychology ,  ,  ,53,23,30,0,27,5,1,7,0,0,3,10,0,3,4,8,45,10KS0338PHD120105 ,KV ,303 ,BALAS ,1008 ,African American Studies ,  ,  ,2,0,2,0,0,0,2,0,0,0,0,0,0,2,0,2,0,10KV1008BALA120105 ,KV ,324 ,BALAS ,0344 ,Sociology ,  ,  ,107,48,59,0,36,11,36,20,0,1,2,1,0,37,2,98,9,10KV0344BALA120105 ,KV ,324 ,BALAS ,0344 ,Sociology ,  ,  ,2,1,1,0,0,0,1,1,0,0,0,0,0,1,0,2,0,10KV8037BALA120105 ,KV ,324 ,PHD ,0344 ,Sociology ,  ,  ,13,2,11,0,4,2,2,2,0,0,1,1,1,2,0,5,8,10KS0344PHD120105 ,KV ,361 ,MS ,0324 ,Entomology ,  ,  ,7,4,3,0,4,1,0,0,0,0,0,1,1,0,0,0,7,10KS0324MS120105 ,KV ,361 ,PHD ,0324 ,Entomology ,  ,  ,15,4,11,0,7,0,1,1,0,0,0,6,0,1,0,2,13,10KS0324PHD120105 ,KV ,362 ,BALAS ,0285 ,E Asian Languages & Cultures ,  ,  ,13,7,6,0,3,6,0,2,0,0,0,1,1,0,0,8,5,10KV0285BALA120105 ,KV ,362 ,MA ,0284 ,Asian Studies ,  ,  ,5,1,4,0,1,1,0,0,0,0,0,3,0,0,0,0,5,10KS0284MA120105 ,KV ,362 ,PHD ,0285 ,E Asian Languages & Cultures ,  ,  ,7,4,3,0,3,0,0,0,1,0,0,3,0,0,1,2,5,10KS0285PHD120105 ,KV ,377 ,MS ,0320 ,Plant Biology ,  ,  ,2,1,1,0,1,0,0,0,1,0,0,0,0,0,1,2,0,10KS0320MS120105 ,KV ,377 ,PHD ,0320 ,Plant Biology ,  ,  ,6,3,3,0,4,0,0,0,0,0,0,1,1,0,0,4,2,10KS0320PHD120105 ,KV ,383 ,BSLAS ,0438 ,Integrative Biology ,  ,  ,53,27,26,0,34,7,1,5,0,0,1,5,0,1,1,48,5,10KV0438BSLA120105 ,KV ,383 ,BSLAS ,0438 ,Integrative Biology ,  ,  ,2,0,2,0,0,1,0,1,0,0,0,0,0,0,0,2,0,10KV8037BSLA120105 ,KV ,383 ,BSLAS ,0438 ,Integrative Biology ,5028 ,Honors Integrative Biology ,3,3,0,0,2,0,0,0,0,0,1,0,0,0,1,3,0,10KV5028BSLA120105 ,KV ,383 ,BSLAS ,0438 ,Integrative Biology ,5028 ,Honors Integrative Biology ,1,1,0,0,1,0,0,0,0,0,0,0,0,0,0,1,0,10KV8037BSLA120105 ,KV ,383 ,MS ,0314 ,Biology ,  ,  ,9,5,4,0,3,2,1,1,0,0,0,1,1,2,0,7,2,10KS0314MS120105 ,KV ,383 ,MS ,0314 ,Biology ,0315 ,"Ecology, Ethology, Evolution ",2,0,2,0,2,0,0,0,0,0,0,0,0,0,0,2,0,10KS0315MS120105 ,KV ,383 ,MS ,5107 ,"Ecol, Evol, Conservation Biol ",  ,  ,1,0,1,0,1,0,0,0,0,0,0,0,0,0,0,1,0,10KS5107MS120105 ,KV ,383 ,PHD ,0314 ,Biology ,0315 ,"Ecology, Ethology, Evolution ",3,1,2,0,3,0,0,0,0,0,0,0,0,0,0,0,3,10KS0315PHD120105 ,KV ,383 ,PHD ,0314 ,Biology ,0316 ,Ecology & Evolutionary Biology ,3,0,3,0,3,0,0,0,0,0,0,0,0,0,0,1,2,10KS0316PHD120105 ,KV ,383 ,PHD ,0314 ,Biology ,0317 ,Physiol & Molec Plant Biology ,4,1,3,0,2,0,0,0,0,0,0,2,0,0,0,1,3,10KS0317PHD120105 ,KV ,383 ,PHD ,5107 ,"Ecol, Evol, Conservation Biol ",  ,  ,9,3,6,0,6,2,0,1,0,0,0,0,0,0,0,3,6,10KS5107PHD120105 ,KV ,397 ,MS ,0293 ,Teaching of Biological Science ,  ,  ,1,0,1,0,1,0,0,0,0,0,0,0,0,0,0,1,0,10KS0293MS120105 ,KV ,397 ,NONE ,0314 ,Biology ,  ,  ,54,33,21,0,16,20,3,8,0,0,1,6,0,3,0,46,8,10KV0314NONE120105 ,KV ,405 ,BALAS ,0074 ,Economics ,  ,  ,129,99,30,0,47,27,2,3,0,0,2,48,0,3,1,76,53,10KV0074BALA120105 ,KV ,405 ,BALAS ,0074 ,Economics ,  ,  ,8,7,0,1,4,2,0,0,0,0,0,2,0,0,0,5,3,10KV8037BALA120105 ,KV ,405 ,MS ,0074 ,Economics ,3925 ,Policy Economics ,32,13,19,0,2,2,0,0,0,0,0,28,0,0,0,1,31,10KS3925MS120105 ,KV ,405 ,PHD ,0074 ,Economics ,  ,  ,22,17,5,0,2,1,0,0,0,0,0,19,0,0,0,2,20,10KS0074PHD120105 ,KV ,413 ,BS ,0335 ,Chemistry ,  ,  ,27,18,9,0,15,4,2,2,0,0,0,3,1,2,0,23,4,10KV0335BS120105 ,KV ,413 ,BS ,0335 ,Chemistry ,5023 ,Environmental Chemistry ,1,1,0,0,1,0,0,0,0,0,0,0,0,0,0,1,0,10KV5023BS120105 ,KV ,413 ,BSLAS ,0335 ,Chemistry ,  ,  ,43,21,22,0,15,18,3,1,0,0,2,4,0,3,0,35,8,10KV0335BSLA120105 ,KV ,413 ,BSLAS ,0335 ,Chemistry ,  ,  ,2,1,1,0,0,2,0,0,0,0,0,0,0,0,0,2,0,10KV8037BSLA120105 ,KV ,413 ,MS ,0335 ,Chemistry ,  ,  ,2,1,1,0,0,1,1,0,0,0,0,0,0,1,0,0,2,10KS0335MS120105 ,KV ,413 ,PHD ,0335 ,Chemistry ,  ,  ,244,172,72,0,157,11,5,5,1,0,5,56,4,6,3,18,226,10KS0335PHD120105 ,KV ,413 ,PHD ,0337 ,Chemical Physics ,  ,  ,6,5,1,0,4,0,0,1,0,0,0,0,1,0,0,0,6,10KS0337PHD120105 ,KV ,415 ,BSLAS ,0433 ,Molecular and Cellular Biology ,  ,  ,207,105,102,0,117,57,12,11,0,2,3,3,2,12,1,198,9,10KV0433BSLA120105 ,KV ,415 ,BSLAS ,0433 ,Molecular and Cellular Biology ,  ,  ,10,2,8,0,5,3,1,0,0,1,0,0,0,1,0,10,0,10KV8037BSLA120105 ,KV ,415 ,BSLAS ,0433 ,Molecular and Cellular Biology ,5121 ,Honors ,18,9,9,0,5,8,1,1,0,0,2,1,0,1,0,16,2,10KV0433BSLA120105 ,KV ,415 ,BSLAS ,0433 ,Molecular and Cellular Biology ,5121 ,Honors ,3,2,1,0,1,2,0,0,0,0,0,0,0,0,0,3,0,10KV8037BSLA120105 ,KV ,415 ,PHD ,0319 ,Biophysics & Computnl Biology ,  ,  ,49,38,11,0,11,1,0,2,0,0,0,35,0,0,0,4,45,10KS0319PHD120105 ,KV ,415 ,PHD ,0323 ,Neuroscience ,  ,  ,43,18,25,0,20,11,1,4,0,1,1,5,0,2,0,12,31,10KS0323PHD120105 ,KV ,430 ,BSLAS ,0333 ,Astronomy ,  ,  ,2,2,0,0,1,1,0,0,0,0,0,0,0,0,0,2,0,10KV0333BSLA120105 ,KV ,430 ,MS ,0333 ,Astronomy ,  ,  ,1,1,0,0,1,0,0,0,0,0,0,0,0,0,0,1,0,10KS0333MS120105 ,KV ,430 ,PHD ,0333 ,Astronomy ,  ,  ,18,11,7,0,7,1,0,0,0,0,0,10,0,0,0,1,17,10KS0333PHD120105 ,KV ,438 ,BS ,0318 ,Biochemistry ,  ,  ,13,7,6,0,4,6,0,1,0,0,0,2,0,0,0,9,4,10KV0318BS120105 ,KV ,438 ,PHD ,0318 ,Biochemistry ,  ,  ,67,35,32,0,23,9,0,5,0,0,2,28,0,0,2,20,47,10KS0318PHD120105 ,KV ,451 ,BALAS ,0342 ,History ,  ,  ,50,36,14,0,40,5,1,2,0,0,1,0,1,1,0,50,0,10KV0342BALA120105 ,KV ,451 ,BALAS ,0342 ,History ,3917 ,Teaching of Social Studies ,16,9,7,0,13,1,1,0,0,0,1,0,0,2,0,16,0,10KV3917BALA120105 ,KV ,451 ,BALAS ,0342 ,History ,3917 ,Teaching of Social Studies ,1,1,0,0,1,0,0,0,0,0,0,0,0,0,0,1,0,10KV8037BALA120105 ,KV ,451 ,PHD ,0342 ,History ,  ,  ,52,26,26,0,29,3,8,4,0,0,4,4,0,10,2,8,44,10KS0342PHD120105 ,KV ,461 ,MA ,0283 ,African Studies ,  ,  ,4,3,1,0,1,0,1,0,0,0,0,0,2,1,0,1,3,10KS0283MA120105 ,KV ,489 ,BALAS ,0313 ,Speech Communication ,  ,  ,36,16,20,0,11,4,13,4,0,0,3,1,0,14,0,32,4,10KV0313BALA120105 ,KV ,489 ,BALAS ,0313 ,Speech Communication ,  ,  ,1,0,1,0,1,0,0,0,0,0,0,0,0,0,0,1,0,10KV8037BALA120105 ,KV ,489 ,BALAS ,5164 ,Communication ,  ,  ,144,65,79,0,67,13,46,12,0,0,2,4,0,48,3,126,18,10KV5164BALA120105 ,KV ,489 ,BALAS ,5164 ,Communication ,  ,  ,3,0,3,0,1,1,1,0,0,0,0,0,0,1,0,3,0,10KV8037BALA120105 ,KV ,489 ,MA ,5164 ,Communication ,  ,  ,16,3,13,0,10,1,3,0,0,0,0,1,1,3,0,8,8,10KS5164MA120105 ,KV ,489 ,PHD ,0313 ,Speech Communication ,  ,  ,7,5,2,0,6,0,0,1,0,0,0,0,0,0,0,0,7,10KS0313PHD120105 ,KV ,489 ,PHD ,5164 ,Communication ,  ,  ,23,9,14,0,18,1,2,1,0,0,0,0,1,2,0,10,13,10KS5164PHD120105 ,KV ,490 ,BALAS ,0443 ,Religious Studies ,  ,  ,2,1,1,0,2,0,0,0,0,0,0,0,0,0,0,2,0,10KV0443BALA120105 ,KV ,490 ,BALAS ,5197 ,Religion ,  ,  ,3,3,0,0,1,2,0,0,0,0,0,0,0,0,0,3,0,10KV5197BALA120105 ,KV ,499 ,BALAS ,0311 ,English ,  ,  ,89,33,55,1,60,9,7,11,0,0,2,0,0,10,0,88,1,10KV0311BALA120105 ,KV ,499 ,BALAS ,0311 ,English ,  ,  ,7,1,6,0,6,0,0,1,0,0,0,0,0,0,0,7,0,10KV8037BALA120105 ,KV ,499 ,BALAS ,0311 ,English ,3916 ,English Teaching Option ,4,0,4,0,1,1,0,2,0,0,0,0,0,0,0,4,0,10KV3916BALA120105 ,KV ,499 ,BALAS ,0420 ,Rhetoric ,  ,  ,1,0,1,0,0,0,1,0,0,0,0,0,0,1,0,1,0,10KV0420BALA120105 ,KV ,499 ,BALAS ,0420 ,Rhetoric ,3892 ,Creative Writing ,16,13,3,0,11,1,3,0,0,0,0,1,0,3,0,14,2,10KV3892BALA120105 ,KV ,499 ,MA ,0311 ,English ,  ,  ,7,2,5,0,4,2,0,1,0,0,0,0,0,0,0,3,4,10KS0311MA120105 ,KV ,499 ,PHD ,0311 ,English ,  ,  ,52,20,32,0,34,4,1,8,0,0,0,4,1,1,0,12,40,10KS0311PHD120105 ,KV ,499 ,PHD ,0311 ,English ,5080 ,Medieval Studies ,1,0,1,0,1,0,0,0,0,0,0,0,0,0,0,0,1,10KS0311PHD120105 ,KV ,514 ,BALAS ,0308 ,Classics ,  ,  ,1,0,1,0,0,1,0,0,0,0,0,0,0,0,0,1,0,10KV8037BALA120105 ,KV ,514 ,BALAS ,0308 ,Classics ,0310 ,Latin ,1,0,1,0,1,0,0,0,0,0,0,0,0,0,0,0,1,10KV0310BALA120105 ,KV ,514 ,BALAS ,0308 ,Classics ,3878 ,Classical Civilization ,3,0,3,0,3,0,0,0,0,0,0,0,0,0,0,3,0,10KV3878BALA120105 ,KV ,514 ,MA ,0308 ,Classics ,  ,  ,2,1,1,0,2,0,0,0,0,0,0,0,0,0,0,0,2,10KS0308MA120105 ,KV ,514 ,PHD ,0347 ,Classical Philology ,  ,  ,5,2,3,0,3,1,0,1,0,0,0,0,0,0,0,2,3,10KS0347PHD120105 ,KV ,553 ,BALAS ,0287 ,Russian & E European Studies ,  ,  ,3,2,1,0,2,0,0,0,0,0,1,0,0,1,0,2,1,10KV0287BALA120105 ,KV ,553 ,MA ,4097 ,"Russian, E Eur, Eurasian St ",  ,  ,7,3,4,0,6,0,0,0,0,0,1,0,0,0,0,2,5,10KS4097MA120105 ,KV ,580 ,BALAS ,0075 ,Finance ,  ,  ,1,1,0,0,0,0,0,0,0,0,0,1,0,0,0,0,1,10KV0075BALA120105 ,KV ,580 ,BALAS ,0150 ,History of Art ,  ,  ,6,0,6,0,3,0,1,0,0,0,0,1,1,1,0,5,1,10KV0150BALA120105 ,KV ,580 ,BALAS ,0401 ,International Studies ,  ,  ,41,17,24,0,20,8,0,7,0,0,0,6,0,0,2,34,7,10KV0401BALA120105 ,KV ,580 ,BALAS ,0401 ,International Studies ,  ,  ,4,0,4,0,4,0,0,0,0,0,0,0,0,0,0,4,0,10KV8037BALA120105 ,KV ,580 ,BALAS ,0463 ,Individual Plans of Study ,  ,  ,3,1,2,0,2,1,0,0,0,0,0,0,0,0,0,3,0,10KV0463BALA120105 ,KV ,580 ,BALAS ,3865 ,Interdisciplinary ,  ,  ,1,0,1,0,1,0,0,0,0,0,0,0,0,0,0,1,0,10KV3865BALA120105 ,KV ,580 ,BALAS ,3865 ,Interdisciplinary ,3869 ,Cinema Studies ,3,2,1,0,1,1,1,0,0,0,0,0,0,1,0,3,0,10KV3869BALA120105 ,KV ,580 ,BALAS ,5206 ,Global Studies ,  ,  ,21,6,15,0,12,4,0,1,0,0,1,2,1,0,0,19,2,10KV5206BALA120105 ,KV ,580 ,BALAS ,5206 ,Global Studies ,  ,  ,1,0,1,0,0,1,0,0,0,0,0,0,0,0,0,1,0,10KV8037BALA120105 ,KV ,580 ,BS ,0240 ,Physics ,  ,  ,9,9,0,0,6,0,0,0,0,0,1,2,0,0,0,6,3,10KV0240BS120105 ,KV ,580 ,BSLAS ,0240 ,Physics ,  ,  ,11,7,3,1,3,2,0,0,0,0,0,6,0,0,0,4,7,10KV0240BSLA120105 ,KV ,580 ,BSLAS ,0240 ,Physics ,3919 ,Physics Teaching Option ,1,0,1,0,1,0,0,0,0,0,0,0,0,0,0,1,0,10KV3919BSLA120105 ,KV ,580 ,BSLAS ,0463 ,Individual Plans of Study ,  ,  ,1,1,0,0,1,0,0,0,0,0,0,0,0,0,0,1,0,10KV0463BSLA120105 ,KV ,580 ,NDEG ,0067 ,Nondegree ,  ,  ,1,0,1,0,0,0,0,1,0,0,0,0,0,0,0,1,0,10KV0067ND1Q120105 ,KV ,580 ,NDEG ,0067 ,Nondegree ,  ,  ,16,10,6,0,9,1,0,3,1,0,1,1,0,0,1,15,1,10KV0067NDEG120105 ,KV ,580 ,NONE ,0390 ,General Curriculum ,  ,  ,39,27,12,0,3,1,30,5,0,0,0,0,0,30,0,31,8,10KV0390NONE120105 ,KV ,580 ,NONE ,5246 ,LAS - Undeclared ,  ,  ,11,9,2,0,1,0,8,0,0,0,1,0,1,8,1,5,6,10KV5246NONE120105 ,KV ,583 ,BSLAS ,0329 ,Statistics ,  ,  ,26,17,9,0,10,5,3,0,0,0,0,8,0,3,0,16,10,10KV0329BSLA120105 ,KV ,583 ,BSLAS ,0464 ,Statistics & Computer Science ,  ,  ,1,0,1,0,0,0,0,0,0,0,0,1,0,0,0,0,1,10KV0464BSLA120105 ,KV ,583 ,BSLAS ,0464 ,Statistics & Computer Science ,  ,  ,1,0,1,0,0,0,0,0,0,0,0,1,0,0,0,0,1,10KV8037BSLA120105 ,KV ,583 ,MS ,0329 ,Statistics ,  ,  ,2,0,2,0,0,0,0,0,0,0,0,2,0,0,0,1,1,10KS0329MS120105 ,KV ,583 ,MS ,0329 ,Statistics ,0331 ,Applied ,3,1,2,0,0,0,0,0,0,0,0,3,0,0,0,0,3,10KS0331MS120105 ,KV ,583 ,PHD ,0329 ,Statistics ,  ,  ,11,5,6,0,0,1,0,0,0,0,0,10,0,0,0,0,11,10KS0329PHD120105 ,KV ,584 ,PHD ,0321 ,Cell and Structural Biology ,  ,  ,3,3,0,0,1,0,0,0,0,0,0,2,0,0,0,0,3,10KS0321PHD120105 ,KV ,584 ,PHD ,4094 ,Cell and Developmental Biology ,  ,  ,47,24,23,0,17,3,0,1,0,0,0,26,0,0,0,11,36,10KS4094PHD120105 ,KV ,585 ,BA ,0297 ,Teaching of Spanish ,  ,  ,1,1,0,0,0,1,0,0,0,0,0,0,0,0,0,1,0,10KV0297BA120105 ,KV ,585 ,BALAS ,0305 ,Italian ,  ,  ,1,1,0,0,0,0,0,1,0,0,0,0,0,0,0,1,0,10KV0305BALA120105 ,KV ,585 ,BALAS ,0307 ,Spanish ,  ,  ,32,7,25,0,22,2,3,5,0,0,0,0,0,3,0,31,1,10KV0307BALA120105 ,KV ,585 ,BALAS ,0307 ,Spanish ,  ,  ,2,2,0,0,1,0,0,1,0,0,0,0,0,0,0,2,0,10KV8037BALA120105 ,KV ,585 ,MA ,0307 ,Spanish ,  ,  ,2,1,1,0,1,0,0,0,0,0,0,1,0,0,0,0,2,10KS0307MA120105 ,KV ,585 ,MA ,0307 ,Spanish ,5122 ,Spanish Linguistics ,3,0,3,0,1,0,0,1,0,0,0,1,0,0,0,0,3,10KS0307MA120105 ,KV ,585 ,PHD ,0305 ,Italian ,  ,  ,1,0,1,0,0,0,0,0,0,0,0,1,0,0,0,0,1,10KS0305PHD120105 ,KV ,585 ,PHD ,0307 ,Spanish ,  ,  ,8,1,7,0,2,0,0,3,0,0,0,3,0,1,0,2,6,10KS0307PHD120105 ,KV ,604 ,PHD ,0325 ,Molecular & Integrative Physi ,  ,  ,35,16,19,0,15,2,2,3,0,0,1,12,0,2,0,10,25,10KS0325PHD120105 ,KV ,655 ,BS ,0336 ,Geology ,  ,  ,5,3,2,0,5,0,0,0,0,0,0,0,0,0,0,5,0,10KV0336BS120105 ,KV ,655 ,BS ,0336 ,Geology ,3880 ,Geophysics ,2,1,1,0,1,0,0,0,0,0,0,1,0,0,0,1,1,10KV3880BS120105 ,KV ,655 ,BS ,0336 ,Geology ,3881 ,Environmental Geology ,2,1,1,0,2,0,0,0,0,0,0,0,0,0,0,2,0,10KV3881BS120105 ,KV ,655 ,BSLAS ,0336 ,Geology ,  ,  ,5,5,0,0,5,0,0,0,0,0,0,0,0,0,0,5,0,10KV0336BSLA120105 ,KV ,655 ,BSLAS ,0336 ,Geology ,3882 ,Earth & Environmental Sciences ,2,2,0,0,1,0,0,1,0,0,0,0,0,0,0,2,0,10KV3882BSLA120105 ,KV ,655 ,MS ,0336 ,Geology ,  ,  ,1,0,1,0,1,0,0,0,0,0,0,0,0,0,0,1,0,10KS0336MS120105 ,KV ,655 ,PHD ,0336 ,Geology ,  ,  ,1,0,1,0,0,0,0,0,0,0,0,1,0,0,0,0,1,10KS0336PHD120105 ,KV ,670 ,MA ,5203 ,European Union Studies ,  ,  ,3,2,1,0,3,0,0,0,0,0,0,0,0,0,0,2,1,10KS5203MA120105 ,KV ,680 ,BALAS ,1279 ,Gender and Women's Studies ,  ,  ,7,0,7,0,1,0,6,0,0,0,0,0,0,6,0,7,0,10KV1279BALA120105 ,KV ,687 ,BS ,0300 ,Chemical Engineering ,  ,  ,53,32,20,1,19,14,1,7,0,0,2,10,0,1,1,43,10,10KV0300BS120105 ,KV ,687 ,BS ,0300 ,Chemical Engineering ,5029 ,Biomolecular Engineering ,2,0,2,0,1,0,0,0,0,0,0,1,0,0,0,1,1,10KV5029BS120105 ,KV ,687 ,MS ,0300 ,Chemical Engineering ,  ,  ,6,3,3,0,0,0,0,0,0,0,0,6,0,0,0,0,6,10KS0300MS120105 ,KV ,687 ,PHD ,0300 ,Chemical Engineering ,  ,  ,95,59,36,0,31,9,1,4,0,0,1,47,2,1,0,3,92,10KS0300PHD120105 ,KV ,710 ,BALAS ,0343 ,Political Science ,  ,  ,132,87,45,0,84,10,12,16,0,1,1,6,2,14,0,125,7,10KV0343BALA120105 ,KV ,710 ,BALAS ,0343 ,Political Science ,  ,  ,11,5,6,0,8,2,0,0,0,0,0,1,0,0,0,10,1,10KV8037BALA120105 ,KV ,710 ,MA ,0343 ,Political Science ,5120 ,Civic Leadership ,2,0,2,0,1,0,0,1,0,0,0,0,0,0,0,2,0,10KS0343MA120105 ,KV ,710 ,PHD ,0343 ,Political Science ,  ,  ,9,7,2,0,6,1,1,1,0,0,0,0,0,1,1,1,8,10KS0343PHD120105 ,KV ,715 ,BALAS ,0332 ,Philosophy ,  ,  ,18,16,2,0,9,4,2,1,0,0,1,1,0,2,1,17,1,10KV0332BALA120105 ,KV ,715 ,PHD ,0332 ,Philosophy ,  ,  ,7,5,2,0,7,0,0,0,0,0,0,0,0,0,0,3,4,10KS0332PHD120105 ,KV ,729 ,BALAS ,0286 ,Latin American Studies ,  ,  ,2,1,1,0,0,0,0,2,0,0,0,0,0,0,0,2,0,10KV0286BALA120105 ,KV ,729 ,MA ,0286 ,Latin American Studies ,  ,  ,1,0,1,0,0,0,0,1,0,0,0,0,0,0,0,1,0,10KS0286MA120105 ,KV ,771 ,BALAS ,1120 ,Comparative Literature ,  ,  ,2,1,1,0,1,0,0,1,0,0,0,0,0,0,0,2,0,10KV1120BALA120105 ,KV ,771 ,BALAS ,1120 ,Comparative Literature ,3905 ,World Literature ,1,1,0,0,0,1,0,0,0,0,0,0,0,0,0,1,0,10KV3905BALA120105 ,KV ,771 ,MA ,1120 ,Comparative Literature ,  ,  ,3,2,1,0,3,0,0,0,0,0,0,0,0,0,0,0,3,10KS1120MA120105 ,KV ,771 ,PHD ,1120 ,Comparative Literature ,  ,  ,4,1,3,0,2,0,0,0,0,0,0,2,0,0,0,0,4,10KS1120PHD120105 ,KV ,864 ,BALAS ,0301 ,Linguistics ,  ,  ,5,2,3,0,5,0,0,0,0,0,0,0,0,0,0,5,0,10KV0301BALA120105 ,KV ,864 ,BALAS ,0301 ,Linguistics ,3874 ,Hebrew Language & Linguistics ,2,1,1,0,0,1,0,0,0,0,1,0,0,0,0,2,0,10KV3874BALA120105 ,KV ,864 ,MA ,0299 ,Teaching of English Sec Lang ,  ,  ,13,4,9,0,3,1,1,1,0,0,0,6,1,1,0,6,7,10KS0299MA120105 ,KV ,864 ,MA ,0301 ,Linguistics ,  ,  ,6,4,2,0,5,0,0,0,0,0,0,1,0,0,0,3,3,10KS0301MA120105 ,KV ,864 ,PHD ,0301 ,Linguistics ,  ,  ,9,4,5,0,4,0,1,0,0,0,0,4,0,1,0,2,7,10KS0301PHD120105 ,KV ,872 ,BALAS ,0341 ,Geography ,  ,  ,1,1,0,0,1,0,0,0,0,0,0,0,0,0,0,1,0,10KV8037BALA120105 ,KV ,872 ,BALAS ,0341 ,Geography ,3884 ,Human Geography ,1,1,0,0,1,0,0,0,0,0,0,0,0,0,0,1,0,10KV3884BALA120105 ,KV ,872 ,MS ,0341 ,Geography ,  ,  ,1,0,1,0,1,0,0,0,0,0,0,0,0,0,0,0,1,10KS0341MS120105 ,KV ,872 ,PHD ,0341 ,Geography ,  ,  ,6,2,4,0,2,1,1,0,0,0,0,2,0,1,0,1,5,10KS0341PHD120105 ,KV ,927 ,BALAS ,0412 ,Germanic Lang & Lit ,  ,  ,1,0,1,0,1,0,0,0,0,0,0,0,0,0,0,1,0,10KV0412BALA120105 ,KV ,927 ,BALAS ,0412 ,Germanic Lang & Lit ,3887 ,German and Commercial Studies ,2,1,1,0,2,0,0,0,0,0,0,0,0,0,0,2,0,10KV3887BALA120105 ,KV ,927 ,BALAS ,0412 ,Germanic Lang & Lit ,3887 ,German and Commercial Studies ,1,0,1,0,1,0,0,0,0,0,0,0,0,0,0,1,0,10KV8037BALA120105 ,KV ,927 ,BALAS ,0412 ,Germanic Lang & Lit ,3888 ,Language and Literature ,2,0,2,0,2,0,0,0,0,0,0,0,0,0,0,2,0,10KV8037BALA120105 ,KV ,927 ,MA ,0303 ,German ,  ,  ,2,0,2,0,2,0,0,0,0,0,0,0,0,0,0,2,0,10KS0303MA120105 ,KV ,927 ,PHD ,0303 ,German ,  ,  ,4,3,1,0,4,0,0,0,0,0,0,0,0,0,0,0,4,10KS0303PHD120105 ,KV ,948 ,PHD ,0322 ,Microbiology ,  ,  ,68,24,44,0,31,5,2,5,1,0,1,21,2,2,1,16,52,10KS0322PHD120105 ,KV ,958 ,BALAS ,0411 ,Russian Lang & Literature ,  ,  ,3,2,1,0,3,0,0,0,0,0,0,0,0,0,0,3,0,10KV0411BALA120105 ,KV ,958 ,MA ,0302 ,Slavic Languages & Literature ,  ,  ,5,1,4,0,3,0,1,0,0,0,0,1,0,1,0,3,2,10KS0302MA120105 ,KV ,958 ,PHD ,0302 ,Slavic Languages & Literature ,  ,  ,2,0,2,0,0,1,0,0,0,0,0,0,1,0,0,0,2,10KS0302PHD120105 ,KV ,985 ,BALAS ,0304 ,French ,  ,  ,2,0,2,0,2,0,0,0,0,0,0,0,0,0,0,2,0,10KV0304BALA120105 ,KV ,985 ,BALAS ,0304 ,French ,3875 ,French Commercial Studies ,2,2,0,0,2,0,0,0,0,0,0,0,0,0,0,2,0,10KV3875BALA120105 ,KV ,985 ,MA ,0304 ,French ,  ,  ,3,0,3,0,2,1,0,0,0,0,0,0,0,0,0,2,1,10KS0304MA120105 ,KV ,985 ,PHD ,0304 ,French ,  ,  ,4,1,3,0,2,0,0,0,0,0,0,2,0,0,0,1,3,10KS0304PHD120105 ,KV ,  ,  ,  ,Liberal Arts & Sci ,  ,***College total*** ,3223,1700,1519,4,1586,412,275,251,6,7,59,595,32,299,35,1903,1320,  ,,,,,,,,,,,,,,,,,,,,,,,,, ,,,,,,,,,,,,,,,,,,,,,,,,,120105 ,KW ,  ,  ,  ,General Studies ,  ,  ,  ,  ,  ,  ,  ,  ,  ,  ,  ,  ,  ,  ,  ,  ,  ,  ,  , 120105 ,KW ,605 ,NONE ,5083 ,Undeclared ,  ,  ,206,123,82,1,93,37,39,10,0,0,3,23,1,40,0,159,47,10KW5083NONE120105 ,KW ,  ,  ,  ,General Studies ,  ,***College total*** ,206,123,82,1,93,37,39,10,0,0,3,23,1,40,0,159,47,  ,,,,,,,,,,,,,,,,,,,,,,,,, ,,,,,,,,,,,,,,,,,,,,,,,,,120105 ,KY ,  ,  ,  ,Applied Health Sci ,  ,  ,  ,  ,  ,  ,  ,  ,  ,  ,  ,  ,  ,  ,  ,  ,  ,  ,  , 120105 ,KY ,581 ,BS ,0349 ,Community Health ,  ,  ,19,4,15,0,8,2,9,0,0,0,0,0,0,9,0,16,3,10KY0349BS120105 ,KY ,581 ,BS ,0349 ,Community Health ,0473 ,Health Education ,33,2,31,0,13,5,11,3,0,0,1,0,0,12,1,33,0,10KY0473BS120105 ,KY ,581 ,BS ,0349 ,Community Health ,0474 ,Health Planning & Admin ,62,21,41,0,27,8,20,6,0,1,0,0,0,20,0,60,2,10KY0474BS120105 ,KY ,581 ,BS ,0349 ,Community Health ,0495 ,Rehab & Disability Studies ,14,2,12,0,5,2,3,3,0,0,0,0,1,3,0,13,1,10KY0495BS120105 ,KY ,581 ,BS ,0351 ,Kinesiology ,  ,  ,101,46,55,0,74,9,9,8,0,0,1,0,0,9,0,89,12,10KY0351BS120105 ,KY ,581 ,BS ,0351 ,Kinesiology ,0494 ,Athletic Training ,1,1,0,0,1,0,0,0,0,0,0,0,0,0,0,1,0,10KY0494BS120105 ,KY ,581 ,BS ,0351 ,Kinesiology ,4049 ,Teacher Education K-12 ,8,7,1,0,7,0,0,1,0,0,0,0,0,0,0,8,0,10KY4049BS120105 ,KY ,581 ,BS ,5185 ,Athletic Training ,  ,  ,6,2,4,0,4,1,0,1,0,0,0,0,0,0,0,6,0,10KY5185BS120105 ,KY ,581 ,MPH ,1630 ,Public Health ,  ,  ,5,3,2,0,5,0,0,0,0,0,0,0,0,0,0,5,0,10KS1630MPH120105 ,KY ,581 ,MS ,0349 ,Community Health ,  ,  ,2,0,2,0,1,0,1,0,0,0,0,0,0,1,0,2,0,10KS0349MS120105 ,KY ,581 ,MS ,0350 ,Rehabilitation ,  ,  ,1,0,1,0,0,0,0,0,0,0,1,0,0,1,1,1,0,10KS0350MS120105 ,KY ,581 ,MS ,0351 ,Kinesiology ,  ,  ,8,3,5,0,4,1,0,0,0,0,0,3,0,0,0,4,4,10KS0351MS120105 ,KY ,581 ,MSPH ,0349 ,Community Health ,  ,  ,3,2,1,0,1,1,1,0,0,0,0,0,0,1,0,3,0,10KS0349MSPH120105 ,KY ,581 ,NDEG ,0351 ,Kinesiology ,  ,  ,1,0,1,0,1,0,0,0,0,0,0,0,0,0,0,1,0,10KS0351NDEG120105 ,KY ,581 ,PHD ,0349 ,Community Health ,  ,  ,8,4,4,0,4,1,1,0,0,0,0,2,0,1,0,4,4,10KS0349PHD120105 ,KY ,581 ,PHD ,0351 ,Kinesiology ,  ,  ,16,8,8,0,9,1,3,1,0,0,0,2,0,3,0,11,5,10KS0351PHD120105 ,KY ,679 ,AUD ,1053 ,Audiology ,  ,  ,18,5,13,0,16,0,1,0,0,0,1,0,0,2,0,15,3,10KS1053AUD120105 ,KY ,679 ,BS ,0354 ,Speech & Hearing Science ,  ,  ,3,1,2,0,3,0,0,0,0,0,0,0,0,0,0,3,0,10KY0354BS120105 ,KY ,679 ,BS ,0354 ,Speech & Hearing Science ,4067 ,Audiology ,3,0,3,0,1,1,0,1,0,0,0,0,0,0,0,3,0,10KY4067BS120105 ,KY ,679 ,BS ,0354 ,Speech & Hearing Science ,4068 ,Speech-Language Pathology ,23,2,21,0,20,0,1,0,0,0,0,2,0,1,0,21,2,10KY4068BS120105 ,KY ,679 ,MA ,0354 ,Speech & Hearing Science ,  ,  ,70,3,67,0,65,1,0,1,0,0,0,1,2,0,0,57,13,10KS0354MA120105 ,KY ,679 ,PHD ,0354 ,Speech & Hearing Science ,  ,  ,3,1,2,0,2,0,0,0,0,0,0,1,0,0,0,1,2,10KS0354PHD120105 ,KY ,714 ,BS ,0353 ,Leisure Studies ,  ,  ,1,1,0,0,0,0,1,0,0,0,0,0,0,1,0,1,0,10KY0353BS120105 ,KY ,714 ,BS ,4043 ,"Recreation, Sport, and Tourism ",  ,  ,4,2,2,0,4,0,0,0,0,0,0,0,0,0,0,3,1,10KY4043BS120105 ,KY ,714 ,BS ,4043 ,"Recreation, Sport, and Tourism ",4044 ,Recreation Management ,25,14,11,0,17,0,5,2,0,0,0,1,0,5,0,24,1,10KY4044BS120105 ,KY ,714 ,BS ,4043 ,"Recreation, Sport, and Tourism ",4045 ,Tourism Management ,6,2,4,0,2,1,3,0,0,0,0,0,0,3,0,5,1,10KY4045BS120105 ,KY ,714 ,BS ,4043 ,"Recreation, Sport, and Tourism ",4046 ,Sports Management ,56,44,12,0,34,5,11,4,0,0,1,1,0,11,0,44,12,10KY4046BS120105 ,KY ,714 ,MS ,4043 ,"Recreation, Sport, and Tourism ",  ,  ,3,2,1,0,2,0,0,0,0,0,0,1,0,0,0,2,1,10KS4043MS120105 ,KY ,714 ,PHD ,4043 ,"Recreation, Sport, and Tourism ",  ,  ,13,4,9,0,3,0,2,1,0,0,1,6,0,3,0,5,8,10KS4043PHD120105 ,KY ,754 ,BS ,5204 ,Health ,  ,  ,1,1,0,0,0,0,0,0,0,0,0,0,1,0,0,1,0,10KY5204BS120105 ,KY ,754 ,BS ,5204 ,Health ,5219 ,Health and Aging ,2,1,1,0,1,0,0,1,0,0,0,0,0,0,0,2,0,10KY5204BS120105 ,KY ,754 ,BS ,5204 ,Health ,5220 ,Health Behavior Change ,8,1,7,0,5,2,0,0,0,0,1,0,0,1,1,6,2,10KY5204BS120105 ,KY ,754 ,BS ,5204 ,Health ,5221 ,Health Diversity ,3,0,3,0,1,2,0,0,0,0,0,0,0,0,0,3,0,10KY5204BS120105 ,KY ,  ,  ,  ,Applied Health Sci ,  ,***College total*** ,530,189,341,0,340,43,82,33,0,1,7,20,4,87,3,453,77,  ,,,,,,,,,,,,,,,,,,,,,,,,, ,,,,,,,,,,,,,,,,,,,,,,,,,120105 ,LC ,  ,  ,  ,Veterinary Medicine ,  ,  ,  ,  ,  ,  ,  ,  ,  ,  ,  ,  ,  ,  ,  ,  ,  ,  ,  , 120105 ,LC ,282 ,MS ,0361 ,VMS - Veterinary Pathobiology ,  ,  ,2,0,2,0,2,0,0,0,0,0,0,0,0,0,0,2,0,10KS0361MS120105 ,LC ,282 ,NDEG ,0361 ,VMS - Veterinary Pathobiology ,  ,  ,1,0,1,0,1,0,0,0,0,0,0,0,0,0,0,0,1,10KS0361NDEG120105 ,LC ,282 ,PHD ,0361 ,VMS - Veterinary Pathobiology ,  ,  ,11,7,4,0,5,0,1,1,0,0,0,4,0,1,0,5,6,10KS0361PHD120105 ,LC ,444 ,DVM ,0480 ,Veterinary Medicine ,  ,  ,115,25,90,0,100,3,0,3,0,0,1,1,7,0,0,102,13,10LC0480DVM120105 ,LC ,598 ,MS ,0359 ,VMS-Veterinary Clinical Medcne ,  ,  ,5,2,3,0,1,0,0,1,0,0,0,3,0,0,0,1,4,10KS0359MS120105 ,LC ,598 ,PHD ,0359 ,VMS-Veterinary Clinical Medcne ,  ,  ,3,2,1,0,1,0,0,0,0,0,0,2,0,0,0,0,3,10KS0359PHD120105 ,LC ,873 ,MS ,0357 ,VMS - Veterinary Biosciences ,  ,  ,2,1,1,0,1,0,0,0,0,0,0,1,0,0,0,1,1,10KS0357MS120105 ,LC ,873 ,PHD ,0357 ,VMS - Veterinary Biosciences ,  ,  ,9,3,6,0,4,0,0,1,0,0,0,4,0,0,0,4,5,10KS0357PHD120105 ,LC ,873 ,PHD ,0357 ,VMS - Veterinary Biosciences ,0358 ,Vet Biosciences Res Scholars ,4,2,2,0,1,1,0,0,0,0,0,2,0,0,0,2,2,10KS0358PHD120105 ,LC ,  ,  ,  ,Veterinary Medicine ,  ,***College total*** ,152,42,110,0,116,4,1,6,0,0,1,17,7,1,0,117,35,  ,,,,,,,,,,,,,,,,,,,,,,,,, ,,,,,,,,,,,,,,,,,,,,,,,,,120105 ,LE ,  ,  ,  ,Institute of Aviation ,  ,  ,  ,  ,  ,  ,  ,  ,  ,  ,  ,  ,  ,  ,  ,  ,  ,  ,  , 120105 ,LE ,707 ,AVIPC ,0487 ,Professional Pilot ,  ,  ,7,7,0,0,6,0,0,0,0,0,0,1,0,0,0,4,3,10LE0487AVIP120105 ,LE ,707 ,BS ,0489 ,Aviation Human Factors ,  ,  ,53,49,4,0,39,6,2,5,0,0,0,1,0,2,0,48,5,10LE0489BS120105 ,LE ,707 ,MS ,3530 ,Human Factors ,  ,  ,4,3,1,0,1,1,0,0,0,0,0,2,0,0,0,0,4,10KS3530MS120105 ,LE ,707 ,NDEG ,0067 ,Nondegree ,  ,  ,1,1,0,0,1,0,0,0,0,0,0,0,0,0,0,1,0,10LE0067NDEG120105 ,LE ,  ,  ,  ,Institute of Aviation ,  ,***College total*** ,65,60,5,0,47,7,2,5,0,0,0,4,0,2,0,53,12,  ,,,,,,,,,,,,,,,,,,,,,,,,, ,,,,,,,,,,,,,,,,,,,,,,,,,120105 ,LG ,  ,  ,  ,Labor & Empl. Rel. ,  ,  ,  ,  ,  ,  ,  ,  ,  ,  ,  ,  ,  ,  ,  ,  ,  ,  ,  , 120105 ,LG ,568 ,MHRIR ,0364 ,Human Res & Industrial Rels ,  ,  ,15,3,12,0,3,1,0,0,0,0,0,11,0,0,0,4,11,10KS0364MHRI120105 ,LG ,568 ,PHD ,0364 ,Human Res & Industrial Rels ,  ,  ,2,1,1,0,0,0,1,0,0,0,0,1,0,1,0,1,1,10KS0364PHD120105 ,LG ,  ,  ,  ,Labor & Empl. Rel. ,  ,***College total*** ,17,4,13,0,3,1,1,0,0,0,0,12,0,1,0,5,12,  ,,,,,,,,,,,,,,,,,,,,,,,,, ,,,,,,,,,,,,,,,,,,,,,,,,,120105 ,LL ,  ,  ,  ,School of Social Work ,  ,  ,  ,  ,  ,  ,  ,  ,  ,  ,  ,  ,  ,  ,  ,  ,  ,  ,  , 120105 ,LL ,783 ,BSW ,0365 ,Social Work ,  ,  ,1,0,1,0,0,0,1,0,0,0,0,0,0,1,0,1,0,10LL0365BSW120105 ,LL ,783 ,MSW ,0365 ,Social Work ,  ,  ,60,7,53,0,41,2,11,4,0,0,2,0,0,12,0,56,4,10KS0365MSW120105 ,LL ,783 ,MSW ,0365 ,Social Work ,5077 ,Health Care ,17,0,17,0,14,2,1,0,0,0,0,0,0,1,0,15,2,10KS0365MSW120105 ,LL ,783 ,MSW ,0365 ,Social Work ,5078 ,Mental Health ,44,5,39,0,35,2,3,4,0,0,0,0,0,4,0,42,2,10KS0365MSW120105 ,LL ,783 ,MSW ,0365 ,Social Work ,5079 ,School Social Work ,33,2,31,0,26,0,3,4,0,0,0,0,0,4,0,33,0,10KS0365MSW120105 ,LL ,783 ,MSW ,0365 ,Social Work ,5217 ,"Advocacy, Ldrshp, Socl Change ",6,0,6,0,3,2,1,0,0,0,0,0,0,1,0,6,0,10KS0365MSW120105 ,LL ,783 ,MSW ,0365 ,Social Work ,5218 ,"Children, Youth, Family Svcs ",25,2,23,0,19,1,3,1,0,0,1,0,0,4,0,25,0,10KS0365MSW120105 ,LL ,783 ,PHD ,0365 ,Social Work ,  ,  ,12,0,12,0,3,0,1,0,0,0,0,8,0,1,0,4,8,10KS0365PHD120105 ,LL ,  ,  ,  ,School of Social Work ,  ,***College total*** ,198,16,182,0,141,9,24,13,0,0,3,8,0,28,0,182,16,  ,,,,,,,,,,,,,,,,,,,,,,,,, ,,,,,,,,,,,,,,,,,,,,,,,,,120105 ,LN ,  ,  ,  ,Continuing Education ,  ,  ,  ,  ,  ,  ,  ,  ,  ,  ,  ,  ,  ,  ,  ,  ,  ,  ,  , 120105 ,LN ,641 ,NDEG ,1249 ,Nondegree-CE ,  ,  ,37,9,28,0,33,0,1,1,0,0,0,0,2,1,0,2,35,10LN1249NDEJ120105 ,LN ,  ,  ,  ,Continuing Education ,  ,***College total*** ,37,9,28,0,33,0,1,1,0,0,0,0,2,1,0,2,35,  ,,,,,,,,,,,,,,,,,,,,,,,,, ,,,,,,,,,,,,,,,,,,,,,,,,,120105 ,LP ,  ,  ,  ,Library & Info Sci ,  ,  ,  ,  ,  ,  ,  ,  ,  ,  ,  ,  ,  ,  ,  ,  ,  ,  ,  , 120105 ,LP ,992 ,CAS ,0370 ,Library & Information Science ,  ,  ,6,0,6,0,5,0,0,0,0,0,0,1,0,0,0,4,2,10KS0370CAS120105 ,LP ,992 ,MS ,0370 ,Library & Information Science ,  ,  ,105,25,79,1,78,7,8,7,0,0,2,1,2,9,0,72,33,10KS0370MS120105 ,LP ,992 ,MS ,0370 ,Library & Information Science ,  ,  ,21,4,17,0,14,0,2,2,0,0,1,0,2,2,0,17,4,10KS0370MSU120105 ,LP ,992 ,MS ,4026 ,Bioinformatics ,5098 ,Library & Information Science ,2,0,2,0,0,0,0,0,0,0,0,2,0,0,0,0,2,10KS5098MS120105 ,LP ,992 ,PHD ,0370 ,Library & Information Science ,  ,  ,23,8,15,0,10,4,2,1,0,0,0,6,0,2,1,10,13,10KS0370PHD120105 ,LP ,  ,  ,  ,Library & Info Sci ,  ,***College total*** ,157,37,119,1,107,11,12,10,0,0,3,10,4,13,1,103,54,  ,,,,,,,,,,,,,,,,,,,,,,,,, ,,,,,,,,,,,,,,,,,,,,,,,,,120105 ,NB ,  ,  ,  ,Provost & VC Acad Affairs ,  ,  ,  ,  ,  ,  ,  ,  ,  ,  ,  ,  ,  ,  ,  ,  ,  ,  ,  , 120105 ,NB ,593 ,NDEG ,0067 ,Nondegree ,  ,  ,47,20,27,0,22,9,5,7,0,1,3,0,0,8,2,31,16,10NB0067NDEG120105 ,NB ,  ,  ,  ,Provost & VC Acad Affairs ,  ,***College total*** ,47,20,27,0,22,9,5,7,0,1,3,0,0,8,2,31,16,  ,,,,,,,,,,,,,,,,,,,,,,,,, ,,,,,,,,,,,,,,,,,,,,,,,,,