"UIUC On-Campus Student Enrollment by Curriculum, Sex, Race/Ethnicity, and Residency",,,,,,,,,,,,,,,,,,,,,SPRING 2005,,,,,,,,"REVISED:  June 2, 2010",,,,,,,,,,,,,Division of Management Information,,,,,,*** This report is derived from the Registration Census 10-day student statistics.  Any Codebook changes made after ,,,,,,,,,,,,,,,,,,,,,the tenth day of class will not be reflected.  Students obtaining a second bachelor's degree are no longer counted separately.,,,,,,,,,,,,,,,Term/Year Code,Coll,Dept,Degree,Major code,Major Name,Conc code,Concentration Name (if any),Total,By Gender,,,By Self-reported Race/Ethnicity,,,,,,,By Residency,,Academic Program Code,,,,,,,,,Men,Women,Unknown,Caucasian,Asian American,African American,Hispanic,Native American,International,Unknown,Illinois,Non-Illinois,,,,,,,,,,,,,,,,,,,,,,120051 , , , , ,***Campus total*** , , ,37505,19826,17658,21,23723,4237,2232,2057,100,4539,617,28364,9141,120051 , , , , ,Undergraduate , , ,27754,14505,13231,18,18892,3541,1876,1733,75,1207,430,24649,3105,120051 , , , , ,Graduate , , ,8691,4846,3844,1,4092,573,307,268,21,3317,113,2866,5825,120051 , , , , ,Professional , , ,1060,475,583,2,739,123,49,56,4,15,74,849,211,,,,,,,,,,,,,,,,,,,,,,120051 ,KL ,  ,  ,  ,"Agr, Cons, Env Sci ",  ,  ,  ,  ,  ,  ,  ,  ,  ,  ,  ,  ,  ,  ,  , 120051 ,KL ,470 ,BS ,0009 ,"Agribusiness, Farm & Financial ",0010 ,Agri-Accounting ,71,39,32,0,55,7,5,2,0,2,0,69,2,10KL0010BS120051 ,KL ,470 ,BS ,0009 ,"Agribusiness, Farm & Financial ",0011 ,Agri-Finance ,69,50,19,0,52,3,7,7,0,0,0,67,2,10KL0011BS120051 ,KL ,470 ,BS ,0009 ,"Agribusiness, Farm & Financial ",0012 ,Farm Management ,43,40,2,1,42,0,0,0,0,0,1,42,1,10KL0012BS120051 ,KL ,470 ,BS ,0009 ,"Agribusiness, Farm & Financial ",0013 ,Agribusiness Markets & Mgmt ,93,68,24,1,86,0,5,2,0,0,0,92,1,10KL0013BS120051 ,KL ,470 ,BS ,0014 ,Consumer and Textile Marketing ,  ,  ,84,2,82,0,67,7,8,1,0,0,1,80,4,10KL0014BS120051 ,KL ,470 ,BS ,0017 ,"Intl, Resource, Consumer Econ ",0018 ,Consumer Economics & Finance ,93,60,33,0,75,8,4,5,0,1,0,91,2,10KL0018BS120051 ,KL ,470 ,BS ,0017 ,"Intl, Resource, Consumer Econ ",0019 ,Env & Natural Resource Mgmt ,9,7,2,0,9,0,0,0,0,0,0,9,0,10KL0019BS120051 ,KL ,470 ,BS ,0017 ,"Intl, Resource, Consumer Econ ",0020 ,Individually Planned Curricula ,1,1,0,0,0,1,0,0,0,0,0,1,0,10KL0020BS120051 ,KL ,470 ,BS ,0017 ,"Intl, Resource, Consumer Econ ",0021 ,"Policy, Intl Trade, & Dvlpmt ",58,34,24,0,45,6,1,2,0,1,3,56,2,10KL0021BS120051 ,KL ,470 ,MS ,0176 ,Agr & Consumer Economics ,  ,  ,25,15,10,0,12,2,0,0,0,11,0,10,15,10KS0176MS120051 ,KL ,470 ,PHD ,0176 ,Agr & Consumer Economics ,  ,  ,55,32,23,0,10,1,0,0,0,43,1,2,53,10KS0176PHD120051 ,KL ,483 ,NDEG ,0067 ,Nondegree ,  ,  ,19,5,14,0,1,0,0,0,0,18,0,0,19,10KL0067NDEG120051 ,KL ,538 ,BS ,0002 ,Animal Sciences ,0004 ,Science ,1,0,1,0,1,0,0,0,0,0,0,1,0,10KL0004BS120051 ,KL ,538 ,BS ,0002 ,Animal Sciences ,0005 ,Animal Business Mgt and Ind ,24,13,11,0,23,1,0,0,0,0,0,24,0,10KL0005BS120051 ,KL ,538 ,BS ,0002 ,Animal Sciences ,0006 ,"Companion,Rec,Lab An Sci ",101,17,84,0,88,4,1,6,0,0,2,101,0,10KL0006BS120051 ,KL ,538 ,BS ,0002 ,Animal Sciences ,0007 ,Food Animal Science ,22,9,13,0,22,0,0,0,0,0,0,22,0,10KL0007BS120051 ,KL ,538 ,BS ,0002 ,Animal Sciences ,0008 ,"Science, Biotech & Pre-VetMed ",338,80,258,0,299,13,7,12,0,2,5,326,12,10KL0008BS120051 ,KL ,538 ,MS ,0002 ,Animal Sciences ,  ,  ,53,17,36,0,46,2,0,2,0,3,0,39,14,10KS0002MS120051 ,KL ,538 ,NONE ,0002 ,Animal Sciences ,  ,  ,1,0,1,0,1,0,0,0,0,0,0,1,0,10KL0002NONE120051 ,KL ,538 ,PHD ,0002 ,Animal Sciences ,  ,  ,41,23,18,0,22,2,0,0,0,17,0,15,26,10KS0002PHD120051 ,KL ,698 ,BS ,0037 ,Food Science & Human Nutrition ,0038 ,Food Science ,46,16,30,0,31,7,2,1,0,4,1,42,4,10KL0038BS120051 ,KL ,698 ,BS ,0037 ,Food Science & Human Nutrition ,0039 ,Food Industry and Business ,37,13,24,0,30,2,5,0,0,0,0,37,0,10KL0039BS120051 ,KL ,698 ,BS ,0037 ,Food Science & Human Nutrition ,0040 ,Human Nutrition ,78,16,62,0,63,11,2,1,0,0,1,75,3,10KL0040BS120051 ,KL ,698 ,BS ,0037 ,Food Science & Human Nutrition ,0041 ,Dietetics ,92,1,91,0,80,7,1,3,0,0,1,86,6,10KL0041BS120051 ,KL ,698 ,BS ,0037 ,Food Science & Human Nutrition ,0042 ,Hospitality Management ,92,34,58,0,75,9,1,2,0,4,1,86,6,10KL0042BS120051 ,KL ,698 ,MS ,0037 ,Food Science & Human Nutrition ,  ,  ,26,6,20,0,12,5,1,1,0,7,0,15,11,10KS0037MS120051 ,KL ,698 ,PHD ,0037 ,Food Science & Human Nutrition ,  ,  ,26,6,20,0,9,0,0,1,0,16,0,8,18,10KS0037PHD120051 ,KL ,741 ,BS ,0025 ,Technical Systems Management ,  ,  ,28,25,3,0,24,1,0,1,0,2,0,27,1,10KL0025BS120051 ,KL ,741 ,BS ,0025 ,Technical Systems Management ,0026 ,Production Systems ,6,6,0,0,6,0,0,0,0,0,0,6,0,10KL0026BS120051 ,KL ,741 ,BS ,0025 ,Technical Systems Management ,0027 ,Environmental Systems ,1,1,0,0,1,0,0,0,0,0,0,1,0,10KL0027BS120051 ,KL ,741 ,BS ,0025 ,Technical Systems Management ,0028 ,"Mech, Mrktg & Tech Mgt Sys ",59,53,6,0,51,1,2,4,0,0,1,59,0,10KL0028BS120051 ,KL ,741 ,BSAG ,0029 ,Agr Engineering & Agr Science ,  ,  ,40,34,6,0,33,3,1,1,0,1,1,38,2,10KL0029BSAG120051 ,KL ,793 ,BS ,0043 ,Agr & Environmental Cmc & Educ ,0044 ,Agricultural Communications ,54,12,42,0,46,1,5,1,0,0,1,53,1,10KL0044BS120051 ,KL ,793 ,BS ,0043 ,Agr & Environmental Cmc & Educ ,0045 ,Environ Educ & Communications ,8,3,5,0,8,0,0,0,0,0,0,8,0,10KL0045BS120051 ,KL ,793 ,BS ,0043 ,Agr & Environmental Cmc & Educ ,0046 ,Agricultural Leadership ,9,4,5,0,8,0,1,0,0,0,0,9,0,10KL0046BS120051 ,KL ,793 ,BS ,0043 ,Agr & Environmental Cmc & Educ ,0047 ,Agricultural Education ,36,15,21,0,34,0,1,0,0,0,1,36,0,10KL0047BS120051 ,KL ,793 ,BS ,0048 ,Human Development & Family St ,0049 ,Child and Adolescent Dev ,135,4,131,0,108,9,7,7,1,0,3,132,3,10KL0049BS120051 ,KL ,793 ,BS ,0048 ,Human Development & Family St ,0050 ,Family Studies ,56,4,52,0,46,3,2,5,0,0,0,55,1,10KL0050BS120051 ,KL ,793 ,MS ,0181 ,Agricultural Education ,  ,  ,7,0,7,0,7,0,0,0,0,0,0,7,0,10KS0181MS120051 ,KL ,793 ,MS ,0181 ,Agricultural Education ,  ,  ,1,0,1,0,1,0,0,0,0,0,0,1,0,10KS0181MSU120051 ,KL ,793 ,MS ,0183 ,Human & Community Development ,  ,  ,5,0,5,0,4,0,0,0,0,1,0,2,3,10KS0183MS120051 ,KL ,793 ,NONE ,0048 ,Human Development & Family St ,  ,  ,1,0,1,0,1,0,0,0,0,0,0,1,0,10KL0048NONE120051 ,KL ,793 ,PHD ,0183 ,Human & Community Development ,  ,  ,20,4,16,0,6,3,3,1,0,7,0,4,16,10KS0183PHD120051 ,KL ,802 ,BS ,0030 ,Crop Sciences ,0031 ,Agroecology ,2,2,0,0,2,0,0,0,0,0,0,2,0,10KL0031BS120051 ,KL ,802 ,BS ,0030 ,Crop Sciences ,0033 ,Crops ,15,13,2,0,15,0,0,0,0,0,0,15,0,10KL0033BS120051 ,KL ,802 ,BS ,0030 ,Crop Sciences ,0034 ,Crop Agribusiness ,30,29,1,0,29,1,0,0,0,0,0,30,0,10KL0034BS120051 ,KL ,802 ,BS ,0030 ,Crop Sciences ,0035 ,Plant Biotech & Molecular Bio ,29,15,13,1,26,1,2,0,0,0,0,26,3,10KL0035BS120051 ,KL ,802 ,BS ,0030 ,Crop Sciences ,0036 ,Biological Sciences ,2,1,1,0,1,0,1,0,0,0,0,1,1,10KL0036BS120051 ,KL ,802 ,MS ,0030 ,Crop Sciences ,  ,  ,32,19,13,0,24,1,0,0,0,7,0,18,14,10KS0030MS120051 ,KL ,802 ,MS ,0030 ,Crop Sciences ,  ,  ,2,2,0,0,0,0,0,0,0,0,2,2,0,10KS0030MSX120051 ,KL ,802 ,PHD ,0030 ,Crop Sciences ,  ,  ,30,17,13,0,15,0,0,0,0,14,1,8,22,10KS0030PHD120051 ,KL ,875 ,BS ,0023 ,Forestry ,0060 ,Forest Science ,2,1,1,0,2,0,0,0,0,0,0,2,0,10KL0060BS120051 ,KL ,875 ,BS ,0023 ,Forestry ,0062 ,Urban Forestry ,1,1,0,0,1,0,0,0,0,0,0,1,0,10KL0062BS120051 ,KL ,875 ,BS ,0051 ,Natural Resrcs & Environ Sci ,0052 ,Biological Sciences ,19,10,9,0,16,1,0,1,0,0,1,19,0,10KL0052BS120051 ,KL ,875 ,BS ,0051 ,Natural Resrcs & Environ Sci ,0053 ,Social Science ,14,4,10,0,12,0,1,0,0,0,1,11,3,10KL0053BS120051 ,KL ,875 ,BS ,0051 ,Natural Resrcs & Environ Sci ,0056 ,Environmental Soil & Water Sci ,5,1,4,0,5,0,0,0,0,0,0,4,1,10KL0056BS120051 ,KL ,875 ,BS ,0051 ,Natural Resrcs & Environ Sci ,0057 ,Fish and Wildlife Conservation ,59,38,21,0,54,2,0,1,0,0,2,58,1,10KL0057BS120051 ,KL ,875 ,BS ,0051 ,Natural Resrcs & Environ Sci ,3870 ,Forest Science ,17,16,1,0,16,0,0,1,0,0,0,17,0,10KL3870BS120051 ,KL ,875 ,BS ,0051 ,Natural Resrcs & Environ Sci ,3871 ,Human Dimensions ,36,14,22,0,32,2,0,1,0,0,1,35,1,10KL3871BS120051 ,KL ,875 ,BS ,0051 ,Natural Resrcs & Environ Sci ,3872 ,Resource Ecology ,31,18,13,0,25,4,0,0,0,0,2,29,2,10KL3872BS120051 ,KL ,875 ,BS ,0051 ,Natural Resrcs & Environ Sci ,3873 ,Soil and Water Science ,8,4,4,0,8,0,0,0,0,0,0,8,0,10KL3873BS120051 ,KL ,875 ,BS ,0063 ,Horticulture ,0064 ,Horticulture Science ,4,3,1,0,3,1,0,0,0,0,0,4,0,10KL0064BS120051 ,KL ,875 ,BS ,0063 ,Horticulture ,0065 ,Production and Management ,53,34,19,0,48,0,1,3,0,0,1,53,0,10KL0065BS120051 ,KL ,875 ,BS ,0063 ,Horticulture ,0066 ,Urban Forestry ,5,4,1,0,4,0,0,1,0,0,0,5,0,10KL0066BS120051 ,KL ,875 ,MS ,0190 ,Natural Res & Env Sciences ,  ,  ,72,36,36,0,56,2,0,1,0,13,0,36,36,10KS0190MS120051 ,KL ,875 ,MS ,0190 ,Natural Res & Env Sciences ,  ,  ,2,2,0,0,1,1,0,0,0,0,0,2,0,10KS0190MSX120051 ,KL ,875 ,NDEG ,0190 ,Natural Res & Env Sciences ,  ,  ,6,2,4,0,5,1,0,0,0,0,0,4,2,10KS0190NDEG120051 ,KL ,875 ,PHD ,0190 ,Natural Res & Env Sciences ,  ,  ,37,22,15,0,15,1,0,0,0,21,0,9,28,10KS0190PHD120051 ,KL ,971 ,MS ,0191 ,Nutritional Sciences ,  ,  ,21,2,19,0,12,2,0,2,0,5,0,11,10,10KS0191MS120051 ,KL ,971 ,NDEG ,0191 ,Nutritional Sciences ,  ,  ,1,0,1,0,0,0,1,0,0,0,0,1,0,10KS0191NDEG120051 ,KL ,971 ,PHD ,0191 ,Nutritional Sciences ,  ,  ,31,7,24,0,16,1,2,3,0,9,0,12,19,10KS0191PHD120051 ,KL ,  ,  ,  ,"Agr, Cons, Env Sci ",  ,***College total*** ,2630,1086,1541,3,2083,140,80,82,1,209,35,2259,371,  ,,,,,,,,,,,,,,,,,,,,, ,,,,,,,,,,,,,,,,,,,,,120051 ,KM ,  ,  ,  ,Business ,  ,  ,  ,  ,  ,  ,  ,  ,  ,  ,  ,  ,  ,  ,  , 120051 ,KM ,230 ,MBA ,9875 ,Business Administration (MBA) ,  ,  ,245,179,66,0,73,16,7,2,0,137,10,89,156,10KS9875MBA120051 ,KM ,260 ,BS ,0075 ,Finance ,  ,  ,113,70,43,0,68,18,5,8,0,10,4,95,18,10KM0075BS120051 ,KM ,260 ,BS ,0075 ,Finance ,0076 ,"Bus Finance, Inv & Fin Inst ",640,438,202,0,428,115,19,34,2,33,9,573,67,10KM0076BS120051 ,KM ,260 ,MS ,0075 ,Finance ,  ,  ,3,1,2,0,1,0,0,0,0,2,0,1,2,10KS0075MS120051 ,KM ,260 ,MS ,0075 ,Finance ,3927 ,International Program ,77,40,37,0,8,4,0,1,0,57,7,5,72,10KS3927MS120051 ,KM ,260 ,NDEG ,0075 ,Finance ,  ,  ,1,0,1,0,1,0,0,0,0,0,0,1,0,10KS0075NDEG120051 ,KM ,260 ,PHD ,0075 ,Finance ,  ,  ,18,15,3,0,8,0,0,0,0,10,0,3,15,10KS0075PHD120051 ,KM ,346 ,BS ,0071 ,Accountancy ,  ,  ,765,425,339,1,477,132,26,28,2,88,12,621,144,10KM0071BS120051 ,KM ,346 ,BS ,0071 ,Accountancy ,0072 ,Accountancy (BS/Master Prg) ,102,53,49,0,66,20,1,6,0,7,2,90,12,10KM0072BS120051 ,KM ,346 ,CERT ,0071 ,Accountancy ,  ,  ,1,0,1,0,1,0,0,0,0,0,0,1,0,10KM0071CERT120051 ,KM ,346 ,MAS ,0071 ,Accountancy ,  ,  ,104,58,46,0,68,22,0,1,1,12,0,82,22,10KS0071MAS120051 ,KM ,346 ,MS ,0071 ,Accountancy ,0193 ,Tax ,58,26,32,0,35,19,3,0,0,0,1,54,4,10KS0193MS120051 ,KM ,346 ,MS ,0071 ,Accountancy ,3928 ,International Program ,72,42,30,0,14,11,1,0,0,43,3,15,57,10KS3928MS120051 ,KM ,346 ,NDEG ,0071 ,Accountancy ,0073 ,Accountancy Postb ,42,19,23,0,29,5,5,2,0,1,0,40,2,10KM0073NDEG120051 ,KM ,346 ,PHD ,0071 ,Accountancy ,  ,  ,18,10,8,0,8,4,1,0,0,5,0,3,15,10KS0071PHD120051 ,KM ,902 ,BS ,0079 ,Business Administration ,  ,  ,1,0,1,0,1,0,0,0,0,0,0,1,0,10KM0079BS120051 ,KM ,902 ,BS ,0079 ,Business Administration ,0080 ,Marketing ,377,144,233,0,274,44,15,27,1,13,3,343,34,10KM0080BS120051 ,KM ,902 ,BS ,0079 ,Business Administration ,0081 ,Organizational Administration ,93,33,60,0,68,13,3,7,0,1,1,86,7,10KM0081BS120051 ,KM ,902 ,BS ,0079 ,Business Administration ,0082 ,Production ,5,4,1,0,4,0,0,0,0,1,0,3,2,10KM0082BS120051 ,KM ,902 ,BS ,0079 ,Business Administration ,0083 ,Management Science ,34,20,14,0,23,7,0,3,0,1,0,29,5,10KM0083BS120051 ,KM ,902 ,BS ,0079 ,Business Administration ,0084 ,Industrial Distribution Mgt ,29,20,9,0,14,10,0,0,0,5,0,21,8,10KM0084BS120051 ,KM ,902 ,BS ,0079 ,Business Administration ,0085 ,Management Info Systems ,96,63,33,0,62,15,7,5,0,7,0,76,20,10KM0085BS120051 ,KM ,902 ,BS ,0079 ,Business Administration ,0086 ,Entrepreneurship ,77,52,25,0,50,6,11,3,0,4,3,71,6,10KM0086BS120051 ,KM ,902 ,BS ,0079 ,Business Administration ,0087 ,Food and Agribusiness Mgt ,1,0,1,0,1,0,0,0,0,0,0,0,1,10KM0087BS120051 ,KM ,902 ,MS ,0079 ,Business Administration ,3926 ,International Managers Program ,43,33,10,0,0,0,0,0,0,41,2,0,43,10KS3926MS120051 ,KM ,902 ,PHD ,0079 ,Business Administration ,  ,  ,49,27,22,0,10,2,0,1,0,36,0,4,45,10KS0079PHD120051 ,KM ,938 ,MBA ,9875 ,Business Administration (MBA) ,3924 ,Executive Program ,30,23,7,0,22,4,1,1,0,0,2,29,1,10KS3924MBA2120051 ,KM ,952 ,BS ,0074 ,Economics ,  ,  ,28,18,10,0,18,7,0,0,0,3,0,23,5,10KM0074BS120051 ,KM ,952 ,NDEG ,0067 ,Nondegree ,  ,  ,21,11,10,0,2,0,1,0,0,18,0,3,18,10KM0067NDEG120051 ,KM ,952 ,NONE ,0070 ,Curric Unassigned ,  ,  ,315,201,114,0,219,33,15,26,1,18,3,276,39,10KM0070NONE120051 ,KM ,  ,  ,  ,Business ,  ,***College total*** ,3458,2025,1432,1,2053,507,121,155,7,553,62,2638,820,  ,,,,,,,,,,,,,,,,,,,,, ,,,,,,,,,,,,,,,,,,,,,120051 ,KN ,  ,  ,  ,Education ,  ,  ,  ,  ,  ,  ,  ,  ,  ,  ,  ,  ,  ,  ,  , 120051 ,KN ,335 ,BS ,0092 ,Education General ,  ,  ,2,1,1,0,2,0,0,0,0,0,0,2,0,10KN0092BS120051 ,KN ,335 ,NDEG ,0067 ,Nondegree ,  ,  ,1,0,1,0,0,0,0,0,0,0,1,1,0,10KN0067NDEG120051 ,KN ,335 ,NONE ,0092 ,Education General ,  ,  ,291,28,263,0,249,14,11,16,1,0,0,288,3,10KN0092NONE120051 ,KN ,570 ,BS ,0093 ,Special Education ,  ,  ,69,6,63,0,62,1,5,0,0,0,1,68,1,10KN0093BS120051 ,KN ,570 ,CAS ,0093 ,Special Education ,  ,  ,1,0,1,0,1,0,0,0,0,0,0,1,0,10KS0093CAS120051 ,KN ,570 ,EDM ,0093 ,Special Education ,  ,  ,46,5,41,0,34,4,2,2,0,3,1,41,5,10KS0093EDM120051 ,KN ,570 ,MS ,0093 ,Special Education ,  ,  ,1,0,1,0,1,0,0,0,0,0,0,1,0,10KS0093MS120051 ,KN ,570 ,PHD ,0093 ,Special Education ,  ,  ,33,7,26,0,15,1,1,0,0,16,0,14,19,10KS0093PHD120051 ,KN ,613 ,BS ,0094 ,Early Childhood Education ,3958 ,ECh: Art ,2,0,2,0,1,1,0,0,0,0,0,2,0,10KN3958BS120051 ,KN ,613 ,BS ,0094 ,Early Childhood Education ,3963 ,ECh: Earth Science ,1,0,1,0,0,1,0,0,0,0,0,1,0,10KN3963BS120051 ,KN ,613 ,BS ,0094 ,Early Childhood Education ,3966 ,ECh: Geography ,1,0,1,0,0,0,0,1,0,0,0,1,0,10KN3966BS120051 ,KN ,613 ,BS ,0094 ,Early Childhood Education ,3967 ,ECh: History ,1,0,1,0,0,1,0,0,0,0,0,1,0,10KN3967BS120051 ,KN ,613 ,BS ,0094 ,Early Childhood Education ,3968 ,ECh: Language arts ,10,0,10,0,7,2,1,0,0,0,0,10,0,10KN3968BS120051 ,KN ,613 ,BS ,0094 ,Early Childhood Education ,3969 ,ECh: Linguistics ,1,0,1,0,0,1,0,0,0,0,0,1,0,10KN3969BS120051 ,KN ,613 ,BS ,0094 ,Early Childhood Education ,3970 ,ECh: Mathematics ,12,1,11,0,12,0,0,0,0,0,0,11,1,10KN3970BS120051 ,KN ,613 ,BS ,0094 ,Early Childhood Education ,3971 ,ECh: Music ,2,0,2,0,2,0,0,0,0,0,0,2,0,10KN3971BS120051 ,KN ,613 ,BS ,0094 ,Early Childhood Education ,3975 ,ECh: Psychology ,22,2,20,0,18,1,1,1,0,1,0,20,2,10KN3975BS120051 ,KN ,613 ,BS ,0094 ,Early Childhood Education ,3976 ,ECh: Sociology ,2,0,2,0,2,0,0,0,0,0,0,2,0,10KN3976BS120051 ,KN ,613 ,BS ,0094 ,Early Childhood Education ,3977 ,ECh: Theatre ,1,0,1,0,1,0,0,0,0,0,0,1,0,10KN3977BS120051 ,KN ,613 ,BS ,0094 ,Early Childhood Education ,4010 ,ECh: Italian ,1,0,1,0,1,0,0,0,0,0,0,1,0,10KN4010BS120051 ,KN ,613 ,BS ,0094 ,Early Childhood Education ,4014 ,ECh: Spanish ,8,0,8,0,3,2,0,2,1,0,0,8,0,10KN4014BS120051 ,KN ,613 ,BS ,0095 ,Elementary Education ,  ,  ,1,0,1,0,1,0,0,0,0,0,0,1,0,10KN0095BS120051 ,KN ,613 ,BS ,0095 ,Elementary Education ,3937 ,EIEd: Art ,1,0,1,0,1,0,0,0,0,0,0,1,0,10KN3937BS120051 ,KN ,613 ,BS ,0095 ,Elementary Education ,3939 ,EIEd: Biology ,3,1,2,0,3,0,0,0,0,0,0,3,0,10KN3939BS120051 ,KN ,613 ,BS ,0095 ,Elementary Education ,3941 ,EIEd: Dance ,1,0,1,0,0,1,0,0,0,0,0,1,0,10KN3941BS120051 ,KN ,613 ,BS ,0095 ,Elementary Education ,3942 ,EIEd: Earth Science ,2,0,2,0,2,0,0,0,0,0,0,2,0,10KN3942BS120051 ,KN ,613 ,BS ,0095 ,Elementary Education ,3945 ,EIEd: Geography ,5,3,2,0,4,1,0,0,0,0,0,5,0,10KN3945BS120051 ,KN ,613 ,BS ,0095 ,Elementary Education ,3946 ,EIEd: History ,19,3,16,0,17,1,0,1,0,0,0,18,1,10KN3946BS120051 ,KN ,613 ,BS ,0095 ,Elementary Education ,3947 ,EIEd: Language Arts ,64,3,61,0,56,2,6,0,0,0,0,63,1,10KN3947BS120051 ,KN ,613 ,BS ,0095 ,Elementary Education ,3949 ,EIEd: Mathematics ,70,5,65,0,48,14,3,3,0,1,1,66,4,10KN3949BS120051 ,KN ,613 ,BS ,0095 ,Elementary Education ,3950 ,EIEd: Music ,2,0,2,0,2,0,0,0,0,0,0,2,0,10KN3950BS120051 ,KN ,613 ,BS ,0095 ,Elementary Education ,3953 ,EIEd: Political Science ,1,1,0,0,0,0,0,0,0,0,1,1,0,10KN3953BS120051 ,KN ,613 ,BS ,0095 ,Elementary Education ,3954 ,ElEd: Psychology ,39,2,37,0,33,2,2,0,0,0,2,38,1,10KN3954BS120051 ,KN ,613 ,BS ,0095 ,Elementary Education ,3955 ,ElEd: Sociology ,14,1,13,0,12,2,0,0,0,0,0,14,0,10KN3955BS120051 ,KN ,613 ,BS ,0095 ,Elementary Education ,3995 ,EIEd: Chinese ,1,0,1,0,0,1,0,0,0,0,0,1,0,10KN3995BS120051 ,KN ,613 ,BS ,0095 ,Elementary Education ,3996 ,EIEd: French ,3,0,3,0,3,0,0,0,0,0,0,3,0,10KN3996BS120051 ,KN ,613 ,BS ,0095 ,Elementary Education ,4004 ,EIEd: Spanish ,44,1,43,0,35,4,0,5,0,0,0,44,0,10KN4004BS120051 ,KN ,613 ,CAS ,0095 ,Elementary Education ,  ,  ,1,0,1,0,1,0,0,0,0,0,0,1,0,10KS0095CAS120051 ,KN ,613 ,EDD ,0095 ,Elementary Education ,  ,  ,2,0,2,0,1,0,1,0,0,0,0,2,0,10KS0095EDD120051 ,KN ,613 ,EDD ,0215 ,Secondary & Continuing Educ ,  ,  ,2,0,2,0,1,0,1,0,0,0,0,1,1,10KS0215EDD120051 ,KN ,613 ,EDM ,0094 ,Early Childhood Education ,0212 ,Teacher Certification ,2,0,2,0,2,0,0,0,0,0,0,2,0,10KS0212EDM120051 ,KN ,613 ,EDM ,0095 ,Elementary Education ,  ,  ,29,0,29,0,23,1,1,2,0,2,0,27,2,10KS0095EDM120051 ,KN ,613 ,EDM ,0095 ,Elementary Education ,0211 ,Elementary Ed - Cert ,23,4,19,0,14,3,4,2,0,0,0,23,0,10KS0211EDM120051 ,KN ,613 ,EDM ,0208 ,Education ,8542 ,Elementary & Early Childhd Ed ,3,1,2,0,2,1,0,0,0,0,0,3,0,10KS8542EDM120051 ,KN ,613 ,EDM ,0215 ,Secondary & Continuing Educ ,  ,  ,15,3,12,0,10,1,2,0,0,2,0,12,3,10KS0215EDM120051 ,KN ,613 ,EDM ,0215 ,Secondary & Continuing Educ ,0216 ,English Certification ,8,3,5,0,7,1,0,0,0,0,0,8,0,10KS0216EDM120051 ,KN ,613 ,EDM ,0215 ,Secondary & Continuing Educ ,0217 ,Social Studies Certification ,5,3,2,0,3,1,0,0,0,0,1,5,0,10KS0217EDM120051 ,KN ,613 ,EDM ,0215 ,Secondary & Continuing Educ ,0218 ,Sciences Certification ,13,3,10,0,11,0,1,1,0,0,0,11,2,10KS0218EDM120051 ,KN ,613 ,EDM ,0215 ,Secondary & Continuing Educ ,0219 ,Mathematics Certification ,6,5,1,0,5,0,0,1,0,0,0,5,1,10KS0219EDM120051 ,KN ,613 ,MA ,0095 ,Elementary Education ,  ,  ,4,0,4,0,0,1,0,0,0,3,0,1,3,10KS0095MA120051 ,KN ,613 ,MA ,0215 ,Secondary & Continuing Educ ,  ,  ,1,1,0,0,1,0,0,0,0,0,0,0,1,10KS0215MA120051 ,KN ,613 ,MS ,0095 ,Elementary Education ,  ,  ,6,2,4,0,4,0,0,0,0,2,0,4,2,10KS0095MS120051 ,KN ,613 ,MS ,0208 ,Education ,8547 ,Secondary Education ,1,1,0,0,1,0,0,0,0,0,0,1,0,10KS8547MS120051 ,KN ,613 ,MS ,0215 ,Secondary & Continuing Educ ,  ,  ,3,1,2,0,2,0,0,0,0,1,0,2,1,10KS0215MS120051 ,KN ,613 ,NDEG ,0215 ,Secondary & Continuing Educ ,0217 ,Social Studies Certification ,1,1,0,0,0,0,1,0,0,0,0,1,0,10KS0217NDEG120051 ,KN ,613 ,PHD ,0095 ,Elementary Education ,  ,  ,44,8,36,0,10,1,3,1,0,28,1,12,32,10KS0095PHD120051 ,KN ,613 ,PHD ,0208 ,Education ,8542 ,Elementary & Early Childhd Ed ,1,1,0,0,1,0,0,0,0,0,0,1,0,10KS8542PHD120051 ,KN ,613 ,PHD ,0215 ,Secondary & Continuing Educ ,  ,  ,63,22,41,0,19,1,5,1,0,35,2,17,46,10KS0215PHD120051 ,KN ,616 ,EDM ,0210 ,Educational Psychology ,  ,  ,1,1,0,0,1,0,0,0,0,0,0,0,1,10KS0210EDM120051 ,KN ,616 ,EDM ,0210 ,Educational Psychology ,  ,  ,1,1,0,0,1,0,0,0,0,0,0,0,1,10KS0210EDMU120051 ,KN ,616 ,MA ,0210 ,Educational Psychology ,  ,  ,1,0,1,0,1,0,0,0,0,0,0,1,0,10KS0210MA120051 ,KN ,616 ,PHD ,0208 ,Education ,1197 ,Educational Psychology ,95,28,67,0,39,2,3,3,1,47,0,23,72,10KS1197PHD120051 ,KN ,616 ,PHD ,0210 ,Educational Psychology ,  ,  ,28,8,20,0,7,1,6,2,0,12,0,8,20,10KS0210PHD120051 ,KN ,640 ,EDD ,0208 ,Education ,8544 ,Policy Studies ,1,1,0,0,1,0,0,0,0,0,0,1,0,10KS8544EDD120051 ,KN ,640 ,EDD ,0220 ,Educational Policy Studies ,  ,  ,5,1,4,0,1,0,2,1,0,1,0,2,3,10KS0220EDD120051 ,KN ,640 ,EDM ,0220 ,Educational Policy Studies ,  ,  ,6,2,4,0,1,1,1,2,1,0,0,4,2,10KS0220EDM120051 ,KN ,640 ,MA ,0220 ,Educational Policy Studies ,  ,  ,38,18,20,0,10,4,10,10,1,3,0,23,15,10KS0220MA120051 ,KN ,640 ,NDEG ,0220 ,Educational Policy Studies ,  ,  ,1,1,0,0,0,0,1,0,0,0,0,1,0,10KS0220NDEG120051 ,KN ,640 ,PHD ,0208 ,Education ,8544 ,Policy Studies ,7,2,5,0,1,0,3,2,0,1,0,5,2,10KS8544PHD120051 ,KN ,640 ,PHD ,0220 ,Educational Policy Studies ,  ,  ,75,20,55,0,18,4,21,16,2,12,2,38,37,10KS0220PHD120051 ,KN ,674 ,CAS ,0208 ,Education ,8541 ,Educ Organization & Ldrshp ,1,0,1,0,0,0,0,0,0,0,1,1,0,10KS8541CAS120051 ,KN ,674 ,CAS ,0209 ,Ed Organization and Leadership ,  ,  ,12,4,8,0,12,0,0,0,0,0,0,12,0,10KS0209CAS120051 ,KN ,674 ,EDD ,0208 ,Education ,8541 ,Educ Organization & Ldrshp ,6,3,3,0,5,0,0,0,0,0,1,6,0,10KS8541EDD120051 ,KN ,674 ,EDD ,0209 ,Ed Organization and Leadership ,  ,  ,48,17,31,0,36,0,8,2,0,0,2,47,1,10KS0209EDD120051 ,KN ,674 ,EDM ,0208 ,Education ,8541 ,Educ Organization & Ldrshp ,4,4,0,0,4,0,0,0,0,0,0,4,0,10KS8541EDM120051 ,KN ,674 ,EDM ,0209 ,Ed Organization and Leadership ,  ,  ,33,11,22,0,24,1,7,1,0,0,0,31,2,10KS0209EDM120051 ,KN ,674 ,MA ,0208 ,Education ,8541 ,Educ Organization & Ldrshp ,1,0,1,0,1,0,0,0,0,0,0,1,0,10KS8541MA120051 ,KN ,674 ,MA ,0209 ,Ed Organization and Leadership ,  ,  ,7,2,5,0,5,0,2,0,0,0,0,7,0,10KS0209MA120051 ,KN ,674 ,MS ,0209 ,Ed Organization and Leadership ,  ,  ,1,1,0,0,1,0,0,0,0,0,0,1,0,10KS0209MS120051 ,KN ,674 ,NDEG ,0209 ,Ed Organization and Leadership ,  ,  ,1,0,1,0,1,0,0,0,0,0,0,1,0,10KS0209NDEG120051 ,KN ,674 ,PHD ,0208 ,Education ,8541 ,Educ Organization & Ldrshp ,1,0,1,0,0,0,1,0,0,0,0,1,0,10KS8541PHD120051 ,KN ,674 ,PHD ,0209 ,Ed Organization and Leadership ,  ,  ,18,9,9,0,9,0,5,2,0,2,0,13,5,10KS0209PHD120051 ,KN ,760 ,EDD ,0208 ,Education ,8548 ,Vocational & Tech Educ ,1,0,1,0,1,0,0,0,0,0,0,1,0,10KS8548EDD120051 ,KN ,760 ,EDD ,0222 ,Educ Voc Tech ,  ,  ,10,5,5,0,4,0,1,0,0,3,2,7,3,10KS0222EDD120051 ,KN ,760 ,EDM ,0222 ,Educ Voc Tech ,  ,  ,26,3,23,0,14,0,4,0,0,8,0,19,7,10KS0222EDM120051 ,KN ,760 ,MA ,0222 ,Educ Voc Tech ,  ,  ,2,0,2,0,1,0,0,0,0,1,0,1,1,10KS0222MA120051 ,KN ,760 ,MS ,0222 ,Educ Voc Tech ,  ,  ,8,2,6,0,3,1,1,0,0,2,1,6,2,10KS0222MS120051 ,KN ,760 ,PHD ,0208 ,Education ,8548 ,Vocational & Tech Educ ,1,1,0,0,0,0,1,0,0,0,0,1,0,10KS8548PHD120051 ,KN ,760 ,PHD ,0222 ,Educ Voc Tech ,  ,  ,40,17,23,0,13,0,4,1,0,22,0,18,22,10KS0222PHD120051 ,KN ,  ,  ,  ,Education ,  ,***College total*** ,1491,291,1200,0,961,82,132,81,7,208,20,1163,328,  ,,,,,,,,,,,,,,,,,,,,, ,,,,,,,,,,,,,,,,,,,,,120051 ,KP ,  ,  ,  ,Engineering ,  ,  ,  ,  ,  ,  ,  ,  ,  ,  ,  ,  ,  ,  ,  , 120051 ,KP ,210 ,BS ,0118 ,Engineering Mechanics ,  ,  ,66,53,13,0,59,4,0,1,0,0,2,63,3,10KP0118BS120051 ,KP ,210 ,MS ,0242 ,Theoretical & Applied Mechans ,  ,  ,5,3,2,0,4,0,0,0,0,1,0,2,3,10KS0242MS120051 ,KP ,210 ,PHD ,0242 ,Theoretical & Applied Mechans ,  ,  ,63,57,6,0,17,2,0,1,0,43,0,8,55,10KS0242PHD120051 ,KP ,227 ,BS ,0102 ,Agricultural Engineering ,  ,  ,53,48,5,0,47,1,2,3,0,0,0,52,1,10KP0102BS120051 ,KP ,227 ,MS ,0102 ,Agricultural Engineering ,  ,  ,16,11,5,0,12,0,0,1,0,2,1,11,5,10KS0102MS120051 ,KP ,227 ,NDEG ,0067 ,Nondegree ,  ,  ,57,46,11,0,7,3,0,0,0,47,0,7,50,10KP0067NDEG120051 ,KP ,227 ,PHD ,0102 ,Agricultural Engineering ,  ,  ,21,16,5,0,0,3,1,1,0,16,0,2,19,10KS0102PHD120051 ,KP ,244 ,BS ,0121 ,Engineering Physics ,  ,  ,89,74,15,0,77,10,0,1,0,1,0,75,14,10KP0121BS120051 ,KP ,244 ,MS ,0240 ,Physics ,  ,  ,2,2,0,0,2,0,0,0,0,0,0,2,0,10KS0240MS120051 ,KP ,244 ,MS ,0241 ,Teaching of Physics ,  ,  ,1,0,1,0,1,0,0,0,0,0,0,1,0,10KS0241MS120051 ,KP ,244 ,NDEG ,0240 ,Physics ,  ,  ,4,3,1,0,1,0,0,0,0,3,0,1,3,10KS0240NDEG120051 ,KP ,244 ,PHD ,0240 ,Physics ,  ,  ,278,241,37,0,139,12,3,5,0,114,5,29,249,10KS0240PHD120051 ,KP ,251 ,BS ,0106 ,Civil Engineering ,  ,  ,414,321,93,0,323,39,5,25,2,12,8,368,46,10KP0106BS120051 ,KP ,251 ,MS ,0106 ,Civil Engineering ,  ,  ,134,104,30,0,79,5,1,7,1,41,0,58,76,10KS0106MS120051 ,KP ,251 ,MS ,0231 ,Environ Engr in Civil Engr ,  ,  ,35,17,18,0,10,2,3,1,0,19,0,7,28,10KS0231MS120051 ,KP ,251 ,MS ,0232 ,Environ Science in Civil Engr ,  ,  ,6,1,5,0,1,2,0,1,0,2,0,2,4,10KS0232MS120051 ,KP ,251 ,NDEG ,0106 ,Civil Engineering ,  ,  ,1,0,1,0,0,0,0,0,0,1,0,1,0,10KS0106NDEG120051 ,KP ,251 ,PHD ,0106 ,Civil Engineering ,  ,  ,153,131,22,0,16,7,1,3,0,126,0,9,144,10KS0106PHD120051 ,KP ,251 ,PHD ,0231 ,Environ Engr in Civil Engr ,  ,  ,35,23,12,0,8,2,0,0,0,25,0,1,34,10KS0231PHD120051 ,KP ,251 ,PHD ,0232 ,Environ Science in Civil Engr ,  ,  ,8,7,1,0,0,0,0,0,0,8,0,0,8,10KS0232PHD120051 ,KP ,343 ,BS ,0408 ,Bioengineering ,  ,  ,22,18,4,0,12,9,0,0,0,0,1,21,1,10KP0408BS120051 ,KP ,343 ,MS ,0408 ,Bioengineering ,  ,  ,1,0,1,0,1,0,0,0,0,0,0,0,1,10KS0408MS120051 ,KP ,343 ,PHD ,0408 ,Bioengineering ,  ,  ,1,0,1,0,1,0,0,0,0,0,0,1,0,10KS0408PHD120051 ,KP ,422 ,BS ,0124 ,General Engineering ,  ,  ,555,443,112,0,433,76,8,25,0,6,7,495,60,10KP0124BS120051 ,KP ,422 ,MS ,0124 ,General Engineering ,  ,  ,22,17,5,0,10,1,0,1,0,10,0,11,11,10KS0124MS120051 ,KP ,422 ,MS ,3846 ,Systems & Entrepreneurial Engr ,  ,  ,4,2,2,0,0,1,0,0,0,3,0,1,3,10KS3846MS120051 ,KP ,422 ,NDEG ,0124 ,General Engineering ,  ,  ,1,1,0,0,0,0,0,0,0,1,0,0,1,10KS0124NDEG120051 ,KP ,422 ,PHD ,3846 ,Systems & Entrepreneurial Engr ,  ,  ,21,19,2,0,6,0,1,0,0,14,0,6,15,10KS3846PHD120051 ,KP ,434 ,BS ,0112 ,Computer Science ,  ,  ,662,590,71,1,428,153,9,21,1,39,11,481,181,10KP0112BS120051 ,KP ,434 ,BS ,0112 ,Computer Science ,1854 ,CS:BS/MS Program ,3,3,0,0,1,1,0,0,0,1,0,2,1,10KP1854BS120051 ,KP ,434 ,MCS ,0112 ,Computer Science ,  ,  ,20,16,4,0,7,5,1,0,0,6,1,9,11,10KS0112MCS120051 ,KP ,434 ,MCS ,0112 ,Computer Science ,  ,  ,2,1,1,0,2,0,0,0,0,0,0,1,1,10KS0112MCSU120051 ,KP ,434 ,MS ,0112 ,Computer Science ,  ,  ,67,63,4,0,35,7,0,0,0,23,2,17,50,10KS0112MS120051 ,KP ,434 ,MS ,0112 ,Computer Science ,1854 ,CS:BS/MS Program ,20,20,0,0,12,5,0,0,0,3,0,14,6,10KS1854MS120051 ,KP ,434 ,NDEG ,0112 ,Computer Science ,  ,  ,1,1,0,0,0,0,0,0,0,1,0,0,1,10KS0112NDEG120051 ,KP ,434 ,PHD ,0112 ,Computer Science ,  ,  ,346,294,52,0,85,25,3,2,0,231,0,26,320,10KS0112PHD120051 ,KP ,615 ,BS ,0099 ,Aero & Astro Engineering ,  ,  ,4,4,0,0,3,1,0,0,0,0,0,4,0,10KP0099BS120051 ,KP ,615 ,BS ,4048 ,Aerospace Engineering ,  ,  ,326,267,59,0,250,38,6,11,0,12,9,278,48,10KP4048BS120051 ,KP ,615 ,MS ,0099 ,Aero & Astro Engineering ,  ,  ,37,32,4,1,28,3,1,1,0,4,0,22,15,10KS0099MS120051 ,KP ,615 ,PHD ,0099 ,Aero & Astro Engineering ,  ,  ,22,17,5,0,12,0,0,0,0,10,0,4,18,10KS0099PHD120051 ,KP ,615 ,PHD ,4048 ,Aerospace Engineering ,  ,  ,4,3,1,0,1,0,0,0,0,3,0,1,3,10KS4048PHD120051 ,KP ,917 ,BS ,0127 ,Industrial Engineering ,  ,  ,65,39,26,0,47,8,0,2,0,7,1,55,10,10KP0127BS120051 ,KP ,917 ,BS ,0133 ,Mechanical Engineering ,  ,  ,724,644,80,0,537,105,10,28,3,31,10,618,106,10KP0133BS120051 ,KP ,917 ,BS ,0133 ,Mechanical Engineering ,4018 ,BS/MS Mechanical Engineering ,9,8,1,0,7,2,0,0,0,0,0,6,3,10KP4018BS120051 ,KP ,917 ,MS ,0127 ,Industrial Engineering ,  ,  ,7,6,1,0,3,1,0,0,0,2,1,2,5,10KS0127MS120051 ,KP ,917 ,MS ,0133 ,Mechanical Engineering ,  ,  ,103,91,12,0,66,8,1,4,1,23,0,37,66,10KS0133MS120051 ,KP ,917 ,MS ,0133 ,Mechanical Engineering ,  ,  ,1,1,0,0,1,0,0,0,0,0,0,1,0,10KS0133MSU120051 ,KP ,917 ,NDEG ,0133 ,Mechanical Engineering ,  ,  ,1,1,0,0,1,0,0,0,0,0,0,1,0,10KS0133NDEG120051 ,KP ,917 ,PHD ,0127 ,Industrial Engineering ,  ,  ,12,10,2,0,3,0,0,0,0,9,0,1,11,10KS0127PHD120051 ,KP ,917 ,PHD ,0133 ,Mechanical Engineering ,  ,  ,115,99,16,0,29,5,2,3,0,76,0,19,96,10KS0133PHD120051 ,KP ,919 ,BS ,0130 ,Materials Science & Engr ,  ,  ,210,158,52,0,142,40,6,7,0,10,5,164,46,10KP0130BS120051 ,KP ,919 ,MS ,0130 ,Materials Science & Engr ,  ,  ,10,5,5,0,5,3,0,1,0,1,0,5,5,10KS0130MS120051 ,KP ,919 ,NDEG ,0130 ,Materials Science & Engr ,  ,  ,2,2,0,0,0,0,0,0,0,2,0,0,2,10KS0130NDEG120051 ,KP ,919 ,PHD ,0130 ,Materials Science & Engr ,  ,  ,156,112,44,0,49,10,2,5,0,87,3,18,138,10KS0130PHD120051 ,KP ,933 ,BS ,0109 ,Computer Engineering ,  ,  ,574,531,43,0,318,143,16,22,0,59,16,396,178,10KP0109BS120051 ,KP ,933 ,BS ,0115 ,Electrical Engineering ,  ,  ,805,700,105,0,306,298,18,18,2,152,11,462,343,10KP0115BS120051 ,KP ,933 ,MS ,0115 ,Electrical Engineering ,  ,  ,219,195,24,0,111,40,3,5,0,57,3,90,129,10KS0115MS120051 ,KP ,933 ,NDEG ,0115 ,Electrical Engineering ,  ,  ,8,8,0,0,1,0,0,0,0,7,0,0,8,10KS0115NDEG120051 ,KP ,933 ,PHD ,0115 ,Electrical Engineering ,  ,  ,323,274,49,0,73,40,1,3,0,203,3,40,283,10KS0115PHD120051 ,KP ,973 ,BS ,0139 ,Nuclear Engineering ,  ,  ,94,80,14,0,72,13,0,6,0,1,2,81,13,10KP0139BS120051 ,KP ,973 ,MS ,0139 ,Nuclear Engineering ,  ,  ,12,10,2,0,7,3,1,0,0,1,0,8,4,10KS0139MS120051 ,KP ,973 ,PHD ,0139 ,Nuclear Engineering ,  ,  ,44,34,10,0,11,1,1,1,0,30,0,4,40,10KS0139PHD120051 ,KP ,  ,  ,  ,Engineering ,  ,***College total*** ,7076,5977,1097,2,3919,1137,106,216,10,1586,102,4101,2975,  ,,,,,,,,,,,,,,,,,,,,, ,,,,,,,,,,,,,,,,,,,,,120051 ,KR ,  ,  ,  ,Fine & Applied Arts ,  ,  ,  ,  ,  ,  ,  ,  ,  ,  ,  ,  ,  ,  ,  , 120051 ,KR ,447 ,NDEG ,0067 ,Nondegree ,  ,  ,29,14,15,0,9,3,0,0,0,16,1,13,16,10KR0067NDEG120051 ,KR ,495 ,AMUSD ,0265 ,Music ,  ,  ,130,53,77,0,54,11,3,5,0,56,1,30,100,10KS0265AMUS120051 ,KR ,495 ,BME ,0168 ,Music Education ,  ,  ,7,6,1,0,7,0,0,0,0,0,0,6,1,10KR0168BME120051 ,KR ,495 ,BME ,0168 ,Music Education ,3930 ,Choral Music ,46,9,37,0,40,3,0,2,0,0,1,44,2,10KR3930BME120051 ,KR ,495 ,BME ,0168 ,Music Education ,3931 ,Instrumental Music ,104,47,57,0,94,4,1,2,0,1,2,92,12,10KR3931BME120051 ,KR ,495 ,BME ,0168 ,Music Education ,3932 ,Elementary General Music ,6,1,5,0,6,0,0,0,0,0,0,6,0,10KR3932BME120051 ,KR ,495 ,BMUS ,0157 ,Voice ,  ,  ,24,5,19,0,16,3,2,1,0,1,1,14,10,10KR0157BMUS120051 ,KR ,495 ,BMUS ,0158 ,Instrumental Music ,  ,  ,108,51,57,0,76,12,4,4,0,10,2,70,38,10KR0158BMUS120051 ,KR ,495 ,BMUS ,0159 ,Music Composition ,  ,  ,11,10,1,0,8,1,1,0,0,0,1,10,1,10KR0159BMUS120051 ,KR ,495 ,BMUS ,0160 ,Music History ,  ,  ,1,0,1,0,0,0,0,0,0,0,1,0,1,10KR0160BMUS120051 ,KR ,495 ,BMUS ,0161 ,Open Studies ,  ,  ,14,10,4,0,10,1,1,1,0,0,1,12,2,10KR0161BMUS120051 ,KR ,495 ,EDD ,0168 ,Music Education ,  ,  ,8,5,3,0,7,0,0,0,0,1,0,2,6,10KS0168EDD120051 ,KR ,495 ,MME ,0168 ,Music Education ,  ,  ,13,6,7,0,9,0,1,1,1,1,0,8,5,10KS0168MME120051 ,KR ,495 ,MMUS ,0265 ,Music ,  ,  ,117,51,66,0,82,9,0,1,0,20,5,38,79,10KS0265MMUS120051 ,KR ,495 ,NDEG ,0265 ,Music ,  ,  ,1,0,1,0,1,0,0,0,0,0,0,1,0,10KS0265NDEG120051 ,KR ,495 ,PHD ,0265 ,Music ,  ,  ,5,1,4,0,1,0,0,0,0,4,0,0,5,10KS0265PHD120051 ,KR ,495 ,PHD ,1481 ,Musicology ,  ,  ,14,7,7,0,8,1,1,1,0,3,0,4,10,10KS1481PHD120051 ,KR ,526 ,BFA ,0148 ,Graphic Design ,  ,  ,80,25,55,0,52,12,4,3,0,9,0,65,15,10KR0148BFA120051 ,KR ,526 ,BFA ,0149 ,Crafts ,  ,  ,1,0,1,0,1,0,0,0,0,0,0,1,0,10KR0149BFA120051 ,KR ,526 ,BFA ,0149 ,Crafts ,3933 ,Ceramics ,8,2,6,0,6,0,0,1,0,1,0,6,2,10KR3933BFA120051 ,KR ,526 ,BFA ,0149 ,Crafts ,3934 ,Glass ,5,3,2,0,4,1,0,0,0,0,0,5,0,10KR3934BFA120051 ,KR ,526 ,BFA ,0149 ,Crafts ,3935 ,Metals ,10,2,8,0,8,1,0,1,0,0,0,10,0,10KR3935BFA120051 ,KR ,526 ,BFA ,0150 ,History of Art ,  ,  ,21,3,18,0,14,2,2,1,0,1,1,19,2,10KR0150BFA120051 ,KR ,526 ,BFA ,0151 ,Photography ,  ,  ,21,5,16,0,17,1,1,1,0,0,1,21,0,10KR0151BFA120051 ,KR ,526 ,BFA ,0152 ,Industrial Design ,  ,  ,84,42,42,0,59,17,0,4,0,3,1,73,11,10KR0152BFA120051 ,KR ,526 ,BFA ,0153 ,Painting ,  ,  ,47,20,27,0,38,4,2,2,0,1,0,44,3,10KR0153BFA120051 ,KR ,526 ,BFA ,0154 ,Sculpture ,  ,  ,18,9,9,0,11,2,1,3,0,1,0,18,0,10KR0154BFA120051 ,KR ,526 ,BFA ,0169 ,Art Education ,  ,  ,72,8,64,0,67,3,2,0,0,0,0,72,0,10KR0169BFA120051 ,KR ,526 ,EDD ,0169 ,Art Education ,  ,  ,13,4,9,0,7,1,0,0,0,5,0,6,7,10KS0169EDD120051 ,KR ,526 ,MA ,0169 ,Art Education ,  ,  ,19,7,12,0,14,2,1,0,0,2,0,12,7,10KS0169MA120051 ,KR ,526 ,MA ,0250 ,Art History ,  ,  ,10,2,8,0,7,1,1,1,0,0,0,5,5,10KS0250MA120051 ,KR ,526 ,MFA ,0252 ,Art and Design ,  ,  ,6,3,3,0,6,0,0,0,0,0,0,5,1,10KS0252MFA120051 ,KR ,526 ,MFA ,0252 ,Art and Design ,0254 ,Graphic Design ,7,1,6,0,2,2,1,0,0,2,0,4,3,10KS0254MFA120051 ,KR ,526 ,MFA ,0252 ,Art and Design ,0255 ,Industrial Design ,5,4,1,0,5,0,0,0,0,0,0,1,4,10KS0255MFA120051 ,KR ,526 ,MFA ,0252 ,Art and Design ,0256 ,Metals ,4,1,3,0,3,0,0,0,1,0,0,1,3,10KS0256MFA120051 ,KR ,526 ,MFA ,0252 ,Art and Design ,0257 ,Painting ,9,5,4,0,8,0,0,0,0,1,0,3,6,10KS0257MFA120051 ,KR ,526 ,MFA ,0252 ,Art and Design ,0258 ,Photography ,6,2,4,0,4,1,1,0,0,0,0,1,5,10KS0258MFA120051 ,KR ,526 ,MFA ,0252 ,Art and Design ,0260 ,Sculpture ,6,4,2,0,6,0,0,0,0,0,0,1,5,10KS0260MFA120051 ,KR ,526 ,NDEG ,0252 ,Art and Design ,  ,  ,2,2,0,0,2,0,0,0,0,0,0,2,0,10KS0252NDEG120051 ,KR ,526 ,NONE ,0390 ,General Curriculum ,  ,  ,130,39,91,0,95,19,3,6,1,4,2,118,12,10KR0390NONE120051 ,KR ,526 ,PHD ,0250 ,Art History ,  ,  ,15,1,14,0,8,0,1,3,0,3,0,6,9,10KS0250PHD120051 ,KR ,569 ,BLA ,0156 ,Landscape Architecture ,  ,  ,117,67,50,0,106,3,4,4,0,0,0,114,3,10KR0156BLA120051 ,KR ,569 ,MLA ,0156 ,Landscape Architecture ,  ,  ,34,9,25,0,15,1,0,1,0,16,1,12,22,10KS0156MLA120051 ,KR ,569 ,PHD ,0156 ,Landscape Architecture ,  ,  ,4,0,4,0,1,0,0,0,0,3,0,1,3,10KS0156PHD120051 ,KR ,733 ,BA ,0155 ,Urban Planning ,  ,  ,113,60,53,0,83,7,11,4,1,2,5,108,5,10KR0155BA120051 ,KR ,733 ,MUP ,0155 ,Urban Planning ,  ,  ,52,22,30,0,35,2,1,1,0,11,2,30,22,10KS0155MUP120051 ,KR ,733 ,NDEG ,0155 ,Urban Planning ,  ,  ,1,0,1,0,1,0,0,0,0,0,0,1,0,10KS0155NDEG120051 ,KR ,733 ,PHD ,0274 ,Regional Planning ,  ,  ,25,15,10,0,3,1,0,1,0,19,1,1,24,10KS0274PHD120051 ,KR ,767 ,BS ,0146 ,Architectural Studies ,  ,  ,529,292,236,1,399,52,19,31,0,20,8,466,63,10KR0146BS120051 ,KR ,767 ,MARCH ,0249 ,Architecture ,0246 ,Architecture - 1yr ,3,2,1,0,0,0,2,1,0,0,0,2,1,10KS0246MARC120051 ,KR ,767 ,MARCH ,0249 ,Architecture ,0247 ,Architecture - 2 Yr ,135,88,47,0,87,9,6,4,1,25,3,92,43,10KS0247MARC120051 ,KR ,767 ,MARCH ,0249 ,Architecture ,0248 ,Architecture Track 3 ,41,21,20,0,25,3,0,5,0,8,0,23,18,10KS0248MARC120051 ,KR ,767 ,PHD ,0249 ,Architecture ,  ,  ,3,2,1,0,2,0,0,0,0,1,0,1,2,10KS0249PHD120051 ,KR ,801 ,BFA ,0261 ,Dance ,  ,  ,56,5,51,0,44,1,4,3,1,2,1,40,16,10KR0261BFA120051 ,KR ,801 ,MFA ,0261 ,Dance ,  ,  ,14,4,10,0,11,0,1,0,0,2,0,4,10,10KS0261MFA120051 ,KR ,883 ,BFA ,0162 ,Theatre ,0163 ,Professional Studio in Acting ,70,29,41,0,52,0,8,6,0,1,3,65,5,10KR0163BFA120051 ,KR ,883 ,BFA ,0162 ,Theatre ,0165 ,Design and Technology ,8,5,3,0,8,0,0,0,0,0,0,7,1,10KR0165BFA120051 ,KR ,883 ,BFA ,0162 ,Theatre ,3978 ,Costume Design &Constrctn ,4,1,3,0,4,0,0,0,0,0,0,4,0,10KR3978BFA120051 ,KR ,883 ,BFA ,0162 ,Theatre ,3980 ,Stage Management ,8,3,5,0,7,1,0,0,0,0,0,8,0,10KR3980BFA120051 ,KR ,883 ,BFA ,0162 ,Theatre ,3985 ,Theatre Studies ,33,12,21,0,29,1,2,0,0,1,0,27,6,10KR3985BFA120051 ,KR ,883 ,BFA ,0162 ,Theatre ,3994 ,Theatre Technology & Lighting ,18,14,4,0,17,1,0,0,0,0,0,16,2,10KR3994BFA120051 ,KR ,883 ,MA ,0162 ,Theatre ,  ,  ,1,0,1,0,1,0,0,0,0,0,0,0,1,10KS0162MA120051 ,KR ,883 ,MFA ,0162 ,Theatre ,0271 ,Design and Technology ,33,17,16,0,31,0,0,1,0,1,0,6,27,10KS0271MFA120051 ,KR ,883 ,MFA ,0162 ,Theatre ,0272 ,Acting ,10,6,4,0,7,0,2,0,1,0,0,0,10,10KS0272MFA120051 ,KR ,883 ,MFA ,1136 ,Creative Writing ,  ,  ,3,0,3,0,3,0,0,0,0,0,0,0,3,10KS1136MFA120051 ,KR ,883 ,PHD ,0162 ,Theatre ,  ,  ,12,5,7,0,9,0,0,0,0,3,0,3,9,10KS0162PHD120051 ,KR ,  ,  ,  ,Fine & Applied Arts ,  ,***College total*** ,2564,1149,1414,1,1852,199,94,106,7,261,45,1880,684,  ,,,,,,,,,,,,,,,,,,,,, ,,,,,,,,,,,,,,,,,,,,,120051 ,KS ,  ,  ,  ,Graduate College ,  ,  ,  ,  ,  ,  ,  ,  ,  ,  ,  ,  ,  ,  ,  , 120051 ,KS ,486 ,NDEG ,0067 ,Nondegree ,  ,  ,5,1,4,0,4,0,1,0,0,0,0,5,0,10KS0067NDEG120051 ,KS ,  ,  ,  ,Graduate College ,  ,***College total*** ,5,1,4,0,4,0,1,0,0,0,0,5,0,  ,,,,,,,,,,,,,,,,,,,,, ,,,,,,,,,,,,,,,,,,,,,120051 ,KT ,  ,  ,  ,Communications ,  ,  ,  ,  ,  ,  ,  ,  ,  ,  ,  ,  ,  ,  ,  , 120051 ,KT ,238 ,BS ,0382 ,Media Studies ,  ,  ,107,33,74,0,85,7,7,4,0,2,2,101,6,10KT0382BS120051 ,KT ,238 ,PHD ,0279 ,Communications ,  ,  ,53,25,28,0,24,3,2,6,1,17,0,10,43,10KS0279PHD120051 ,KT ,408 ,BS ,0277 ,Advertising ,  ,  ,255,55,200,0,183,33,17,12,0,6,4,233,22,10KT0277BS120051 ,KT ,408 ,BS ,0279 ,Communications ,  ,  ,1,0,1,0,0,0,0,1,0,0,0,1,0,10KT0279BS120051 ,KT ,408 ,MS ,0277 ,Advertising ,  ,  ,19,6,13,0,7,0,1,0,0,11,0,5,14,10KS0277MS120051 ,KT ,642 ,BSJ ,0380 ,News-Editorial ,  ,  ,135,49,86,0,99,12,12,11,0,0,1,124,11,10KT0380BSJ120051 ,KT ,642 ,BSJ ,0381 ,Broadcast Journalism ,  ,  ,71,27,44,0,43,6,12,9,0,0,1,68,3,10KT0381BSJ120051 ,KT ,642 ,MS ,0278 ,Journalism ,  ,  ,33,9,24,0,25,1,1,1,0,3,2,20,13,10KS0278MS120051 ,KT ,934 ,NDEG ,0067 ,Nondegree ,  ,  ,4,2,2,0,0,0,0,0,0,3,1,1,3,10KT0067NDEG120051 ,KT ,  ,  ,  ,Communications ,  ,***College total*** ,678,206,472,0,466,62,52,44,1,42,11,563,115,  ,,,,,,,,,,,,,,,,,,,,, ,,,,,,,,,,,,,,,,,,,,,120051 ,KU ,  ,  ,  ,Law ,  ,  ,  ,  ,  ,  ,  ,  ,  ,  ,  ,  ,  ,  ,  , 120051 ,KU ,853 ,JD ,0385 ,Law ,  ,  ,661,385,274,2,395,108,47,50,4,13,44,497,164,10KU0385JD120051 ,KU ,853 ,JSD ,0281 ,Law ,  ,  ,2,2,0,0,0,0,0,0,0,2,0,0,2,10KS0281JSD120051 ,KU ,853 ,LLM ,0281 ,Law ,  ,  ,32,15,17,0,0,1,0,0,0,31,0,3,29,10KS0281LLM120051 ,KU ,853 ,NDEG ,0385 ,Law ,  ,  ,1,1,0,0,1,0,0,0,0,0,0,1,0,10KU0385NDEG120051 ,KU ,  ,  ,  ,Law ,  ,***College total*** ,696,403,291,2,396,109,47,50,4,46,44,501,195,  ,,,,,,,,,,,,,,,,,,,,, ,,,,,,,,,,,,,,,,,,,,,120051 ,KV ,  ,  ,  ,Liberal Arts & Sci ,  ,  ,  ,  ,  ,  ,  ,  ,  ,  ,  ,  ,  ,  ,  , 120051 ,KV ,241 ,BALAS ,0340 ,Anthropology ,  ,  ,127,43,84,0,91,5,6,17,2,1,5,122,5,10KV0340BALA120051 ,KV ,241 ,BALAS ,0340 ,Anthropology ,  ,  ,2,1,1,0,2,0,0,0,0,0,0,2,0,10KV8037BALA120051 ,KV ,241 ,MA ,0340 ,Anthropology ,  ,  ,2,0,2,0,2,0,0,0,0,0,0,2,0,10KS0340MA120051 ,KV ,241 ,NDEG ,0340 ,Anthropology ,  ,  ,1,1,0,0,1,0,0,0,0,0,0,1,0,10KS0340NDEG120051 ,KV ,241 ,PHD ,0340 ,Anthropology ,  ,  ,58,16,42,0,26,1,2,10,0,19,0,7,51,10KS0340PHD120051 ,KV ,253 ,MS ,0334 ,Atmospheric Sciences ,  ,  ,19,12,7,0,18,0,0,0,0,1,0,9,10,10KS0334MS120051 ,KV ,253 ,PHD ,0334 ,Atmospheric Sciences ,  ,  ,20,15,5,0,3,0,0,1,0,16,0,1,19,10KS0334PHD120051 ,KV ,257 ,BSLAS ,0439 ,Mathematics ,  ,  ,230,123,107,0,154,34,18,10,0,13,1,205,25,10KV0439BSLA120051 ,KV ,257 ,BSLAS ,0439 ,Mathematics ,  ,  ,7,6,1,0,4,1,0,1,0,1,0,4,3,10KV8037BSLA120051 ,KV ,257 ,BSLAS ,0439 ,Mathematics ,3895 ,Applied Mathematics ,4,3,1,0,2,1,0,0,0,1,0,1,3,10KV3895BSLA120051 ,KV ,257 ,BSLAS ,0439 ,Mathematics ,3896 ,Graduate Preparation ,5,5,0,0,4,0,0,0,0,1,0,4,1,10KV3896BSLA120051 ,KV ,257 ,BSLAS ,0439 ,Mathematics ,3897 ,Mathematics Teaching Option ,26,13,13,0,16,7,0,3,0,0,0,26,0,10KV3897BSLA120051 ,KV ,257 ,BSLAS ,0461 ,Actuarial Science ,  ,  ,230,149,81,0,143,39,8,6,1,30,3,189,41,10KV0461BSLA120051 ,KV ,257 ,BSLAS ,1438 ,Math & Computer Science ,  ,  ,123,107,15,1,76,22,1,7,1,16,0,95,28,10KV1438BSLA120051 ,KV ,257 ,BSLAS ,1438 ,Math & Computer Science ,  ,  ,2,2,0,0,1,0,0,0,0,1,0,2,0,10KV8037BSLA120051 ,KV ,257 ,CAS ,0439 ,Mathematics ,  ,  ,1,0,1,0,0,1,0,0,0,0,0,0,1,10KS0439CAS120051 ,KV ,257 ,MS ,0290 ,Teaching of Mathematics ,  ,  ,1,1,0,0,1,0,0,0,0,0,0,1,0,10KS0290MS120051 ,KV ,257 ,MS ,0327 ,Applied Mathematics ,  ,  ,9,7,2,0,1,0,0,0,0,7,1,3,6,10KS0327MS120051 ,KV ,257 ,MS ,0327 ,Applied Mathematics ,0328 ,Actuarial Science ,26,9,17,0,1,3,0,0,0,22,0,7,19,10KS0328MS120051 ,KV ,257 ,MS ,0439 ,Mathematics ,  ,  ,9,6,3,0,3,0,0,0,0,6,0,2,7,10KS0439MS120051 ,KV ,257 ,NDEG ,0439 ,Mathematics ,  ,  ,2,2,0,0,2,0,0,0,0,0,0,2,0,10KS0439NDEG120051 ,KV ,257 ,NONE ,0439 ,Mathematics ,  ,  ,127,77,50,0,101,11,5,5,1,3,1,112,15,10KV0439NONE120051 ,KV ,257 ,PHD ,0439 ,Mathematics ,  ,  ,171,137,34,0,71,9,0,3,1,84,3,19,152,10KS0439PHD120051 ,KV ,299 ,BALAS ,0338 ,Psychology ,  ,  ,1,1,0,0,1,0,0,0,0,0,0,1,0,10KV0338BALA120051 ,KV ,299 ,BSLAS ,0338 ,Psychology ,  ,  ,1155,292,863,0,760,126,106,115,6,26,16,1084,71,10KV0338BSLA120051 ,KV ,299 ,BSLAS ,0338 ,Psychology ,  ,  ,18,7,11,0,13,1,2,2,0,0,0,15,3,10KV8037BSLA120051 ,KV ,299 ,MA ,0338 ,Psychology ,  ,  ,3,1,2,0,1,2,0,0,0,0,0,3,0,10KS0338MA120051 ,KV ,299 ,NDEG ,0338 ,Psychology ,  ,  ,1,1,0,0,1,0,0,0,0,0,0,1,0,10KS0338NDEG120051 ,KV ,299 ,PHD ,0338 ,Psychology ,  ,  ,176,59,117,0,93,15,7,12,0,48,1,29,147,10KS0338PHD120051 ,KV ,324 ,BALAS ,0344 ,Sociology ,  ,  ,331,110,221,0,146,25,102,48,2,4,4,317,14,10KV0344BALA120051 ,KV ,324 ,BALAS ,0344 ,Sociology ,  ,  ,5,1,4,0,2,1,0,2,0,0,0,3,2,10KV8037BALA120051 ,KV ,324 ,PHD ,0344 ,Sociology ,  ,  ,39,16,23,0,14,1,1,3,1,19,0,9,30,10KS0344PHD120051 ,KV ,361 ,MS ,0324 ,Entomology ,  ,  ,13,3,10,0,9,0,1,0,0,3,0,4,9,10KS0324MS120051 ,KV ,361 ,PHD ,0324 ,Entomology ,  ,  ,21,14,7,0,12,1,0,0,0,8,0,3,18,10KS0324PHD120051 ,KV ,362 ,BALAS ,0285 ,E Asian Languages & Cultures ,  ,  ,38,22,16,0,23,10,1,1,0,2,1,34,4,10KV0285BALA120051 ,KV ,362 ,BALAS ,0285 ,E Asian Languages & Cultures ,  ,  ,1,1,0,0,1,0,0,0,0,0,0,1,0,10KV8037BALA120051 ,KV ,362 ,MA ,0284 ,Asian Studies ,  ,  ,10,2,8,0,1,1,1,0,0,7,0,2,8,10KS0284MA120051 ,KV ,362 ,PHD ,0285 ,E Asian Languages & Cultures ,  ,  ,22,5,17,0,4,2,0,0,0,16,0,1,21,10KS0285PHD120051 ,KV ,377 ,MS ,0320 ,Plant Biology ,  ,  ,5,1,4,0,4,0,0,0,1,0,0,3,2,10KS0320MS120051 ,KV ,377 ,PHD ,0320 ,Plant Biology ,  ,  ,13,7,6,0,5,2,0,0,0,6,0,3,10,10KS0320PHD120051 ,KV ,383 ,BSLAS ,0438 ,Integrative Biology ,  ,  ,233,99,134,0,183,29,4,11,0,3,3,221,12,10KV0438BSLA120051 ,KV ,383 ,MS ,0314 ,Biology ,  ,  ,18,9,9,0,14,1,1,0,0,2,0,14,4,10KS0314MS120051 ,KV ,383 ,MS ,0314 ,Biology ,0316 ,Ecology & Evolutionary Biology ,6,4,2,0,5,1,0,0,0,0,0,4,2,10KS0316MS120051 ,KV ,383 ,NDEG ,0314 ,Biology ,  ,  ,1,1,0,0,1,0,0,0,0,0,0,1,0,10KS0314NDEG120051 ,KV ,383 ,PHD ,0314 ,Biology ,0315 ,"Ecology, Ethology, Evolution ",6,5,1,0,5,0,0,0,0,1,0,1,5,10KS0315PHD120051 ,KV ,383 ,PHD ,0314 ,Biology ,0316 ,Ecology & Evolutionary Biology ,32,16,16,0,23,1,1,0,0,7,0,6,26,10KS0316PHD120051 ,KV ,383 ,PHD ,0314 ,Biology ,0317 ,Physiol & Molec Plant Biology ,18,9,9,0,6,4,0,2,0,6,0,4,14,10KS0317PHD120051 ,KV ,397 ,BALAS ,0314 ,Biology ,  ,  ,2,0,2,0,2,0,0,0,0,0,0,2,0,10KV0314BALA120051 ,KV ,397 ,BSLAS ,0314 ,Biology ,  ,  ,28,11,17,0,17,9,0,1,0,1,0,26,2,10KV0314BSLA120051 ,KV ,397 ,BSLAS ,0314 ,Biology ,  ,  ,11,3,8,0,5,3,0,2,0,1,0,8,3,10KV8037BSLA120051 ,KV ,397 ,BSLAS ,0314 ,Biology ,0425 ,Biology-Honors ,51,24,27,0,38,11,0,2,0,0,0,48,3,10KV0425BSLA120051 ,KV ,397 ,BSLAS ,0314 ,Biology ,3993 ,Biology Teacher Educ Option ,4,3,1,0,4,0,0,0,0,0,0,4,0,10KV3993BSLA120051 ,KV ,397 ,MS ,0293 ,Teaching of Biological Science ,  ,  ,2,0,2,0,2,0,0,0,0,0,0,2,0,10KS0293MS120051 ,KV ,397 ,NONE ,0314 ,Biology ,  ,  ,768,341,425,2,477,160,49,37,2,22,21,718,50,10KV0314NONE120051 ,KV ,405 ,BALAS ,0074 ,Economics ,  ,  ,535,406,129,0,306,104,26,37,0,52,10,447,88,10KV0074BALA120051 ,KV ,405 ,BALAS ,0074 ,Economics ,  ,  ,7,4,3,0,5,2,0,0,0,0,0,7,0,10KV8037BALA120051 ,KV ,405 ,BSLAS ,0074 ,Economics ,  ,  ,1,1,0,0,0,0,0,0,0,1,0,1,0,10KV0074BSLA120051 ,KV ,405 ,MS ,0074 ,Economics ,3925 ,Policy Economics ,80,62,18,0,2,2,1,0,0,74,1,1,79,10KS3925MS120051 ,KV ,405 ,PHD ,0074 ,Economics ,  ,  ,79,57,22,0,17,2,1,1,0,58,0,10,69,10KS0074PHD120051 ,KV ,413 ,BALAS ,0335 ,Chemistry ,  ,  ,1,1,0,0,1,0,0,0,0,0,0,1,0,10KV0335BALA120051 ,KV ,413 ,BS ,0335 ,Chemistry ,  ,  ,106,55,51,0,78,15,2,4,0,5,2,96,10,10KV0335BS120051 ,KV ,413 ,BSLAS ,0335 ,Chemistry ,  ,  ,245,117,128,0,139,57,23,17,0,7,2,222,23,10KV0335BSLA120051 ,KV ,413 ,BSLAS ,0335 ,Chemistry ,  ,  ,7,5,2,0,6,1,0,0,0,0,0,6,1,10KV8037BSLA120051 ,KV ,413 ,MS ,0294 ,Teaching of Chemistry ,  ,  ,8,2,6,0,8,0,0,0,0,0,0,6,2,10KS0294MS120051 ,KV ,413 ,MS ,0335 ,Chemistry ,  ,  ,3,1,2,0,3,0,0,0,0,0,0,0,3,10KS0335MS120051 ,KV ,413 ,PHD ,0335 ,Chemistry ,  ,  ,280,181,99,0,187,11,3,5,1,71,2,31,249,10KS0335PHD120051 ,KV ,413 ,PHD ,0337 ,Chemical Physics ,  ,  ,6,5,1,0,2,1,0,0,0,3,0,0,6,10KS0337PHD120051 ,KV ,415 ,BSLAS ,0430 ,Biophysics ,  ,  ,1,1,0,0,1,0,0,0,0,0,0,1,0,10KV0430BSLA120051 ,KV ,415 ,BSLAS ,0433 ,Molecular and Cellular Biology ,  ,  ,782,338,444,0,478,198,34,34,3,26,9,724,58,10KV0433BSLA120051 ,KV ,415 ,BSLAS ,0433 ,Molecular and Cellular Biology ,  ,  ,9,2,7,0,6,1,0,2,0,0,0,8,1,10KV8037BSLA120051 ,KV ,415 ,NONE ,3854 ,Molecular&Cell Bio-undeclared ,  ,  ,8,4,4,0,5,1,0,1,0,1,0,4,4,10KS3854NONE120051 ,KV ,415 ,PHD ,0319 ,Biophysics & Computnl Biology ,  ,  ,68,47,21,0,16,7,0,2,0,43,0,6,62,10KS0319PHD120051 ,KV ,415 ,PHD ,0323 ,Neuroscience ,  ,  ,58,27,31,0,26,5,1,4,0,21,1,11,47,10KS0323PHD120051 ,KV ,430 ,BSLAS ,0333 ,Astronomy ,  ,  ,32,16,16,0,25,1,2,2,0,2,0,28,4,10KV0333BSLA120051 ,KV ,430 ,BSLAS ,0333 ,Astronomy ,  ,  ,2,1,1,0,2,0,0,0,0,0,0,2,0,10KV8037BSLA120051 ,KV ,430 ,PHD ,0333 ,Astronomy ,  ,  ,30,17,13,0,6,0,0,0,0,24,0,3,27,10KS0333PHD120051 ,KV ,438 ,BS ,0318 ,Biochemistry ,  ,  ,177,83,93,1,80,70,4,2,0,18,3,150,27,10KV0318BS120051 ,KV ,438 ,BSLAS ,0318 ,Biochemistry ,  ,  ,38,23,15,0,17,14,1,1,0,3,2,30,8,10KV0318BSLA120051 ,KV ,438 ,MS ,0318 ,Biochemistry ,  ,  ,3,0,3,0,0,1,1,1,0,0,0,2,1,10KS0318MS120051 ,KV ,438 ,PHD ,0318 ,Biochemistry ,  ,  ,93,51,42,0,40,17,2,1,0,33,0,21,72,10KS0318PHD120051 ,KV ,451 ,BALAS ,0342 ,History ,  ,  ,521,337,184,0,432,25,26,29,1,1,7,507,14,10KV0342BALA120051 ,KV ,451 ,BALAS ,0342 ,History ,  ,  ,9,7,2,0,9,0,0,0,0,0,0,9,0,10KV8037BALA120051 ,KV ,451 ,BALAS ,0342 ,History ,3917 ,Teaching of Social Studies ,43,22,21,0,33,4,1,5,0,0,0,43,0,10KV3917BALA120051 ,KV ,451 ,PHD ,0342 ,History ,  ,  ,108,58,50,0,69,4,9,4,0,21,1,21,87,10KS0342PHD120051 ,KV ,461 ,MA ,0283 ,African Studies ,  ,  ,10,4,6,0,2,0,6,1,0,1,0,3,7,10KS0283MA120051 ,KV ,489 ,BALAS ,0313 ,Speech Communication ,  ,  ,393,172,221,0,242,17,79,48,4,0,3,377,16,10KV0313BALA120051 ,KV ,489 ,BALAS ,0313 ,Speech Communication ,  ,  ,5,0,5,0,3,1,1,0,0,0,0,5,0,10KV8037BALA120051 ,KV ,489 ,BALAS ,0313 ,Speech Communication ,3920 ,Interpretation ,1,1,0,0,1,0,0,0,0,0,0,0,1,10KV3920BALA120051 ,KV ,489 ,MA ,0313 ,Speech Communication ,  ,  ,33,8,25,0,28,1,1,0,0,3,0,17,16,10KS0313MA120051 ,KV ,489 ,PHD ,0313 ,Speech Communication ,  ,  ,29,13,16,0,20,1,0,2,0,6,0,8,21,10KS0313PHD120051 ,KV ,490 ,BALAS ,0443 ,Religious Studies ,  ,  ,18,11,7,0,11,3,0,3,0,0,1,18,0,10KV0443BALA120051 ,KV ,490 ,BALAS ,0443 ,Religious Studies ,3901 ,Judaica ,1,0,1,0,1,0,0,0,0,0,0,1,0,10KV3901BALA120051 ,KV ,490 ,BALAS ,0443 ,Religious Studies ,3903 ,Religion and Culture ,2,1,1,0,2,0,0,0,0,0,0,2,0,10KV3903BALA120051 ,KV ,490 ,BALAS ,0443 ,Religious Studies ,3904 ,Asian Religions ,1,0,1,0,1,0,0,0,0,0,0,1,0,10KV3904BALA120051 ,KV ,499 ,BALAS ,0311 ,English ,  ,  ,803,251,552,0,580,67,80,53,1,4,18,773,30,10KV0311BALA120051 ,KV ,499 ,BALAS ,0311 ,English ,  ,  ,17,7,10,0,15,1,1,0,0,0,0,17,0,10KV8037BALA120051 ,KV ,499 ,BALAS ,0311 ,English ,3916 ,English Teaching Option ,44,5,39,0,37,2,3,1,0,0,1,44,0,10KV3916BALA120051 ,KV ,499 ,BALAS ,0420 ,Rhetoric ,  ,  ,117,63,54,0,78,2,26,8,1,0,2,112,5,10KV0420BALA120051 ,KV ,499 ,BALAS ,0420 ,Rhetoric ,  ,  ,2,1,1,0,1,0,0,1,0,0,0,2,0,10KV8037BALA120051 ,KV ,499 ,BALAS ,0420 ,Rhetoric ,3892 ,Creative Writing ,12,6,6,0,10,0,1,1,0,0,0,10,2,10KV3892BALA120051 ,KV ,499 ,BALAS ,0420 ,Rhetoric ,3893 ,Professional Writing ,4,2,2,0,2,0,1,1,0,0,0,4,0,10KV3893BALA120051 ,KV ,499 ,BSLAS ,0311 ,English ,  ,  ,1,0,1,0,0,1,0,0,0,0,0,1,0,10KV0311BSLA120051 ,KV ,499 ,MA ,0311 ,English ,  ,  ,46,21,25,0,41,1,0,2,0,2,0,11,35,10KS0311MA120051 ,KV ,499 ,MFA ,1136 ,Creative Writing ,  ,  ,25,15,10,0,22,2,0,1,0,0,0,11,14,10KS1136MFA120051 ,KV ,499 ,PHD ,0311 ,English ,  ,  ,79,28,51,0,55,4,3,2,0,12,3,13,66,10KS0311PHD120051 ,KV ,514 ,BA ,0345 ,Teaching of Latin ,  ,  ,1,1,0,0,1,0,0,0,0,0,0,1,0,10KV0345BA120051 ,KV ,514 ,BALAS ,0308 ,Classics ,  ,  ,20,8,12,0,15,1,0,2,0,0,2,18,2,10KV0308BALA120051 ,KV ,514 ,BALAS ,0308 ,Classics ,  ,  ,2,1,1,0,1,0,0,1,0,0,0,2,0,10KV8037BALA120051 ,KV ,514 ,BALAS ,0308 ,Classics ,0310 ,Latin ,1,0,1,0,1,0,0,0,0,0,0,1,0,10KV0310BALA120051 ,KV ,514 ,BALAS ,0308 ,Classics ,3877 ,Classical Archaeology ,1,0,1,0,1,0,0,0,0,0,0,1,0,10KV3877BALA120051 ,KV ,514 ,BALAS ,0308 ,Classics ,3878 ,Classical Civilization ,4,3,1,0,1,1,0,2,0,0,0,4,0,10KV3878BALA120051 ,KV ,514 ,BSLAS ,0308 ,Classics ,  ,  ,1,0,1,0,1,0,0,0,0,0,0,1,0,10KV0308BSLA120051 ,KV ,514 ,MA ,0308 ,Classics ,  ,  ,6,2,4,0,6,0,0,0,0,0,0,4,2,10KS0308MA120051 ,KV ,514 ,MA ,0345 ,Teaching of Latin ,  ,  ,2,1,1,0,2,0,0,0,0,0,0,0,2,10KS0345MA120051 ,KV ,514 ,PHD ,0347 ,Classical Philology ,  ,  ,5,3,2,0,3,0,0,0,0,2,0,1,4,10KS0347PHD120051 ,KV ,553 ,BALAS ,0287 ,Russian & E European Studies ,  ,  ,2,2,0,0,2,0,0,0,0,0,0,2,0,10KV0287BALA120051 ,KV ,553 ,MA ,0287 ,Russian & E European Studies ,  ,  ,7,2,5,0,3,1,0,0,0,3,0,2,5,10KS0287MA120051 ,KV ,580 ,BALAS ,0075 ,Finance ,  ,  ,209,155,54,0,147,32,3,15,0,10,2,190,19,10KV0075BALA120051 ,KV ,580 ,BALAS ,0075 ,Finance ,  ,  ,11,7,4,0,5,6,0,0,0,0,0,6,5,10KV8037BALA120051 ,KV ,580 ,BALAS ,0150 ,History of Art ,  ,  ,34,4,30,0,27,2,2,2,0,1,0,33,1,10KV0150BALA120051 ,KV ,580 ,BALAS ,0265 ,Music ,  ,  ,18,13,5,0,15,1,1,0,0,0,1,18,0,10KV0265BALA120051 ,KV ,580 ,BALAS ,0401 ,International Studies ,  ,  ,253,87,166,0,164,29,12,36,0,6,6,231,22,10KV0401BALA120051 ,KV ,580 ,BALAS ,0401 ,International Studies ,  ,  ,6,2,4,0,5,0,0,1,0,0,0,4,2,10KV8037BALA120051 ,KV ,580 ,BALAS ,0422 ,Humanities ,  ,  ,14,6,7,1,8,1,2,2,0,0,1,13,1,10KV0422BALA120051 ,KV ,580 ,BALAS ,0463 ,Individual Plans of Study ,  ,  ,5,0,5,0,4,0,1,0,0,0,0,5,0,10KV0463BALA120051 ,KV ,580 ,BALAS ,3865 ,Interdisciplinary ,  ,  ,20,11,9,0,14,0,1,2,1,2,0,19,1,10KV3865BALA120051 ,KV ,580 ,BALAS ,3865 ,Interdisciplinary ,3869 ,Cinema Studies ,9,4,5,0,6,0,2,0,0,1,0,6,3,10KV3869BALA120051 ,KV ,580 ,BALAS ,3865 ,Interdisciplinary ,4029 ,Gender and Women's Studies ,3,0,3,0,2,0,1,0,0,0,0,3,0,10KV4029BALA120051 ,KV ,580 ,BS ,0240 ,Physics ,  ,  ,79,59,20,0,56,7,1,1,2,10,2,57,22,10KV0240BS120051 ,KV ,580 ,BSLAS ,0075 ,Finance ,  ,  ,1,0,1,0,0,0,0,0,0,1,0,0,1,10KV0075BSLA120051 ,KV ,580 ,BSLAS ,0240 ,Physics ,  ,  ,77,59,18,0,54,10,4,0,1,5,3,67,10,10KV0240BSLA120051 ,KV ,580 ,BSLAS ,0240 ,Physics ,  ,  ,1,1,0,0,1,0,0,0,0,0,0,1,0,10KV8037BSLA120051 ,KV ,580 ,BSLAS ,0240 ,Physics ,3919 ,Physics Teaching Option ,2,1,1,0,2,0,0,0,0,0,0,2,0,10KV3919BSLA120051 ,KV ,580 ,BSLAS ,0463 ,Individual Plans of Study ,  ,  ,1,0,1,0,1,0,0,0,0,0,0,1,0,10KV0463BSLA120051 ,KV ,580 ,NDEG ,0067 ,Nondegree ,  ,  ,124,55,69,0,40,7,3,1,1,68,4,49,75,10KV0067NDEG120051 ,KV ,580 ,NONE ,0390 ,General Curriculum ,  ,  ,3121,1392,1725,4,1820,361,472,334,13,74,47,2900,221,10KV0390NONE120051 ,KV ,583 ,BALAS ,0329 ,Statistics ,  ,  ,1,0,1,0,1,0,0,0,0,0,0,1,0,10KV0329BALA120051 ,KV ,583 ,BSLAS ,0329 ,Statistics ,  ,  ,27,22,5,0,17,6,2,1,0,1,0,26,1,10KV0329BSLA120051 ,KV ,583 ,BSLAS ,0464 ,Statistics & Computer Science ,  ,  ,15,12,3,0,5,6,1,0,0,3,0,8,7,10KV0464BSLA120051 ,KV ,583 ,BSLAS ,0464 ,Statistics & Computer Science ,  ,  ,1,1,0,0,0,0,0,0,0,1,0,0,1,10KV8037BSLA120051 ,KV ,583 ,MS ,0329 ,Statistics ,  ,  ,19,12,7,0,4,2,2,1,0,10,0,6,13,10KS0329MS120051 ,KV ,583 ,MS ,0329 ,Statistics ,0330 ,Economic Statistics ,1,1,0,0,0,0,0,0,0,1,0,0,1,10KS0330MS120051 ,KV ,583 ,MS ,0329 ,Statistics ,0331 ,Applied ,4,1,3,0,0,0,0,0,0,4,0,0,4,10KS0331MS120051 ,KV ,583 ,PHD ,0329 ,Statistics ,  ,  ,14,6,8,0,3,0,0,0,0,11,0,2,12,10KS0329PHD120051 ,KV ,584 ,BSLAS ,0321 ,Cell and Structural Biology ,  ,  ,10,6,4,0,7,2,0,1,0,0,0,10,0,10KV0321BSLA120051 ,KV ,584 ,PHD ,0321 ,Cell and Structural Biology ,  ,  ,78,44,34,0,25,6,3,2,0,42,0,19,59,10KS0321PHD120051 ,KV ,585 ,BA ,0297 ,Teaching of Spanish ,  ,  ,24,4,20,0,18,2,0,2,0,0,2,24,0,10KV0297BA120051 ,KV ,585 ,BALAS ,0305 ,Italian ,  ,  ,8,1,7,0,6,1,0,1,0,0,0,8,0,10KV0305BALA120051 ,KV ,585 ,BALAS ,0306 ,Portuguese ,  ,  ,1,1,0,0,0,0,1,0,0,0,0,1,0,10KV0306BALA120051 ,KV ,585 ,BALAS ,0307 ,Spanish ,  ,  ,227,65,161,1,144,10,13,54,2,0,4,219,8,10KV0307BALA120051 ,KV ,585 ,BALAS ,0307 ,Spanish ,  ,  ,3,1,2,0,3,0,0,0,0,0,0,3,0,10KV8037BALA120051 ,KV ,585 ,MA ,0305 ,Italian ,  ,  ,1,0,1,0,1,0,0,0,0,0,0,1,0,10KS0305MA120051 ,KV ,585 ,MA ,0307 ,Spanish ,  ,  ,17,6,11,0,4,0,0,5,0,8,0,7,10,10KS0307MA120051 ,KV ,585 ,NDEG ,0307 ,Spanish ,  ,  ,1,0,1,0,0,0,0,0,0,1,0,0,1,10KS0307NDEG120051 ,KV ,585 ,PHD ,0305 ,Italian ,  ,  ,3,1,2,0,0,0,0,2,0,1,0,0,3,10KS0305PHD120051 ,KV ,585 ,PHD ,0306 ,Portuguese ,  ,  ,1,0,1,0,0,0,0,0,0,1,0,0,1,10KS0306PHD120051 ,KV ,585 ,PHD ,0307 ,Spanish ,  ,  ,33,13,20,0,5,0,0,2,0,26,0,3,30,10KS0307PHD120051 ,KV ,604 ,BSLAS ,0325 ,Molecular & Integrative Physi ,  ,  ,4,2,2,0,2,2,0,0,0,0,0,3,1,10KV0325BSLA120051 ,KV ,604 ,BSLAS ,0408 ,Bioengineering ,  ,  ,11,6,5,0,4,4,2,0,0,1,0,9,2,10KV0408BSLA120051 ,KV ,604 ,PHD ,0325 ,Molecular & Integrative Physi ,  ,  ,34,25,9,0,9,5,1,2,0,17,0,9,25,10KS0325PHD120051 ,KV ,655 ,BS ,0336 ,Geology ,  ,  ,14,10,4,0,13,1,0,0,0,0,0,14,0,10KV0336BS120051 ,KV ,655 ,BS ,0336 ,Geology ,3880 ,Geophysics ,1,0,1,0,0,0,0,1,0,0,0,1,0,10KV3880BS120051 ,KV ,655 ,BSLAS ,0336 ,Geology ,  ,  ,26,14,12,0,20,2,0,4,0,0,0,25,1,10KV0336BSLA120051 ,KV ,655 ,BSLAS ,0336 ,Geology ,  ,  ,1,0,1,0,1,0,0,0,0,0,0,1,0,10KV8037BSLA120051 ,KV ,655 ,BSLAS ,0336 ,Geology ,3879 ,Teaching of Earth Science ,1,1,0,0,1,0,0,0,0,0,0,1,0,10KV3879BSLA120051 ,KV ,655 ,BSLAS ,0336 ,Geology ,3882 ,Earth & Environmental Sciences ,3,3,0,0,3,0,0,0,0,0,0,3,0,10KV3882BSLA120051 ,KV ,655 ,MS ,0336 ,Geology ,  ,  ,10,3,7,0,8,0,0,0,1,1,0,7,3,10KS0336MS120051 ,KV ,655 ,NDEG ,0336 ,Geology ,  ,  ,1,1,0,0,1,0,0,0,0,0,0,1,0,10KS0336NDEG120051 ,KV ,655 ,PHD ,0336 ,Geology ,  ,  ,22,16,6,0,8,2,0,0,0,12,0,1,21,10KS0336PHD120051 ,KV ,687 ,BS ,0300 ,Chemical Engineering ,  ,  ,274,180,94,0,167,51,7,7,0,37,5,203,71,10KV0300BS120051 ,KV ,687 ,MS ,0300 ,Chemical Engineering ,  ,  ,3,2,1,0,2,1,0,0,0,0,0,3,0,10KS0300MS120051 ,KV ,687 ,NONE ,0300 ,Chemical Engineering ,  ,  ,4,3,1,0,0,0,0,0,0,4,0,0,4,10KS0300NONE120051 ,KV ,687 ,PHD ,0300 ,Chemical Engineering ,  ,  ,92,69,23,0,42,9,3,1,1,36,0,5,87,10KS0300PHD120051 ,KV ,710 ,BALAS ,0343 ,Political Science ,  ,  ,886,532,352,2,613,73,87,81,3,8,21,834,52,10KV0343BALA120051 ,KV ,710 ,BALAS ,0343 ,Political Science ,  ,  ,19,9,10,0,10,2,3,4,0,0,0,18,1,10KV8037BALA120051 ,KV ,710 ,BSLAS ,0343 ,Political Science ,  ,  ,1,0,1,0,1,0,0,0,0,0,0,1,0,10KV0343BSLA120051 ,KV ,710 ,PHD ,0343 ,Political Science ,  ,  ,35,22,13,0,20,2,0,0,0,12,1,4,31,10KS0343PHD120051 ,KV ,715 ,BALAS ,0332 ,Philosophy ,  ,  ,88,67,21,0,60,7,11,5,1,0,4,85,3,10KV0332BALA120051 ,KV ,715 ,BALAS ,0332 ,Philosophy ,  ,  ,2,0,2,0,2,0,0,0,0,0,0,1,1,10KV8037BALA120051 ,KV ,715 ,MA ,0332 ,Philosophy ,  ,  ,3,3,0,0,2,0,0,0,0,1,0,1,2,10KS0332MA120051 ,KV ,715 ,PHD ,0332 ,Philosophy ,  ,  ,42,31,11,0,37,2,0,1,0,2,0,11,31,10KS0332PHD120051 ,KV ,729 ,BALAS ,0286 ,Latin American Studies ,  ,  ,5,3,2,0,1,0,0,4,0,0,0,5,0,10KV0286BALA120051 ,KV ,729 ,MA ,0286 ,Latin American Studies ,  ,  ,7,2,5,0,3,0,1,2,0,1,0,2,5,10KS0286MA120051 ,KV ,748 ,MA ,0299 ,Teaching of English Sec Lang ,  ,  ,52,11,41,0,15,4,1,0,0,31,1,16,36,10KS0299MA120051 ,KV ,771 ,BALAS ,1120 ,Comparative Literature ,  ,  ,12,4,8,0,6,3,1,1,0,1,0,11,1,10KV1120BALA120051 ,KV ,771 ,BALAS ,1120 ,Comparative Literature ,3905 ,World Literature ,4,0,4,0,3,0,0,1,0,0,0,2,2,10KV3905BALA120051 ,KV ,771 ,MA ,1120 ,Comparative Literature ,  ,  ,15,6,9,0,1,0,0,2,0,11,1,1,14,10KS1120MA120051 ,KV ,771 ,NDEG ,1120 ,Comparative Literature ,  ,  ,1,0,1,0,1,0,0,0,0,0,0,1,0,10KS1120NDEG120051 ,KV ,771 ,PHD ,1120 ,Comparative Literature ,  ,  ,16,3,13,0,6,0,0,0,0,9,1,2,14,10KS1120PHD120051 ,KV ,864 ,BALAS ,0301 ,Linguistics ,  ,  ,30,18,12,0,22,2,2,1,0,1,2,25,5,10KV0301BALA120051 ,KV ,864 ,BALAS ,0301 ,Linguistics ,  ,  ,1,0,1,0,1,0,0,0,0,0,0,1,0,10KV8037BALA120051 ,KV ,864 ,MA ,0301 ,Linguistics ,  ,  ,11,1,10,0,4,0,0,0,0,7,0,2,9,10KS0301MA120051 ,KV ,864 ,NDEG ,0301 ,Linguistics ,  ,  ,1,1,0,0,0,0,0,0,0,1,0,0,1,10KS0301NDEG120051 ,KV ,864 ,PHD ,0301 ,Linguistics ,  ,  ,54,21,33,0,12,3,2,0,0,37,0,8,46,10KS0301PHD120051 ,KV ,872 ,BALAS ,0341 ,Geography ,  ,  ,38,29,9,0,36,1,0,0,0,1,0,36,2,10KV0341BALA120051 ,KV ,872 ,BALAS ,0341 ,Geography ,3884 ,Human Geography ,2,2,0,0,2,0,0,0,0,0,0,2,0,10KV3884BALA120051 ,KV ,872 ,MA ,0341 ,Geography ,  ,  ,1,0,1,0,1,0,0,0,0,0,0,1,0,10KS0341MA120051 ,KV ,872 ,MS ,0341 ,Geography ,  ,  ,13,5,8,0,9,1,0,2,0,1,0,8,5,10KS0341MS120051 ,KV ,872 ,NDEG ,0341 ,Geography ,  ,  ,6,4,2,0,4,0,0,1,0,0,1,6,0,10KS0341NDEG120051 ,KV ,872 ,PHD ,0341 ,Geography ,  ,  ,17,8,9,0,4,0,0,0,0,12,1,4,13,10KS0341PHD120051 ,KV ,927 ,BA ,0296 ,Teaching of German ,  ,  ,1,0,1,0,1,0,0,0,0,0,0,1,0,10KV0296BA120051 ,KV ,927 ,BALAS ,0412 ,Germanic Lang & Lit ,  ,  ,14,8,6,0,12,0,2,0,0,0,0,13,1,10KV0412BALA120051 ,KV ,927 ,BALAS ,0412 ,Germanic Lang & Lit ,3887 ,German and Commercial Studies ,1,0,1,0,1,0,0,0,0,0,0,1,0,10KV3887BALA120051 ,KV ,927 ,BALAS ,0412 ,Germanic Lang & Lit ,3888 ,Language and Literature ,1,0,1,0,1,0,0,0,0,0,0,0,1,10KV3888BALA120051 ,KV ,927 ,BALAS ,0412 ,Germanic Lang & Lit ,3889 ,Language Studies ,1,0,1,0,1,0,0,0,0,0,0,1,0,10KV3889BALA120051 ,KV ,927 ,BALAS ,0412 ,Germanic Lang & Lit ,3890 ,Modern German Studies ,1,0,1,0,1,0,0,0,0,0,0,1,0,10KV3890BALA120051 ,KV ,927 ,MA ,0303 ,German ,  ,  ,10,4,6,0,7,0,0,0,0,2,1,1,9,10KS0303MA120051 ,KV ,927 ,NDEG ,0303 ,German ,  ,  ,1,0,1,0,0,0,0,0,0,1,0,0,1,10KS0303NDEG120051 ,KV ,927 ,PHD ,0303 ,German ,  ,  ,9,4,5,0,6,0,0,0,0,3,0,2,7,10KS0303PHD120051 ,KV ,948 ,BSLAS ,0322 ,Microbiology ,  ,  ,8,4,4,0,4,1,2,0,0,0,1,7,1,10KV0322BSLA120051 ,KV ,948 ,BSLAS ,0322 ,Microbiology ,  ,  ,1,1,0,0,0,0,0,1,0,0,0,1,0,10KV8037BSLA120051 ,KV ,948 ,MS ,0322 ,Microbiology ,  ,  ,2,1,1,0,2,0,0,0,0,0,0,2,0,10KS0322MS120051 ,KV ,948 ,NDEG ,0322 ,Microbiology ,  ,  ,1,0,1,0,1,0,0,0,0,0,0,1,0,10KS0322NDEG120051 ,KV ,948 ,PHD ,0322 ,Microbiology ,  ,  ,62,24,38,0,30,6,2,3,0,21,0,8,54,10KS0322PHD120051 ,KV ,958 ,BALAS ,0411 ,Russian Lang & Literature ,  ,  ,2,1,1,0,1,0,0,1,0,0,0,2,0,10KV0411BALA120051 ,KV ,958 ,MA ,0302 ,Slavic Languages & Literature ,  ,  ,1,0,1,0,1,0,0,0,0,0,0,0,1,10KS0302MA120051 ,KV ,958 ,PHD ,0302 ,Slavic Languages & Literature ,  ,  ,1,1,0,0,0,0,0,0,0,1,0,0,1,10KS0302PHD120051 ,KV ,985 ,BA ,0295 ,Teaching of French ,  ,  ,6,1,5,0,5,1,0,0,0,0,0,6,0,10KV0295BA120051 ,KV ,985 ,BALAS ,0304 ,French ,  ,  ,55,16,39,0,38,2,3,10,0,2,0,49,6,10KV0304BALA120051 ,KV ,985 ,BALAS ,0304 ,French ,3875 ,French Commercial Studies ,3,1,2,0,3,0,0,0,0,0,0,3,0,10KV3875BALA120051 ,KV ,985 ,BALAS ,0304 ,French ,3876 ,French Studies ,1,0,1,0,1,0,0,0,0,0,0,1,0,10KV3876BALA120051 ,KV ,985 ,MA ,0304 ,French ,  ,  ,15,4,11,0,10,0,0,0,0,4,1,5,10,10KS0304MA120051 ,KV ,985 ,NDEG ,0304 ,French ,  ,  ,4,2,2,0,0,0,0,0,0,4,0,0,4,10KS0304NDEG120051 ,KV ,985 ,PHD ,0304 ,French ,  ,  ,13,2,11,0,6,0,0,0,0,7,0,3,10,10KS0304PHD120051 ,KV ,  ,  ,  ,Liberal Arts & Sci ,  ,***College total*** ,15823,7610,8201,12,9686,1867,1312,1182,55,1478,243,12678,3145,  ,,,,,,,,,,,,,,,,,,,,, ,,,,,,,,,,,,,,,,,,,,,120051 ,KY ,  ,  ,  ,Applied Life Studies ,  ,  ,  ,  ,  ,  ,  ,  ,  ,  ,  ,  ,  ,  ,  , 120051 ,KY ,581 ,BS ,0351 ,Kinesiology ,  ,  ,443,149,294,0,367,19,25,21,0,9,2,398,45,10KY0351BS120051 ,KY ,581 ,BS ,0351 ,Kinesiology ,0476 ,"Teacher Ed - K-12, 6-12 ",40,24,16,0,34,2,1,1,1,1,0,38,2,10KY0476BS120051 ,KY ,581 ,BS ,0351 ,Kinesiology ,0494 ,Athletic Training ,32,9,23,0,29,1,1,1,0,0,0,32,0,10KY0494BS120051 ,KY ,581 ,MS ,0351 ,Kinesiology ,  ,  ,29,9,20,0,25,1,0,1,0,2,0,13,16,10KS0351MS120051 ,KY ,581 ,PHD ,0351 ,Kinesiology ,  ,  ,26,11,15,0,14,1,1,0,0,10,0,10,16,10KS0351PHD120051 ,KY ,679 ,AUD ,1053 ,Audiology ,  ,  ,2,0,2,0,2,0,0,0,0,0,0,1,1,10KS1053AUD120051 ,KY ,679 ,BS ,0354 ,Speech & Hearing Science ,  ,  ,225,7,218,0,202,7,3,11,0,1,1,223,2,10KY0354BS120051 ,KY ,679 ,MA ,0354 ,Speech & Hearing Science ,  ,  ,40,2,38,0,28,4,4,2,0,2,0,32,8,10KS0354MA120051 ,KY ,679 ,PHD ,0354 ,Speech & Hearing Science ,  ,  ,24,2,22,0,10,0,3,0,0,10,1,10,14,10KS0354PHD120051 ,KY ,682 ,NDEG ,0067 ,Nondegree ,  ,  ,4,1,3,0,3,0,0,0,0,1,0,3,1,10KY0067NDEG120051 ,KY ,714 ,BS ,0353 ,Leisure Studies ,  ,  ,160,109,51,0,131,4,14,7,0,1,3,144,16,10KY0353BS120051 ,KY ,714 ,BS ,0353 ,Leisure Studies ,0468 ,Recreation Management ,28,10,18,0,22,0,4,1,1,0,0,27,1,10KY0468BS120051 ,KY ,714 ,BS ,0353 ,Leisure Studies ,0469 ,Tourism Management ,31,5,26,0,24,0,1,6,0,0,0,28,3,10KY0469BS120051 ,KY ,714 ,BS ,0353 ,Leisure Studies ,0470 ,Park & Natural Resource Mgmt ,3,1,2,0,3,0,0,0,0,0,0,3,0,10KY0470BS120051 ,KY ,714 ,BS ,0353 ,Leisure Studies ,0471 ,Sports Management ,159,117,42,0,118,1,33,5,0,2,0,145,14,10KY0471BS120051 ,KY ,714 ,MS ,0353 ,Leisure Studies ,  ,  ,26,12,14,0,13,3,2,0,0,8,0,13,13,10KS0353MS120051 ,KY ,714 ,MS ,4043 ,"Recreation, Sport, and Tourism ",  ,  ,3,2,1,0,3,0,0,0,0,0,0,3,0,10KS4043MS120051 ,KY ,714 ,PHD ,0353 ,Leisure Studies ,  ,  ,23,12,11,0,9,0,2,1,0,11,0,10,13,10KS0353PHD120051 ,KY ,963 ,BS ,0349 ,Community Health ,  ,  ,128,29,99,0,83,10,19,10,2,2,2,122,6,10KY0349BS120051 ,KY ,963 ,BS ,0349 ,Community Health ,0473 ,Health Education ,63,5,58,0,19,4,30,9,1,0,0,61,2,10KY0473BS120051 ,KY ,963 ,BS ,0349 ,Community Health ,0474 ,Health Planning & Admin ,170,40,130,0,76,14,66,13,1,0,0,165,5,10KY0474BS120051 ,KY ,963 ,BS ,0349 ,Community Health ,0495 ,Rehab & Disability Studies ,27,4,23,0,14,1,9,3,0,0,0,27,0,10KY0495BS120051 ,KY ,963 ,MS ,0348 ,Community Health ,  ,  ,5,0,5,0,2,0,2,0,0,1,0,3,2,10KS0348MS120051 ,KY ,963 ,MS ,0349 ,Community Health ,  ,  ,5,1,4,0,4,1,0,0,0,0,0,4,1,10KS0349MS120051 ,KY ,963 ,MS ,0350 ,Rehabilitation ,  ,  ,6,0,6,0,5,0,0,0,0,1,0,5,1,10KS0350MS120051 ,KY ,963 ,MSPH ,0348 ,Community Health ,  ,  ,5,1,4,0,3,0,2,0,0,0,0,5,0,10KS0348MSPH120051 ,KY ,963 ,PHD ,0348 ,Community Health ,  ,  ,6,3,3,0,4,0,1,1,0,0,0,3,3,10KS0348PHD120051 ,KY ,963 ,PHD ,0349 ,Community Health ,  ,  ,5,3,2,0,3,1,0,1,0,0,0,2,3,10KS0349PHD120051 ,KY ,  ,  ,  ,Applied Life Studies ,  ,***College total*** ,1718,568,1150,0,1250,74,223,94,6,62,9,1530,188,  ,,,,,,,,,,,,,,,,,,,,, ,,,,,,,,,,,,,,,,,,,,,120051 ,LC ,  ,  ,  ,Veterinary Medicine ,  ,  ,  ,  ,  ,  ,  ,  ,  ,  ,  ,  ,  ,  ,  , 120051 ,LC ,282 ,MS ,0361 ,VMS - Veterinary Pathobiology ,  ,  ,4,2,2,0,1,1,0,0,0,2,0,1,3,10KS0361MS120051 ,LC ,282 ,NDEG ,0361 ,VMS - Veterinary Pathobiology ,  ,  ,2,0,2,0,2,0,0,0,0,0,0,0,2,10KS0361NDEG120051 ,LC ,282 ,PHD ,0361 ,VMS - Veterinary Pathobiology ,  ,  ,17,5,12,0,6,0,1,3,0,7,0,3,14,10KS0361PHD120051 ,LC ,444 ,DVM ,0480 ,Veterinary Medicine ,  ,  ,399,90,309,0,344,15,2,6,0,2,30,352,47,10LC0480DVM120051 ,LC ,598 ,MS ,0359 ,VMS-Veterinary Clinical Medcne ,  ,  ,22,15,7,0,13,1,0,0,0,8,0,6,16,10KS0359MS120051 ,LC ,598 ,PHD ,0359 ,VMS-Veterinary Clinical Medcne ,  ,  ,3,2,1,0,1,0,0,0,0,2,0,1,2,10KS0359PHD120051 ,LC ,873 ,MS ,0357 ,VMS - Veterinary Biosciences ,  ,  ,8,3,5,0,6,0,0,0,0,2,0,3,5,10KS0357MS120051 ,LC ,873 ,NDEG ,0357 ,VMS - Veterinary Biosciences ,  ,  ,1,0,1,0,1,0,0,0,0,0,0,1,0,10KS0357NDEG120051 ,LC ,873 ,PHD ,0357 ,VMS - Veterinary Biosciences ,  ,  ,7,2,5,0,1,0,2,0,0,4,0,2,5,10KS0357PHD120051 ,LC ,  ,  ,  ,Veterinary Medicine ,  ,***College total*** ,463,119,344,0,375,17,5,9,0,27,30,369,94,  ,,,,,,,,,,,,,,,,,,,,, ,,,,,,,,,,,,,,,,,,,,,120051 ,LE ,  ,  ,  ,Institute of Aviation ,  ,  ,  ,  ,  ,  ,  ,  ,  ,  ,  ,  ,  ,  ,  , 120051 ,LE ,707 ,AVIPC ,0487 ,Professional Pilot ,  ,  ,5,5,0,0,5,0,0,0,0,0,0,5,0,10LE0487AVIP120051 ,LE ,707 ,BS ,0489 ,Aviation Human Factors ,  ,  ,191,179,12,0,173,5,3,8,0,1,1,177,14,10LE0489BS120051 ,LE ,707 ,CERT ,0487 ,Professional Pilot ,  ,  ,38,35,3,0,28,5,2,2,0,0,1,36,2,10LE0487CERT120051 ,LE ,707 ,MS ,3530 ,Human Factors ,  ,  ,5,3,2,0,3,1,0,0,0,1,0,3,2,10KS3530MS120051 ,LE ,707 ,NDEG ,0067 ,Nondegree ,  ,  ,1,1,0,0,1,0,0,0,0,0,0,1,0,10LE0067NDEG120051 ,LE ,  ,  ,  ,Institute of Aviation ,  ,***College total*** ,240,223,17,0,210,11,5,10,0,2,2,222,18,  ,,,,,,,,,,,,,,,,,,,,, ,,,,,,,,,,,,,,,,,,,,,120051 ,LG ,  ,  ,  ,Labor & Industrial Relns ,  ,  ,  ,  ,  ,  ,  ,  ,  ,  ,  ,  ,  ,  ,  , 120051 ,LG ,568 ,MHRIR ,0364 ,Human Res & Industrial Rels ,  ,  ,101,46,55,0,71,8,8,2,0,10,2,70,31,10KS0364MHRI120051 ,LG ,568 ,PHD ,0364 ,Human Res & Industrial Rels ,  ,  ,14,3,11,0,3,0,0,1,0,10,0,1,13,10KS0364PHD120051 ,LG ,  ,  ,  ,Labor & Industrial Relns ,  ,***College total*** ,115,49,66,0,74,8,8,3,0,20,2,71,44,  ,,,,,,,,,,,,,,,,,,,,, ,,,,,,,,,,,,,,,,,,,,,120051 ,LL ,  ,  ,  ,School of Social Work ,  ,  ,  ,  ,  ,  ,  ,  ,  ,  ,  ,  ,  ,  ,  , 120051 ,LL ,783 ,MSW ,0365 ,Social Work ,  ,  ,214,21,193,0,171,1,29,7,1,1,4,199,15,10KS0365MSW120051 ,LL ,783 ,MSW ,0365 ,Social Work ,  ,  ,1,0,1,0,1,0,0,0,0,0,0,1,0,10KS0365MSWX120051 ,LL ,783 ,PHD ,0365 ,Social Work ,  ,  ,23,4,19,0,9,0,2,3,0,9,0,9,14,10KS0365PHD120051 ,LL ,  ,  ,  ,School of Social Work ,  ,***College total*** ,238,25,213,0,181,1,31,10,1,10,4,209,29,  ,,,,,,,,,,,,,,,,,,,,, ,,,,,,,,,,,,,,,,,,,,,120051 ,LN ,  ,  ,  ,Continuing Education ,  ,  ,  ,  ,  ,  ,  ,  ,  ,  ,  ,  ,  ,  ,  , 120051 ,LN ,641 ,NDEG ,1249 ,Nondegree-CE ,  ,  ,67,18,49,0,45,9,5,2,1,0,5,9,58,10LN1249NDEJ120051 ,LN ,641 ,NDEG ,1249 ,Nondegree-CE ,  ,  ,3,1,2,0,2,0,0,1,0,0,0,1,2,10LN1249NDEX120051 ,LN ,  ,  ,  ,Continuing Education ,  ,***College total*** ,70,19,51,0,47,9,5,3,1,0,5,10,60,  ,,,,,,,,,,,,,,,,,,,,, ,,,,,,,,,,,,,,,,,,,,,120051 ,LP ,  ,  ,  ,Library & Info Sci ,  ,  ,  ,  ,  ,  ,  ,  ,  ,  ,  ,  ,  ,  ,  , 120051 ,LP ,992 ,CAS ,0370 ,Library & Information Science ,  ,  ,5,1,4,0,5,0,0,0,0,0,0,5,0,10KS0370CAS120051 ,LP ,992 ,CAS ,0370 ,Library & Information Science ,  ,  ,1,0,1,0,1,0,0,0,0,0,0,0,1,10KS0370CASU120051 ,LP ,992 ,MS ,0370 ,Library & Information Science ,  ,  ,171,58,113,0,125,11,7,10,0,15,3,131,40,10KS0370MS120051 ,LP ,992 ,MS ,0370 ,Library & Information Science ,  ,  ,3,0,3,0,3,0,0,0,0,0,0,3,0,10KS0370MSU120051 ,LP ,992 ,MS ,0370 ,Library & Information Science ,0372 ,Library & Info Sci - MS/F ,6,1,5,0,5,1,0,0,0,0,0,5,1,10KS0372MS120051 ,LP ,992 ,MS ,0370 ,Library & Information Science ,0376 ,Library & Info Sci - Media ,12,1,11,0,9,1,1,1,0,0,0,10,2,10KS0376MS120051 ,LP ,992 ,PHD ,0370 ,Library & Information Science ,  ,  ,42,14,28,0,18,1,2,1,0,20,0,11,31,10KS0370PHD120051 ,LP ,  ,  ,  ,Library & Info Sci ,  ,***College total*** ,240,75,165,0,166,14,10,12,0,35,3,165,75,  ,,,,,,,,,,,,,,,,,,,,, ,,,,,,,,,,,,,,,,,,,,,