"UIUC On-Campus Student Enrollment by Curriculum, Sex, Race/Ethnicity, and Residency",,,,,,,,,,,,,,,,,,,,,,,,,SPRING 2014,,,,,,,,"PUBLICATION DATE:  FEBRUARY 20, 2014",,,,,,,,,,* This section uses the new Federal IPEDS guidelines for reporting racial and ethnic data. ,,,,,,,Division of Management Information,,,,,,*** This report is derived from the Registration Census 10-day student statistics.  Any Codebook changes made after ,,,,,,,,,,,,"   For more information on these guidelines, see  ",,,,http://www.vpaa.uillinois.edu/RaceEthnicity/index.cfm,,,,,,,,,the tenth day of class will not be reflected.  Students obtaining a second bachelor's degree are no longer counted separately.,,,,,,,,,,,,,,,All students including multiracial and Hispanic,,,,Term/Year Code,Coll,Dept,Degree,Major code,Major Name,Conc code,Concentration Name (if any),Total,By Gender,,,By Self-reported Race/Ethnicity (NEW*),,,,,,,,,,,By Residency,,Academic Program Code,,,,,,,,,Men,Women,Unknown,Caucasian,Asian American,African American,Hispanic,Native American,Hawaiian/Pacific Isl,Multiracial,International,Unknown,All   African American,All    Native American,Illinois,Non-Illinois,,,,,,,,,,,,,,,,,,,,,,,,,,120141 , , , , ,***Campus total*** , , ,41505,22886,18609,10,20854,5367,2059,3014,31,53,922,8850,355,2433,320,27211,14294,120141 , , , , ,Undergraduate , , ,30912,17267,13639,6,16319,4654,1662,2540,15,46,777,4734,165,1957,232,23655,7257,120141 , , , , ,Graduate , , ,9577,5239,4335,3,3873,647,346,400,15,6,130,4076,84,417,77,2853,6724,120141 , , , , ,Professional , , ,1016,380,635,1,662,66,51,74,1,1,15,40,106,59,11,703,313,,,,,,,,,,,,,,,,,,,,,,,,,,120141 ,KL ,  ,  ,  ,"Agr, Cons, Env Sci ",  ,  ,  ,  ,  ,  ,  ,  ,  ,  ,  ,  ,  ,  ,  ,  ,  ,  ,  , 120141 ,KL ,306 ,MS ,5186 ,Bioenergy ,5166 ,Professional Science Masters ,8,6,2,0,2,0,0,1,0,0,0,5,0,0,0,2,6,1PKS5186MS120141 ,KL ,306 ,MS ,5188 ,Agricultural Production ,5166 ,Professional Science Masters ,3,1,2,0,2,1,0,0,0,0,0,0,0,0,0,3,0,1PKS5188MS120141 ,KL ,342 ,BS ,5318 ,Agric Leadership & Sci Educ ,5319 ,Agricultural Science Education ,25,9,16,0,24,0,0,1,0,0,0,0,0,0,0,25,0,10KL5319BS120141 ,KL ,342 ,BS ,5318 ,Agric Leadership & Sci Educ ,5320 ,Agricultural Leadership Educ ,32,17,15,0,24,0,7,0,0,0,0,1,0,7,0,28,4,10KL5320BS120141 ,KL ,470 ,BS ,0176 ,Agr & Consumer Economics ,5003 ,Agri-Accounting ,81,48,33,0,49,13,5,3,0,0,1,10,0,6,0,66,15,10KL5003BS120141 ,KL ,470 ,BS ,0176 ,Agr & Consumer Economics ,5004 ,Agri-Finance ,1,0,1,0,0,0,0,0,0,0,0,1,0,0,0,0,1,10KL5004BS120141 ,KL ,470 ,BS ,0176 ,Agr & Consumer Economics ,5005 ,Farm Management ,25,22,3,0,25,0,0,0,0,0,0,0,0,0,0,25,0,10KL5005BS120141 ,KL ,470 ,BS ,0176 ,Agr & Consumer Economics ,5006 ,Agribusiness Markets & Mgmt ,155,112,43,0,129,10,1,3,0,0,2,8,2,1,1,138,17,10KL5006BS120141 ,KL ,470 ,BS ,0176 ,Agr & Consumer Economics ,5007 ,Consumer Economics & Finance ,118,88,30,0,83,11,3,4,0,0,2,15,0,3,2,97,21,10KL5007BS120141 ,KL ,470 ,BS ,0176 ,Agr & Consumer Economics ,5008 ,Envirnmntal Economics & Policy ,32,21,11,0,25,1,0,1,0,0,0,5,0,0,0,26,6,10KL5008BS120141 ,KL ,470 ,BS ,0176 ,Agr & Consumer Economics ,5010 ,"Policy, Intl Trade, & Dvlpmt ",53,31,22,0,28,5,1,7,0,0,2,9,1,2,1,40,13,10KL5010BS120141 ,KL ,470 ,BS ,0176 ,Agr & Consumer Economics ,5011 ,Public Policy and Law ,58,24,34,0,31,5,10,9,0,0,0,3,0,10,0,50,8,10KL5011BS120141 ,KL ,470 ,BS ,0176 ,Agr & Consumer Economics ,5011 ,Public Policy and Law ,1,0,1,0,1,0,0,0,0,0,0,0,0,0,0,1,0,10KL8037BS120141 ,KL ,470 ,BS ,0176 ,Agr & Consumer Economics ,5136 ,Financial Planning ,89,60,29,0,57,10,1,6,0,0,1,14,0,1,1,71,18,10KL5136BS120141 ,KL ,470 ,BS ,0176 ,Agr & Consumer Economics ,5316 ,Finance in Agri-Business ,76,53,23,0,59,4,2,2,0,0,3,5,1,2,0,68,8,10KL5316BS120141 ,KL ,470 ,MS ,0176 ,Agr & Consumer Economics ,  ,  ,1,1,0,0,0,0,0,0,0,0,0,1,0,0,0,0,1,10KS0176MS120141 ,KL ,470 ,MS ,5273 ,Agricultural & Applied Econ ,  ,  ,24,13,11,0,12,0,0,2,0,0,0,10,0,1,1,11,13,10KS5273MS120141 ,KL ,470 ,PHD ,0176 ,Agr & Consumer Economics ,  ,  ,2,1,1,0,0,0,0,0,0,0,0,2,0,0,0,0,2,10KS0176PHD120141 ,KL ,470 ,PHD ,5273 ,Agricultural & Applied Econ ,  ,  ,33,18,15,0,3,1,0,0,0,0,0,29,0,0,0,0,33,10KS5273PHD120141 ,KL ,483 ,NDEG ,0067 ,Nondegree ,  ,  ,107,56,51,0,71,1,0,2,0,0,0,32,1,0,1,73,34,10KL0067NDEG120141 ,KL ,538 ,BS ,0002 ,Animal Sciences ,  ,  ,5,2,3,0,3,1,0,1,0,0,0,0,0,0,0,4,1,10KL0002BS120141 ,KL ,538 ,BS ,0002 ,Animal Sciences ,0008 ,"Science, Biotech & Pre-VetMed ",1,0,1,0,0,0,0,1,0,0,0,0,0,0,0,1,0,10KL0008BS120141 ,KL ,538 ,BS ,0002 ,Animal Sciences ,5267 ,Technology and Management ,33,14,19,0,26,0,3,2,0,0,1,1,0,3,0,32,1,10KL0002BS120141 ,KL ,538 ,BS ,0002 ,Animal Sciences ,5268 ,Companion Animal & Equine Sci ,66,9,57,0,49,1,4,6,0,0,5,1,0,5,2,64,2,10KL0002BS120141 ,KL ,538 ,BS ,0002 ,Animal Sciences ,5269 ,"Science, Pre-Vet Med and Med ",422,68,354,0,288,33,17,63,0,0,15,4,2,25,5,392,30,10KL0002BS120141 ,KL ,538 ,MS ,0002 ,Animal Sciences ,  ,  ,44,16,28,0,33,2,0,6,0,0,0,3,0,1,0,26,18,10KS0002MS120141 ,KL ,538 ,MS ,4026 ,Bioinformatics ,  ,  ,1,0,1,0,1,0,0,0,0,0,0,0,0,0,0,0,1,10KS5099MS120141 ,KL ,538 ,PHD ,0002 ,Animal Sciences ,  ,  ,40,26,14,0,19,1,0,3,0,0,0,17,0,0,0,10,30,10KS0002PHD120141 ,KL ,698 ,BS ,0037 ,Food Science & Human Nutrition ,0038 ,Food Science ,127,34,93,0,53,22,14,12,0,1,3,22,0,17,2,100,27,10KL0038BS120141 ,KL ,698 ,BS ,0037 ,Food Science & Human Nutrition ,0039 ,Food Industry and Business ,6,2,4,0,5,0,0,1,0,0,0,0,0,0,0,6,0,10KL0039BS120141 ,KL ,698 ,BS ,0037 ,Food Science & Human Nutrition ,0040 ,Human Nutrition ,116,18,98,0,67,27,7,10,0,0,0,5,0,8,0,105,11,10KL0040BS120141 ,KL ,698 ,BS ,0037 ,Food Science & Human Nutrition ,0041 ,Dietetics ,85,4,81,0,65,10,1,6,0,0,2,1,0,2,1,80,5,10KL0041BS120141 ,KL ,698 ,BS ,0037 ,Food Science & Human Nutrition ,0042 ,Hospitality Management ,72,28,44,0,46,8,1,6,0,0,5,6,0,5,3,63,9,10KL0042BS120141 ,KL ,698 ,MS ,0037 ,Food Science & Human Nutrition ,  ,  ,1,0,1,0,0,0,0,0,0,0,0,1,0,0,0,0,1,10KS0037MS120141 ,KL ,698 ,MS ,0037 ,Food Science & Human Nutrition ,0038 ,Food Science ,22,5,17,0,6,0,1,0,0,0,0,15,0,1,0,2,20,10KS0037MS120141 ,KL ,698 ,MS ,0037 ,Food Science & Human Nutrition ,0040 ,Human Nutrition ,9,0,9,0,1,0,0,0,0,0,0,8,0,0,0,0,9,10KS0037MS120141 ,KL ,698 ,MS ,0037 ,Food Science & Human Nutrition ,5166 ,Professional Science Masters ,13,2,11,0,2,4,0,0,0,0,0,7,0,0,0,7,6,1PKS0037MS120141 ,KL ,698 ,PHD ,0037 ,Food Science & Human Nutrition ,  ,  ,13,3,10,0,7,2,1,0,0,0,0,3,0,1,0,5,8,10KS0037PHD120141 ,KL ,698 ,PHD ,0037 ,Food Science & Human Nutrition ,0038 ,Food Science ,29,13,16,0,10,1,0,0,0,0,0,18,0,0,0,5,24,10KS0037PHD120141 ,KL ,698 ,PHD ,0037 ,Food Science & Human Nutrition ,0040 ,Human Nutrition ,12,4,8,0,2,2,0,0,0,0,0,8,0,0,0,2,10,10KS0037PHD120141 ,KL ,741 ,BS ,0025 ,Technical Systems Management ,  ,  ,215,196,19,0,140,27,10,18,1,1,6,12,0,11,2,188,27,10KL0025BS120141 ,KL ,741 ,BSAG ,0029 ,Agr Engineering & Agr Science ,  ,  ,1,1,0,0,0,0,0,1,0,0,0,0,0,1,0,1,0,10KL0029BSAG120141 ,KL ,741 ,BSAG ,5163 ,Agricultural & Biological Engr ,  ,  ,72,47,25,0,37,11,5,7,0,0,2,9,1,5,0,44,28,10KL5163BSAG120141 ,KL ,741 ,MS ,0025 ,Technical Systems Management ,  ,  ,6,6,0,0,3,0,0,2,0,0,0,1,0,0,0,4,2,10KS0025MS120141 ,KL ,741 ,MS ,0025 ,Technical Systems Management ,5166 ,Professional Science Masters ,2,2,0,0,0,0,1,0,0,0,0,1,0,1,0,1,1,1PKS0025MS120141 ,KL ,793 ,BS ,0043 ,Agr & Environmental Cmc & Educ ,5033 ,"Agr, Cons, Env Sci Communictn ",8,1,7,0,7,0,1,0,0,0,0,0,0,1,0,8,0,10KL5033BS120141 ,KL ,793 ,BS ,0048 ,Human Development & Family St ,0049 ,Child and Adolescent Dev ,163,15,148,0,100,12,23,18,0,1,6,2,1,30,5,154,9,10KL0049BS120141 ,KL ,793 ,BS ,0048 ,Human Development & Family St ,0050 ,Family Studies ,61,8,53,0,37,6,5,11,0,0,1,1,0,6,2,60,1,10KL0050BS120141 ,KL ,793 ,MS ,0181 ,Agricultural Education ,  ,  ,8,1,7,0,7,0,0,0,0,0,0,0,1,0,0,7,1,10KS0181MS120141 ,KL ,793 ,MS ,0181 ,Agricultural Education ,  ,  ,1,0,1,0,1,0,0,0,0,0,0,0,0,0,0,1,0,10KS0181MSU120141 ,KL ,793 ,NONE ,0048 ,Human Development & Family St ,  ,  ,1,0,1,0,1,0,0,0,0,0,0,0,0,0,0,1,0,10KL0048NONE120141 ,KL ,793 ,PHD ,0183 ,Human & Community Development ,  ,  ,12,4,8,0,5,1,2,3,0,0,1,0,0,3,0,4,8,10KS0183PHD120141 ,KL ,793 ,PHD ,0183 ,Human & Community Development ,5126 ,Human Development & Family St ,12,4,8,0,7,2,0,1,0,0,0,2,0,0,0,3,9,10KS0183PHD120141 ,KL ,802 ,BS ,0030 ,Crop Sciences ,0031 ,Agroecology ,4,2,2,0,2,0,0,1,0,0,0,1,0,0,0,3,1,10KL0031BS120141 ,KL ,802 ,BS ,0030 ,Crop Sciences ,0033 ,Crops ,25,18,7,0,24,0,1,0,0,0,0,0,0,1,0,25,0,10KL0033BS120141 ,KL ,802 ,BS ,0030 ,Crop Sciences ,0034 ,Crop Agribusiness ,43,34,9,0,41,0,0,0,0,0,1,1,0,1,0,42,1,10KL0034BS120141 ,KL ,802 ,BS ,0030 ,Crop Sciences ,0035 ,Plant Biotech & Molecular Bio ,52,35,17,0,40,1,2,1,0,0,1,7,0,2,0,41,11,10KL0035BS120141 ,KL ,802 ,BS ,0030 ,Crop Sciences ,0036 ,Biological Sciences ,5,4,1,0,2,1,0,1,0,0,1,0,0,0,0,4,1,10KL0036BS120141 ,KL ,802 ,BS ,0030 ,Crop Sciences ,5123 ,Integrated Pest Management ,2,1,1,0,2,0,0,0,0,0,0,0,0,0,0,2,0,10KL5123BS120141 ,KL ,802 ,BS ,0063 ,Horticulture ,0065 ,Production and Management ,1,0,1,0,1,0,0,0,0,0,0,0,0,0,0,1,0,10KL0063BS120141 ,KL ,802 ,BS ,0063 ,Horticulture ,5300 ,Sustainable Landscapes ,4,2,2,0,3,0,0,0,0,0,0,1,0,0,0,3,1,10KL0063BS120141 ,KL ,802 ,BS ,0063 ,Horticulture ,5301 ,Specialty Crops ,23,8,15,0,14,4,0,4,0,0,1,0,0,0,0,21,2,10KL0063BS120141 ,KL ,802 ,MS ,0030 ,Crop Sciences ,  ,  ,42,20,22,0,24,1,1,2,1,0,2,11,0,1,1,24,18,10KS0030MS120141 ,KL ,802 ,MS ,0030 ,Crop Sciences ,  ,  ,1,1,0,0,0,0,0,1,0,0,0,0,0,0,0,0,1,10KS0030MSU120141 ,KL ,802 ,MS ,4026 ,Bioinformatics ,5100 ,Crop Science ,4,2,2,0,0,2,0,0,0,0,0,2,0,0,0,1,3,10KS5100MS120141 ,KL ,802 ,NONE ,0030 ,Crop Sciences ,  ,  ,2,2,0,0,2,0,0,0,0,0,0,0,0,0,0,2,0,10KL0030NONE120141 ,KL ,802 ,NONE ,0030 ,Crop Sciences ,0034 ,Crop Agribusiness ,1,1,0,0,1,0,0,0,0,0,0,0,0,0,0,1,0,10KL0030NONE120141 ,KL ,802 ,PHD ,0030 ,Crop Sciences ,  ,  ,64,44,20,0,33,2,0,1,0,0,0,27,1,0,0,22,42,10KS0030PHD120141 ,KL ,875 ,BS ,0051 ,Natural Resrcs & Environ Sci ,  ,  ,4,2,2,0,3,0,0,1,0,0,0,0,0,0,0,4,0,10KL0051BS120141 ,KL ,875 ,BS ,0051 ,Natural Resrcs & Environ Sci ,0057 ,Fish and Wildlife Conservation ,45,24,21,0,37,2,1,2,0,0,2,0,1,1,0,43,2,10KL0051BS120141 ,KL ,875 ,BS ,0051 ,Natural Resrcs & Environ Sci ,0057 ,Fish and Wildlife Conservation ,9,7,2,0,8,0,0,0,0,0,0,1,0,0,0,7,2,10KL0057BS120141 ,KL ,875 ,BS ,0051 ,Natural Resrcs & Environ Sci ,3871 ,Human Dimensions ,1,1,0,0,1,0,0,0,0,0,0,0,0,0,0,1,0,10KL3871BS120141 ,KL ,875 ,BS ,0051 ,Natural Resrcs & Environ Sci ,3872 ,Resource Ecology ,1,0,1,0,1,0,0,0,0,0,0,0,0,0,0,1,0,10KL3872BS120141 ,KL ,875 ,BS ,0051 ,Natural Resrcs & Environ Sci ,5239 ,Humn Dimnsns of the Environmnt ,76,35,41,0,49,5,3,8,0,0,1,10,0,3,1,64,12,10KL0051BS120141 ,KL ,875 ,BS ,0051 ,Natural Resrcs & Environ Sci ,5240 ,Resrce Cons & Restoration Ecol ,67,38,29,0,46,1,1,2,0,0,4,13,0,1,2,51,16,10KL0051BS120141 ,KL ,875 ,BS ,0051 ,Natural Resrcs & Environ Sci ,5241 ,Globl Chg & Landscape Dynamics ,19,9,10,0,11,1,0,2,0,0,0,5,0,1,0,13,6,10KL0051BS120141 ,KL ,875 ,MS ,0190 ,Natural Res & Env Sciences ,  ,  ,45,28,17,0,38,0,2,1,0,0,1,3,0,2,1,18,27,10KS0190MS120141 ,KL ,875 ,MS ,0190 ,Natural Res & Env Sciences ,  ,  ,1,0,1,0,1,0,0,0,0,0,0,0,0,0,0,1,0,10KS0190MSU120141 ,KL ,875 ,PHD ,0190 ,Natural Res & Env Sciences ,  ,  ,27,22,5,0,21,0,0,1,0,0,0,5,0,0,0,11,16,10KS0190PHD120141 ,KL ,971 ,MS ,0191 ,Nutritional Sciences ,  ,  ,11,2,9,0,5,2,0,2,0,0,1,1,0,0,0,6,5,10KS0191MS120141 ,KL ,971 ,PHD ,0191 ,Nutritional Sciences ,  ,  ,30,12,18,0,19,4,0,2,0,0,0,5,0,1,0,10,20,10KS0191PHD120141 ,KL ,  ,  ,  ,"Agr, Cons, Env Sci ",  ,***College total*** ,3212,1468,1744,0,2082,261,137,251,2,3,73,391,12,173,34,2526,686,  ,,,,,,,,,,,,,,,,,,,,,,,,, ,,,,,,,,,,,,,,,,,,,,,,,,,120141 ,KM ,  ,  ,  ,Business ,  ,  ,  ,  ,  ,  ,  ,  ,  ,  ,  ,  ,  ,  ,  ,  ,  ,  ,  , 120141 ,KM ,230 ,MBA ,9875 ,Business Administration (MBA) ,  ,  ,3,1,2,0,3,0,0,0,0,0,0,0,0,0,0,3,0,10KS4064MBA120141 ,KM ,230 ,MBA ,9875 ,Business Administration (MBA) ,  ,  ,184,128,56,0,67,17,11,2,0,0,2,84,1,11,0,74,110,10KS9875MBA120141 ,KM ,230 ,MBA ,9875 ,Business Administration (MBA) ,4064 ,MBA ,150,105,45,0,93,14,21,3,0,0,0,17,2,21,0,140,10,10KS4064MBA120141 ,KM ,230 ,MBA ,9875 ,Business Administration (MBA) ,4064 ,MBA ,1,1,0,0,0,0,1,0,0,0,0,0,0,1,0,1,0,10KS9875MBA120141 ,KM ,260 ,BS ,0075 ,Finance ,  ,  ,462,323,139,0,274,61,12,26,0,2,8,77,2,15,2,357,105,10KM0075BS120141 ,KM ,260 ,MS ,0075 ,Finance ,  ,  ,1,1,0,0,1,0,0,0,0,0,0,0,0,0,0,0,1,10KS0075MS120141 ,KM ,260 ,MS ,0075 ,Finance ,  ,  ,116,58,58,0,6,3,0,0,0,0,0,107,0,0,0,5,111,10KS0075MSK120141 ,KM ,260 ,NDEG ,0075 ,Finance ,  ,  ,8,7,1,0,0,0,0,0,0,0,0,8,0,0,0,0,8,10KS0075NDEG120141 ,KM ,260 ,PHD ,0075 ,Finance ,  ,  ,21,14,7,0,0,2,0,0,0,0,0,19,0,0,0,1,20,10KS0075PHD120141 ,KM ,346 ,BS ,0071 ,Accountancy ,  ,  ,985,504,481,0,452,175,25,54,0,1,11,264,3,27,3,651,334,10KM0071BS120141 ,KM ,346 ,MAS ,0071 ,Accountancy ,  ,  ,267,131,136,0,145,42,9,12,0,0,2,57,0,9,2,198,69,10KS0071MAS120141 ,KM ,346 ,MS ,0071 ,Accountancy ,  ,  ,142,29,112,1,7,3,0,1,0,0,0,130,1,0,0,8,134,10KS0071MSK120141 ,KM ,346 ,MS ,5187 ,Taxation ,  ,  ,24,10,14,0,7,5,4,2,0,0,0,6,0,4,0,15,9,10KS5187MSK2120141 ,KM ,346 ,PHD ,0071 ,Accountancy ,  ,  ,26,16,10,0,16,0,0,1,0,0,1,7,1,0,1,6,20,10KS0071PHD120141 ,KM ,902 ,BS ,1432 ,Marketing ,  ,  ,119,39,80,0,80,13,1,13,0,0,3,6,3,1,0,107,12,10KM1432BS120141 ,KM ,902 ,BS ,1432 ,Marketing ,  ,  ,117,40,77,0,79,11,8,10,0,0,4,5,0,10,0,103,14,10KM8037BS120141 ,KM ,902 ,BS ,5070 ,Information Sys & Info Tech ,  ,  ,27,21,6,0,11,8,2,2,0,0,0,4,0,2,0,21,6,10KM5070BS120141 ,KM ,902 ,BS ,5070 ,Information Sys & Info Tech ,  ,  ,29,19,10,0,19,7,0,0,0,0,0,3,0,0,0,25,4,10KM8037BS120141 ,KM ,902 ,BS ,5071 ,Supply Chain Management ,  ,  ,21,12,9,0,14,6,0,0,0,0,0,1,0,0,0,17,4,10KM5071BS120141 ,KM ,902 ,BS ,5071 ,Supply Chain Management ,  ,  ,75,39,36,0,53,14,1,5,0,0,1,1,0,3,0,72,3,10KM8037BS120141 ,KM ,902 ,BS ,5072 ,Business Process Management ,  ,  ,19,11,8,0,12,1,0,2,0,0,2,2,0,0,0,16,3,10KM5072BS120141 ,KM ,902 ,BS ,5072 ,Business Process Management ,  ,  ,12,7,5,0,9,1,2,0,0,0,0,0,0,2,0,11,1,10KM8037BS120141 ,KM ,902 ,BS ,5073 ,Management ,0086 ,Entrepreneurship ,12,3,9,0,8,0,2,1,0,0,1,0,0,2,1,11,1,10KM5073BS120141 ,KM ,902 ,BS ,5073 ,Management ,0086 ,Entrepreneurship ,4,0,4,0,1,0,2,0,0,0,0,1,0,2,0,3,1,10KM8037BS120141 ,KM ,902 ,BS ,5073 ,Management ,5074 ,International Business ,22,8,14,0,13,3,2,2,0,1,0,1,0,2,0,20,2,10KM5073BS120141 ,KM ,902 ,BS ,5073 ,Management ,5074 ,International Business ,21,6,15,0,13,3,2,2,0,0,1,0,0,2,0,19,2,10KM8037BS120141 ,KM ,902 ,BS ,5073 ,Management ,5075 ,General Management ,27,15,12,0,19,4,0,3,0,0,1,0,0,1,0,24,3,10KM5073BS120141 ,KM ,902 ,BS ,5073 ,Management ,5075 ,General Management ,18,7,11,0,10,2,0,3,0,0,2,1,0,0,0,17,1,10KM8037BS120141 ,KM ,902 ,MS ,0079 ,Business Administration ,  ,  ,20,6,14,0,1,0,0,0,0,0,0,19,0,0,0,1,19,10KS0079MS120141 ,KM ,902 ,MS ,5148 ,Technology Management ,  ,  ,124,85,38,1,4,12,3,1,0,0,0,104,0,3,0,12,112,10KS5148MSK120141 ,KM ,902 ,PHD ,0079 ,Business Administration ,  ,  ,49,28,21,0,5,2,2,1,0,0,0,39,0,2,1,2,47,10KS0079PHD120141 ,KM ,938 ,MBA ,9875 ,Business Administration (MBA) ,3924 ,Executive Program ,60,47,13,0,32,15,7,3,0,0,1,1,1,7,1,57,3,10KS3924MBA2120141 ,KM ,952 ,NDEG ,0067 ,Nondegree ,  ,  ,49,32,17,0,0,0,0,0,0,0,0,47,2,0,0,0,49,10KM0067NDEG120141 ,KM ,952 ,NONE ,0070 ,Curric Unassigned ,  ,  ,756,424,332,0,397,124,40,70,0,1,17,103,4,46,6,577,179,10KM0070NONE120141 ,KM ,  ,  ,  ,Business ,  ,***College total*** ,3971,2177,1792,2,1851,548,157,219,0,5,57,1114,20,173,17,2574,1397,  ,,,,,,,,,,,,,,,,,,,,,,,,, ,,,,,,,,,,,,,,,,,,,,,,,,,120141 ,KN ,  ,  ,  ,Education ,  ,  ,  ,  ,  ,  ,  ,  ,  ,  ,  ,  ,  ,  ,  ,  ,  ,  ,  , 120141 ,KN ,335 ,NDEG ,0067 ,Nondegree ,  ,  ,15,4,11,0,3,0,0,1,0,0,0,11,0,0,0,4,11,10KN0067NDEG120141 ,KN ,335 ,NONE ,4089 ,Pre-Early Chld/Elem Ed/Spec Ed ,  ,  ,250,25,225,0,187,20,10,21,0,1,4,6,1,13,1,236,14,10KN4089NONE120141 ,KN ,570 ,BS ,0093 ,Special Education ,  ,  ,81,6,75,0,70,5,1,3,0,0,2,0,0,1,1,81,0,10KN0093BS120141 ,KN ,570 ,EDM ,0093 ,Special Education ,  ,  ,23,3,20,0,16,2,1,2,0,0,0,2,0,1,0,19,4,10KS0093EDM120141 ,KN ,570 ,MS ,0093 ,Special Education ,  ,  ,1,1,0,0,0,1,0,0,0,0,0,0,0,0,0,1,0,10KS0093MS120141 ,KN ,570 ,NDEG ,0093 ,Special Education ,  ,  ,2,1,1,0,2,0,0,0,0,0,0,0,0,0,0,1,1,10KS0093NDEG120141 ,KN ,570 ,PHD ,0093 ,Special Education ,  ,  ,24,3,21,0,16,1,3,2,0,0,0,2,0,3,0,12,12,10KS0093PHD120141 ,KN ,613 ,BS ,0094 ,Early Childhood Education ,  ,  ,1,0,1,0,1,0,0,0,0,0,0,0,0,0,0,1,0,10KN0094BS120141 ,KN ,613 ,BS ,0094 ,Early Childhood Education ,3957 ,ECh: Anthropology ,1,0,1,0,1,0,0,0,0,0,0,0,0,0,0,1,0,10KN3957BS120141 ,KN ,613 ,BS ,0094 ,Early Childhood Education ,3968 ,ECh: Language arts ,1,0,1,0,0,0,0,1,0,0,0,0,0,0,0,1,0,10KN0094BS120141 ,KN ,613 ,BS ,0094 ,Early Childhood Education ,3968 ,ECh: Language arts ,3,0,3,0,2,1,0,0,0,0,0,0,0,0,0,3,0,10KN3968BS120141 ,KN ,613 ,BS ,0094 ,Early Childhood Education ,3969 ,ECh: Linguistics ,2,1,1,0,1,0,0,0,0,0,0,1,0,0,0,1,1,10KN3969BS120141 ,KN ,613 ,BS ,0094 ,Early Childhood Education ,3970 ,ECh: Mathematics ,1,0,1,0,0,0,0,0,0,1,0,0,0,0,0,1,0,10KN3970BS120141 ,KN ,613 ,BS ,0094 ,Early Childhood Education ,3975 ,ECh: Psychology ,4,0,4,0,3,0,0,1,0,0,0,0,0,0,0,4,0,10KN3975BS120141 ,KN ,613 ,BS ,0094 ,Early Childhood Education ,3976 ,ECh: Sociology ,1,0,1,0,1,0,0,0,0,0,0,0,0,0,0,1,0,10KN0094BS120141 ,KN ,613 ,BS ,0094 ,Early Childhood Education ,3976 ,ECh: Sociology ,2,0,2,0,1,0,1,0,0,0,0,0,0,1,0,2,0,10KN3976BS120141 ,KN ,613 ,BS ,0094 ,Early Childhood Education ,4014 ,ECh: Spanish ,1,0,1,0,1,0,0,0,0,0,0,0,0,0,0,1,0,10KN0094BS120141 ,KN ,613 ,BS ,0094 ,Early Childhood Education ,4014 ,ECh: Spanish ,5,0,5,0,4,0,0,1,0,0,0,0,0,0,0,5,0,10KN4014BS120141 ,KN ,613 ,BS ,0095 ,Elementary Education ,3946 ,EIEd: History ,11,4,7,0,7,0,1,3,0,0,0,0,0,1,0,10,1,10KN3946BS120141 ,KN ,613 ,BS ,0095 ,Elementary Education ,3947 ,EIEd: Language Arts ,49,5,44,0,39,4,3,2,0,0,1,0,0,3,1,49,0,10KN3947BS120141 ,KN ,613 ,BS ,0095 ,Elementary Education ,3949 ,EIEd: Mathematics ,75,8,67,0,65,5,0,2,0,0,3,0,0,0,0,75,0,10KN3949BS120141 ,KN ,613 ,BS ,0095 ,Elementary Education ,3953 ,EIEd: Political Science ,1,0,1,0,1,0,0,0,0,0,0,0,0,0,0,1,0,10KN3953BS120141 ,KN ,613 ,BS ,0095 ,Elementary Education ,3954 ,ElEd: Psychology ,2,0,2,0,2,0,0,0,0,0,0,0,0,0,0,2,0,10KN3954BS120141 ,KN ,613 ,BS ,0095 ,Elementary Education ,3955 ,ElEd: Sociology ,1,0,1,0,1,0,0,0,0,0,0,0,0,0,0,1,0,10KN3955BS120141 ,KN ,613 ,BS ,0095 ,Elementary Education ,3995 ,EIEd: Chinese ,1,0,1,0,0,1,0,0,0,0,0,0,0,0,0,1,0,10KN3995BS120141 ,KN ,613 ,BS ,0095 ,Elementary Education ,3996 ,EIEd: French ,1,0,1,0,1,0,0,0,0,0,0,0,0,0,0,1,0,10KN3996BS120141 ,KN ,613 ,BS ,0095 ,Elementary Education ,3997 ,EIEd: German ,1,0,1,0,1,0,0,0,0,0,0,0,0,0,0,1,0,10KN3997BS120141 ,KN ,613 ,BS ,0095 ,Elementary Education ,4004 ,EIEd: Spanish ,24,0,24,0,20,0,0,4,0,0,0,0,0,0,0,24,0,10KN4004BS120141 ,KN ,613 ,BS ,0095 ,Elementary Education ,5193 ,General Sciences ,20,1,19,0,16,1,1,2,0,0,0,0,0,1,0,20,0,10KN5193BS120141 ,KN ,613 ,BS ,0095 ,Elementary Education ,5194 ,ESL/Bilingual Education ,6,0,6,0,2,1,0,2,0,0,0,1,0,0,0,6,0,10KN5194BS120141 ,KN ,613 ,EDD ,1144 ,Curriculum and Instruction ,  ,  ,5,1,4,0,3,0,2,0,0,0,0,0,0,2,0,3,2,10KS1144EDD120141 ,KN ,613 ,EDM ,0095 ,Elementary Education ,  ,  ,10,1,9,0,3,3,2,2,0,0,0,0,0,3,0,9,1,10KS0095EDM120141 ,KN ,613 ,EDM ,0095 ,Elementary Education ,  ,  ,1,0,1,0,0,0,1,0,0,0,0,0,0,1,0,1,0,10KS0211EDM120141 ,KN ,613 ,EDM ,0095 ,Elementary Education ,0211 ,Elementary Ed - Cert ,1,0,1,0,1,0,0,0,0,0,0,0,0,0,0,1,0,10KS0211EDM120141 ,KN ,613 ,EDM ,1144 ,Curriculum and Instruction ,  ,  ,31,5,26,0,22,3,3,2,0,0,0,1,0,3,0,30,1,10KS1144EDM120141 ,KN ,613 ,EDM ,5082 ,Early Childhood Education ,  ,  ,2,0,2,0,2,0,0,0,0,0,0,0,0,0,0,2,0,10KS5082EDM120141 ,KN ,613 ,EDM ,8527 ,Secondary Education ,5224 ,English ,1,0,1,0,0,0,0,0,0,0,0,0,1,0,0,1,0,10KS8527EDM120141 ,KN ,613 ,EDM ,8527 ,Secondary Education ,5225 ,Social Studies ,5,4,1,0,3,1,0,1,0,0,0,0,0,0,0,5,0,10KS8527EDM120141 ,KN ,613 ,EDM ,8527 ,Secondary Education ,5226 ,Sciences ,3,2,1,0,3,0,0,0,0,0,0,0,0,0,0,3,0,10KS8527EDM120141 ,KN ,613 ,EDM ,8527 ,Secondary Education ,5227 ,Mathematics ,2,1,1,0,1,0,0,1,0,0,0,0,0,0,0,1,1,10KS8527EDM120141 ,KN ,613 ,MA ,1144 ,Curriculum and Instruction ,  ,  ,3,0,3,0,2,0,0,0,0,0,0,1,0,0,0,2,1,10KS1144MA120141 ,KN ,613 ,MS ,1144 ,Curriculum and Instruction ,  ,  ,3,1,2,0,2,0,0,1,0,0,0,0,0,0,1,2,1,10KS1144MS120141 ,KN ,613 ,PHD ,0095 ,Elementary Education ,  ,  ,3,1,2,0,0,1,1,0,0,0,0,1,0,1,0,1,2,10KS0095PHD120141 ,KN ,613 ,PHD ,0215 ,Secondary & Continuing Educ ,  ,  ,7,1,6,0,2,1,0,1,0,0,0,3,0,0,0,2,5,10KS0215PHD120141 ,KN ,613 ,PHD ,1144 ,Curriculum and Instruction ,  ,  ,63,18,45,0,31,6,5,5,0,0,0,15,1,5,0,28,35,10KS1144PHD120141 ,KN ,616 ,PHD ,0210 ,Educational Psychology ,  ,  ,66,17,49,0,22,3,4,8,0,0,1,28,0,6,2,17,49,10KS0210PHD120141 ,KN ,760 ,CAS ,0209 ,Ed Organization and Leadership ,5097 ,Educational Admin & Leadership ,1,1,0,0,1,0,0,0,0,0,0,0,0,0,0,1,0,10KS0209CAS120141 ,KN ,760 ,EDD ,0209 ,Ed Organization and Leadership ,  ,  ,17,8,9,0,14,0,3,0,0,0,0,0,0,3,0,17,0,10KS0209EDD120141 ,KN ,760 ,EDD ,0209 ,Ed Organization and Leadership ,5096 ,Higher Education ,7,2,5,0,4,2,1,0,0,0,0,0,0,1,0,7,0,10KS0209EDD120141 ,KN ,760 ,EDD ,0209 ,Ed Organization and Leadership ,5097 ,Educational Admin & Leadership ,7,4,3,0,7,0,0,0,0,0,0,0,0,0,0,7,0,10KS0209EDD120141 ,KN ,760 ,EDD ,4096 ,Human Resource Education ,  ,  ,1,1,0,0,0,0,0,0,0,0,0,1,0,0,0,0,1,10KS4096EDD120141 ,KN ,760 ,EDD ,4096 ,Human Resource Education ,5137 ,Human Resource Development ,2,1,1,0,0,0,1,0,0,0,0,1,0,1,0,1,1,10KS4096EDD120141 ,KN ,760 ,EDM ,0209 ,Ed Organization and Leadership ,  ,  ,14,4,10,0,9,0,3,1,0,0,1,0,0,3,1,14,0,10KS0209EDM120141 ,KN ,760 ,EDM ,0209 ,Ed Organization and Leadership ,5096 ,Higher Education ,23,5,18,0,15,3,3,1,0,0,1,0,0,3,1,21,2,10KS0209EDM120141 ,KN ,760 ,EDM ,0209 ,Ed Organization and Leadership ,5097 ,Educational Admin & Leadership ,14,6,8,0,11,0,1,1,0,0,0,1,0,1,0,13,1,10KS0209EDM120141 ,KN ,760 ,EDM ,0220 ,Educational Policy Studies ,  ,  ,5,3,2,0,2,0,3,0,0,0,0,0,0,3,0,5,0,10KS0220EDM120141 ,KN ,760 ,EDM ,4096 ,Human Resource Education ,  ,  ,6,0,6,0,5,0,1,0,0,0,0,0,0,1,0,5,1,10KS4096EDM120141 ,KN ,760 ,EDM ,4096 ,Human Resource Education ,5137 ,Human Resource Development ,16,1,15,0,9,0,1,1,0,0,0,5,0,2,0,11,5,10KS4096EDM120141 ,KN ,760 ,EDM ,4096 ,Human Resource Education ,5137 ,Human Resource Development ,2,1,1,0,2,0,0,0,0,0,0,0,0,0,0,2,0,10KS4096EDMU120141 ,KN ,760 ,MA ,0220 ,Educational Policy Studies ,  ,  ,6,1,5,0,1,0,2,0,0,0,0,3,0,2,0,3,3,10KS0220MA120141 ,KN ,760 ,MS ,4096 ,Human Resource Education ,5137 ,Human Resource Development ,2,0,2,0,0,0,0,0,0,0,0,2,0,0,0,0,2,10KS4096MS120141 ,KN ,760 ,PHD ,0209 ,Ed Organization and Leadership ,  ,  ,10,6,4,0,6,0,1,0,0,0,1,2,0,2,0,7,3,10KS0209PHD120141 ,KN ,760 ,PHD ,0209 ,Ed Organization and Leadership ,5096 ,Higher Education ,8,3,5,0,3,0,2,1,1,0,0,0,1,2,1,6,2,10KS0209PHD120141 ,KN ,760 ,PHD ,0220 ,Educational Policy Studies ,  ,  ,141,54,87,0,28,9,61,21,1,0,6,13,2,73,3,73,68,10KS0220PHD120141 ,KN ,760 ,PHD ,0220 ,Educational Policy Studies ,5034 ,African American Studies ,4,3,1,0,0,0,4,0,0,0,0,0,0,4,0,2,2,10KS0220PHD120141 ,KN ,760 ,PHD ,0222 ,Educ Voc Tech ,  ,  ,1,0,1,0,0,0,1,0,0,0,0,0,0,1,0,1,0,10KS0222PHD120141 ,KN ,760 ,PHD ,4096 ,Human Resource Education ,  ,  ,16,7,9,0,3,0,0,0,0,0,2,11,0,2,0,4,12,10KS4096PHD120141 ,KN ,760 ,PHD ,4096 ,Human Resource Education ,5137 ,Human Resource Development ,26,12,14,0,5,1,4,1,0,0,0,15,0,4,0,9,17,10KS4096PHD120141 ,KN ,  ,  ,  ,Education ,  ,***College total*** ,1145,237,908,0,686,75,131,95,2,2,22,126,6,153,12,883,262,  ,,,,,,,,,,,,,,,,,,,,,,,,, ,,,,,,,,,,,,,,,,,,,,,,,,,120141 ,KP ,  ,  ,  ,Engineering ,  ,  ,  ,  ,  ,  ,  ,  ,  ,  ,  ,  ,  ,  ,  ,  ,  ,  ,  , 120141 ,KP ,227 ,BS ,5163 ,Agricultural & Biological Engr ,  ,  ,36,28,8,0,23,4,1,2,0,0,2,4,0,1,0,29,7,10KP5163BS120141 ,KP ,227 ,BS ,5163 ,Agricultural & Biological Engr ,5270 ,Agricultural Engineering ,42,35,7,0,34,0,1,1,0,0,0,6,0,1,0,36,6,10KP5163BS120141 ,KP ,227 ,BS ,5163 ,Agricultural & Biological Engr ,5271 ,Biological Engineering ,28,22,6,0,8,7,0,1,0,0,0,12,0,0,0,12,16,10KP5163BS120141 ,KP ,227 ,MS ,5163 ,Agricultural & Biological Engr ,  ,  ,30,18,12,0,10,0,1,1,0,0,1,17,0,1,0,9,21,10KS5163MS120141 ,KP ,227 ,NDEG ,0067 ,Nondegree ,  ,  ,181,145,36,0,25,4,1,1,0,0,2,144,4,1,0,32,149,10KP0067NDEG120141 ,KP ,227 ,PHD ,0102 ,Agricultural Engineering ,  ,  ,1,1,0,0,0,0,0,0,0,0,0,1,0,0,0,0,1,10KS0102PHD120141 ,KP ,227 ,PHD ,5163 ,Agricultural & Biological Engr ,  ,  ,28,18,10,0,7,1,0,1,0,0,1,18,0,0,0,5,23,10KS5163PHD120141 ,KP ,244 ,BS ,0121 ,Engineering Physics ,  ,  ,185,169,16,0,122,15,2,8,0,0,8,29,1,2,0,135,50,10KP0121BS120141 ,KP ,244 ,MS ,0240 ,Physics ,  ,  ,1,0,1,0,0,0,0,0,0,0,0,1,0,0,0,0,1,10KS0240MS120141 ,KP ,244 ,MS ,0241 ,Teaching of Physics ,  ,  ,2,1,1,0,2,0,0,0,0,0,0,0,0,0,0,2,0,10KS0241MS120141 ,KP ,244 ,PHD ,0240 ,Physics ,  ,  ,250,208,42,0,102,20,1,9,0,0,3,110,5,1,1,14,236,10KS0240PHD120141 ,KP ,251 ,BS ,0106 ,Civil Engineering ,  ,  ,758,565,193,0,410,99,14,51,0,0,20,163,1,18,3,504,254,10KP0106BS120141 ,KP ,251 ,MS ,0106 ,Civil Engineering ,  ,  ,303,226,77,0,82,21,1,18,0,0,4,175,2,1,3,71,232,10KS0106MS120141 ,KP ,251 ,MS ,0231 ,Environ Engr in Civil Engr ,  ,  ,65,33,32,0,17,3,2,3,0,0,2,38,0,4,0,11,54,10KS0231MS120141 ,KP ,251 ,MS ,0232 ,Environ Science in Civil Engr ,  ,  ,1,1,0,0,0,0,0,0,0,0,0,1,0,0,0,0,1,10KS0232MS120141 ,KP ,251 ,PHD ,0106 ,Civil Engineering ,  ,  ,169,131,38,0,41,6,1,7,1,0,2,111,0,2,1,19,150,10KS0106PHD120141 ,KP ,251 ,PHD ,0231 ,Environ Engr in Civil Engr ,  ,  ,43,22,21,0,17,2,0,3,1,0,1,19,0,0,1,9,34,10KS0231PHD120141 ,KP ,251 ,PHD ,0232 ,Environ Science in Civil Engr ,  ,  ,2,0,2,0,0,0,0,0,0,0,0,1,1,0,0,0,2,10KS0232PHD120141 ,KP ,343 ,BS ,0408 ,Bioengineering ,  ,  ,204,114,90,0,116,59,1,11,0,0,8,8,1,2,0,169,35,10KP0408BS120141 ,KP ,343 ,MS ,0408 ,Bioengineering ,  ,  ,6,5,1,0,3,2,0,0,0,0,0,0,1,0,0,4,2,10KS0408MS120141 ,KP ,343 ,PHD ,0408 ,Bioengineering ,  ,  ,58,29,29,0,20,12,1,4,1,0,0,20,0,1,2,14,44,10KS0408PHD120141 ,KP ,422 ,BS ,0124 ,General Engineering ,  ,  ,281,219,62,0,171,41,3,17,0,1,9,39,0,4,1,208,73,10KP0124BS120141 ,KP ,422 ,BS ,0127 ,Industrial Engineering ,  ,  ,244,193,51,0,92,43,3,7,0,0,5,91,3,3,0,132,112,10KP0127BS120141 ,KP ,422 ,MS ,0127 ,Industrial Engineering ,  ,  ,11,6,5,0,3,1,0,0,0,0,0,7,0,0,0,3,8,10KS0127MS120141 ,KP ,422 ,MS ,3846 ,Systems & Entrepreneurial Engr ,  ,  ,10,6,4,0,7,0,0,0,0,0,0,3,0,0,0,6,4,10KS3846MS120141 ,KP ,422 ,PHD ,0127 ,Industrial Engineering ,  ,  ,32,24,8,0,0,1,0,0,0,0,0,31,0,0,0,0,32,10KS0127PHD120141 ,KP ,422 ,PHD ,3846 ,Systems & Entrepreneurial Engr ,  ,  ,16,12,4,0,7,0,0,0,0,0,0,9,0,0,0,6,10,10KS3846PHD120141 ,KP ,434 ,BS ,0112 ,Computer Science ,  ,  ,1020,902,118,0,391,288,14,24,1,1,16,280,5,14,1,471,549,10KP0112BS120141 ,KP ,434 ,BS ,0112 ,Computer Science ,1854 ,CS:BS/MS Program ,11,9,2,0,1,3,0,0,0,0,0,7,0,0,0,3,8,10KP1854BS120141 ,KP ,434 ,MCS ,0112 ,Computer Science ,  ,  ,55,44,11,0,6,3,0,0,0,0,1,45,0,0,1,6,49,10KS0112MCS120141 ,KP ,434 ,MS ,0112 ,Computer Science ,  ,  ,74,56,18,0,15,7,0,0,0,0,0,52,0,0,0,11,63,10KS0112MS120141 ,KP ,434 ,MS ,0112 ,Computer Science ,1854 ,CS:BS/MS Program ,11,10,1,0,2,1,0,0,0,0,0,8,0,0,0,2,9,10KS1854MS120141 ,KP ,434 ,MS ,4026 ,Bioinformatics ,4028 ,Computer Science ,4,2,2,0,1,0,0,0,0,0,0,3,0,0,0,1,3,10KS4028MS120141 ,KP ,434 ,PHD ,0112 ,Computer Science ,  ,  ,277,217,60,0,63,14,4,2,0,0,3,191,0,5,1,27,250,10KS0112PHD120141 ,KP ,545 ,MS ,5244 ,Financial Engineering ,  ,  ,47,30,17,0,3,3,0,0,0,0,0,41,0,0,0,2,45,10KS5244MS120141 ,KP ,545 ,NONE ,5333 ,Engineering Undeclared ,  ,  ,96,74,22,0,40,15,0,8,0,0,6,27,0,2,0,56,40,10KP5333NONE120141 ,KP ,615 ,BS ,4048 ,Aerospace Engineering ,  ,  ,400,362,38,0,227,75,2,37,0,1,11,46,1,3,8,296,104,10KP4048BS120141 ,KP ,615 ,MS ,4048 ,Aerospace Engineering ,  ,  ,64,54,10,0,24,7,0,2,0,0,1,29,1,0,0,11,53,10KS4048MS120141 ,KP ,615 ,PHD ,4048 ,Aerospace Engineering ,  ,  ,53,48,5,0,21,3,0,1,0,0,0,28,0,0,0,14,39,10KS4048PHD120141 ,KP ,917 ,BS ,0118 ,Engineering Mechanics ,  ,  ,94,87,7,0,57,11,0,8,0,2,0,16,0,0,1,68,26,10KP0118BS120141 ,KP ,917 ,BS ,0133 ,Mechanical Engineering ,  ,  ,827,727,100,0,477,118,9,45,2,3,23,145,5,13,4,555,272,10KP0133BS120141 ,KP ,917 ,MS ,0133 ,Mechanical Engineering ,  ,  ,159,133,26,0,34,10,0,6,0,0,3,106,0,1,1,32,127,10KS0133MS120141 ,KP ,917 ,MS ,0242 ,Theoretical & Applied Mechans ,  ,  ,20,15,5,0,8,1,0,0,0,0,0,11,0,0,0,3,17,10KS0242MS120141 ,KP ,917 ,PHD ,0133 ,Mechanical Engineering ,  ,  ,153,137,16,0,30,6,0,1,0,0,1,114,1,0,0,14,139,10KS0133PHD120141 ,KP ,917 ,PHD ,0242 ,Theoretical & Applied Mechans ,  ,  ,36,29,7,0,13,1,0,1,0,0,0,21,0,0,0,6,30,10KS0242PHD120141 ,KP ,919 ,BS ,0130 ,Materials Science & Engr ,  ,  ,286,217,69,0,124,63,2,13,0,0,14,68,2,4,0,178,108,10KP0130BS120141 ,KP ,919 ,BS ,0130 ,Materials Science & Engr ,3908 ,Ceramics ,7,6,1,0,3,2,0,1,0,0,0,1,0,0,0,4,3,10KP3908BS120141 ,KP ,919 ,BS ,0130 ,Materials Science & Engr ,3909 ,Electronic Materials ,34,27,7,0,2,11,0,0,0,0,1,20,0,0,0,9,25,10KP3909BS120141 ,KP ,919 ,BS ,0130 ,Materials Science & Engr ,3910 ,Metals ,20,19,1,0,10,1,0,1,0,0,0,8,0,0,0,11,9,10KP3910BS120141 ,KP ,919 ,BS ,0130 ,Materials Science & Engr ,3911 ,Biomaterials ,25,15,10,0,8,8,1,0,0,0,1,7,0,1,0,17,8,10KP3911BS120141 ,KP ,919 ,BS ,0130 ,Materials Science & Engr ,3912 ,Polymer ,23,15,8,0,9,2,0,1,0,0,1,10,0,0,0,10,13,10KP3912BS120141 ,KP ,919 ,MS ,0130 ,Materials Science & Engr ,  ,  ,36,26,10,0,6,1,1,1,0,0,0,27,0,2,0,6,30,10KS0130MS120141 ,KP ,919 ,PHD ,0130 ,Materials Science & Engr ,  ,  ,146,103,43,0,44,4,1,4,0,0,1,92,0,1,0,11,135,10KS0130PHD120141 ,KP ,933 ,BS ,0109 ,Computer Engineering ,  ,  ,766,690,76,0,273,206,12,31,0,3,23,214,4,15,2,393,373,10KP0109BS120141 ,KP ,933 ,BS ,0115 ,Electrical Engineering ,  ,  ,1073,948,124,1,315,267,26,46,2,0,22,388,7,30,10,475,598,10KP0115BS120141 ,KP ,933 ,MS ,1200 ,Electrical & Computer Engr ,  ,  ,233,197,36,0,58,40,4,8,0,0,3,116,4,5,2,49,184,10KS1200MS120141 ,KP ,933 ,PHD ,1200 ,Electrical & Computer Engr ,  ,  ,258,225,33,0,62,21,3,2,0,0,3,166,1,3,1,40,218,10KS1200PHD120141 ,KP ,973 ,BS ,0139 ,Nuclear Engineering ,3913 ,"Power, Safety, and the Environ ",5,4,1,0,3,1,0,0,0,0,0,1,0,0,0,4,1,10KP3913BS120141 ,KP ,973 ,BS ,0139 ,Nuclear Engineering ,3914 ,Plasma and Fusion Sci and Engr ,1,1,0,0,1,0,0,0,0,0,0,0,0,0,0,1,0,10KP3914BS120141 ,KP ,973 ,BS ,5183 ,"Nuclear, Plasma, Radiolgc Engr ",  ,  ,61,49,12,0,33,4,3,12,0,0,4,5,0,4,1,48,13,10KP5183BS120141 ,KP ,973 ,BS ,5183 ,"Nuclear, Plasma, Radiolgc Engr ",3913 ,"Power, Safety, and the Environ ",48,42,6,0,30,8,1,5,0,0,1,3,0,2,0,41,7,10KP5183BS120141 ,KP ,973 ,BS ,5183 ,"Nuclear, Plasma, Radiolgc Engr ",3914 ,Plasma and Fusion Sci and Engr ,26,23,3,0,18,4,0,1,0,0,1,2,0,0,1,19,7,10KP5183BS120141 ,KP ,973 ,BS ,5183 ,"Nuclear, Plasma, Radiolgc Engr ",3915 ,"Radiol, Medical, & Instr Apps ",9,7,2,0,2,6,0,1,0,0,0,0,0,0,0,9,0,10KP5183BS120141 ,KP ,973 ,MS ,5183 ,"Nuclear, Plasma, Radiolgc Engr ",  ,  ,18,17,1,0,15,1,0,0,0,0,0,2,0,0,0,12,6,10KS5183MS120141 ,KP ,973 ,PHD ,0139 ,Nuclear Engineering ,  ,  ,5,4,1,0,3,0,0,0,0,0,0,2,0,0,0,2,3,10KS0139PHD120141 ,KP ,973 ,PHD ,5183 ,"Nuclear, Plasma, Radiolgc Engr ",  ,  ,38,36,2,0,7,3,0,0,0,0,0,28,0,0,0,4,34,10KS5183PHD120141 ,KP ,  ,  ,  ,Engineering ,  ,***College total*** ,9506,7838,1667,1,3758,1560,116,407,8,11,208,3388,50,147,46,4351,5155,  ,,,,,,,,,,,,,,,,,,,,,,,,, ,,,,,,,,,,,,,,,,,,,,,,,,,120141 ,KR ,  ,  ,  ,Fine & Applied Arts ,  ,  ,  ,  ,  ,  ,  ,  ,  ,  ,  ,  ,  ,  ,  ,  ,  ,  ,  , 120141 ,KR ,447 ,NDEG ,0067 ,Nondegree ,  ,  ,24,12,12,0,3,0,0,0,0,0,0,20,1,0,0,4,20,10KR0067NDEG120141 ,KR ,495 ,AD ,0265 ,Music ,  ,  ,3,1,2,0,0,0,0,0,0,0,0,3,0,0,0,0,3,10KS0265AD120141 ,KR ,495 ,AMUSD ,0265 ,Music ,  ,  ,13,5,8,0,5,1,0,0,0,0,0,7,0,0,0,1,12,10KS0265AMUS120141 ,KR ,495 ,AMUSD ,0265 ,Music ,3930 ,Choral Music ,8,4,4,0,3,1,0,0,0,0,0,4,0,0,0,2,6,10KS0265AMUS120141 ,KR ,495 ,AMUSD ,0265 ,Music ,5110 ,Performance and Literature ,146,47,99,0,37,4,1,10,0,0,0,93,1,2,0,24,122,10KS0265AMUS120141 ,KR ,495 ,AMUSD ,0265 ,Music ,5111 ,Music Composition ,15,11,4,0,3,0,0,0,0,0,1,11,0,0,0,1,14,10KS0265AMUS120141 ,KR ,495 ,AMUSD ,0265 ,Music ,5117 ,Vocal Coaching & Accompanying ,3,1,2,0,2,0,0,0,0,0,0,1,0,0,0,1,2,10KS0265AMUS120141 ,KR ,495 ,AMUSD ,0265 ,Music ,5118 ,Jazz Performance ,23,22,1,0,13,1,1,1,0,0,0,6,1,1,0,9,14,10KS0265AMUS120141 ,KR ,495 ,AMUSD ,0265 ,Music ,5314 ,Instrmntl Conducting Wind Band ,1,1,0,0,1,0,0,0,0,0,0,0,0,0,0,0,1,10KS0265AMUS120141 ,KR ,495 ,AMUSD ,0265 ,Music ,5315 ,Instrmntl Conducting Orchestra ,3,3,0,0,2,0,0,0,0,0,0,1,0,0,0,0,3,10KS0265AMUS120141 ,KR ,495 ,BA ,0265 ,Music ,  ,  ,22,15,7,0,14,6,0,1,0,0,0,1,0,1,0,18,4,10KR0265BA120141 ,KR ,495 ,BME ,0168 ,Music Education ,  ,  ,1,1,0,0,0,0,1,0,0,0,0,0,0,1,0,1,0,10KR0168BME120141 ,KR ,495 ,BME ,0168 ,Music Education ,3930 ,Choral Music ,44,12,32,0,34,4,0,1,0,0,4,1,0,2,1,42,2,10KR3930BME120141 ,KR ,495 ,BME ,0168 ,Music Education ,3931 ,Instrumental Music ,102,48,54,0,86,4,2,6,0,0,4,0,0,3,0,93,9,10KR3931BME120141 ,KR ,495 ,BME ,0168 ,Music Education ,3932 ,Elementary General Music ,6,2,4,0,3,1,0,1,0,0,1,0,0,0,1,6,0,10KR3932BME120141 ,KR ,495 ,BMUS ,0157 ,Voice ,  ,  ,24,5,19,0,20,0,2,1,0,0,1,0,0,2,0,21,3,10KR0157BMUS120141 ,KR ,495 ,BMUS ,0158 ,Instrumental Music ,  ,  ,72,34,38,0,49,7,0,5,1,0,3,7,0,2,2,50,22,10KR0158BMUS120141 ,KR ,495 ,BMUS ,0159 ,Music Composition ,  ,  ,9,8,1,0,6,0,0,0,0,0,2,1,0,0,0,6,3,10KR0159BMUS120141 ,KR ,495 ,BMUS ,0160 ,Music History ,  ,  ,2,0,2,0,1,0,0,0,0,0,1,0,0,0,0,1,1,10KR0160BMUS120141 ,KR ,495 ,BMUS ,0161 ,Open Studies ,  ,  ,5,0,5,0,3,2,0,0,0,0,0,0,0,0,0,4,1,10KR0161BMUS120141 ,KR ,495 ,BMUS ,5045 ,Jazz Performance ,  ,  ,20,17,3,0,16,0,3,0,0,0,0,0,1,3,0,19,1,10KR5045BMUS120141 ,KR ,495 ,EDD ,0168 ,Music Education ,  ,  ,3,2,1,0,2,0,1,0,0,0,0,0,0,1,0,1,2,10KS0168EDD120141 ,KR ,495 ,MME ,0168 ,Music Education ,  ,  ,6,4,2,0,4,0,2,0,0,0,0,0,0,2,0,6,0,10KS0168MME120141 ,KR ,495 ,MMUS ,0265 ,Music ,  ,  ,3,3,0,0,2,0,0,1,0,0,0,0,0,0,0,0,3,10KS0265MMUS120141 ,KR ,495 ,MMUS ,0265 ,Music ,5110 ,Performance and Literature ,52,20,32,0,31,4,1,2,1,0,0,11,2,2,1,16,36,10KS0265MMUS120141 ,KR ,495 ,MMUS ,0265 ,Music ,5111 ,Music Composition ,10,8,2,0,5,0,0,0,0,0,0,5,0,0,0,0,10,10KS0265MMUS120141 ,KR ,495 ,MMUS ,0265 ,Music ,5113 ,Musicology ,6,5,1,0,6,0,0,0,0,0,0,0,0,0,0,2,4,10KS0265MMUS120141 ,KR ,495 ,MMUS ,0265 ,Music ,5114 ,Piano Pedagogy ,6,0,6,0,2,1,1,0,0,0,0,2,0,1,0,0,6,10KS0265MMUS120141 ,KR ,495 ,MMUS ,0265 ,Music ,5115 ,Instrumental Conducting (Band) ,3,3,0,0,3,0,0,0,0,0,0,0,0,0,0,2,1,10KS0265MMUS120141 ,KR ,495 ,MMUS ,0265 ,Music ,5117 ,Vocal Coaching & Accompanying ,2,2,0,0,2,0,0,0,0,0,0,0,0,0,0,0,2,10KS0265MMUS120141 ,KR ,495 ,MMUS ,0265 ,Music ,5118 ,Jazz Performance ,16,11,5,0,12,0,2,0,0,0,2,0,0,3,1,9,7,10KS0265MMUS120141 ,KR ,495 ,NDEG ,0265 ,Music ,  ,  ,2,1,1,0,1,1,0,0,0,0,0,0,0,0,0,0,2,10KS0265NDEG120141 ,KR ,495 ,PHD ,0168 ,Music Education ,  ,  ,6,5,1,0,5,1,0,0,0,0,0,0,0,0,0,5,1,10KS0168PHD120141 ,KR ,495 ,PHD ,1481 ,Musicology ,  ,  ,21,14,7,0,16,1,1,0,0,0,0,3,0,1,0,2,19,10KS1481PHD120141 ,KR ,526 ,BFA ,0148 ,Graphic Design ,  ,  ,74,21,53,0,50,15,1,4,0,0,0,4,0,1,0,68,6,10KR0148BFA120141 ,KR ,526 ,BFA ,0149 ,Crafts ,3933 ,Ceramics ,3,0,3,0,2,0,0,0,0,0,0,1,0,0,0,2,1,10KR3933BFA120141 ,KR ,526 ,BFA ,0149 ,Crafts ,3935 ,Metals ,14,1,13,0,3,3,0,1,0,0,0,7,0,0,1,5,9,10KR3935BFA120141 ,KR ,526 ,BFA ,0150 ,History of Art ,  ,  ,9,1,8,0,6,0,3,0,0,0,0,0,0,3,0,8,1,10KR0150BFA120141 ,KR ,526 ,BFA ,0151 ,Photography ,  ,  ,28,9,19,0,17,4,3,4,0,0,0,0,0,3,0,27,1,10KR0151BFA120141 ,KR ,526 ,BFA ,0152 ,Industrial Design ,  ,  ,106,52,54,0,38,27,7,6,0,0,2,25,1,9,0,70,36,10KR0152BFA120141 ,KR ,526 ,BFA ,0153 ,Painting ,  ,  ,21,7,14,0,13,2,2,3,0,0,0,0,1,2,0,21,0,10KR0153BFA120141 ,KR ,526 ,BFA ,0154 ,Sculpture ,  ,  ,6,3,3,0,6,0,0,0,0,0,0,0,0,0,0,6,0,10KR0154BFA120141 ,KR ,526 ,BFA ,0169 ,Art Education ,  ,  ,29,4,25,0,21,1,1,5,0,0,0,0,1,1,0,29,0,10KR0169BFA120141 ,KR ,526 ,BFA ,5128 ,New Media ,  ,  ,19,11,8,0,8,4,1,1,0,0,2,2,1,2,0,17,2,10KR5128BFA120141 ,KR ,526 ,EDM ,0169 ,Art Education ,  ,  ,3,1,2,0,2,0,0,0,0,0,0,1,0,0,0,2,1,10KS0169EDM120141 ,KR ,526 ,MA ,0169 ,Art Education ,  ,  ,2,0,2,0,2,0,0,0,0,0,0,0,0,0,0,2,0,10KS0169MA120141 ,KR ,526 ,MA ,0250 ,Art History ,  ,  ,5,0,5,0,4,0,0,1,0,0,0,0,0,0,1,2,3,10KS0250MA120141 ,KR ,526 ,MFA ,0252 ,Art and Design ,  ,  ,2,0,2,0,2,0,0,0,0,0,0,0,0,0,0,1,1,10KS0252MFA120141 ,KR ,526 ,MFA ,0252 ,Art and Design ,0254 ,Graphic Design ,4,2,2,0,2,0,0,0,0,0,0,2,0,0,0,2,2,10KS0254MFA120141 ,KR ,526 ,MFA ,0252 ,Art and Design ,0255 ,Industrial Design ,10,3,7,0,4,0,0,0,0,0,0,6,0,0,0,3,7,10KS0255MFA120141 ,KR ,526 ,MFA ,0252 ,Art and Design ,0256 ,Metals ,7,0,7,0,4,0,0,0,0,0,0,2,1,0,0,4,3,10KS0256MFA120141 ,KR ,526 ,MFA ,0252 ,Art and Design ,0257 ,Painting ,7,3,4,0,6,0,0,1,0,0,0,0,0,0,1,2,5,10KS0257MFA120141 ,KR ,526 ,MFA ,0252 ,Art and Design ,0258 ,Photography ,4,2,2,0,4,0,0,0,0,0,0,0,0,0,0,2,2,10KS0258MFA120141 ,KR ,526 ,MFA ,0252 ,Art and Design ,0260 ,Sculpture ,6,0,6,0,4,0,0,1,0,0,0,1,0,0,0,2,4,10KS0260MFA120141 ,KR ,526 ,NDEG ,0252 ,Art and Design ,  ,  ,1,0,1,0,1,0,0,0,0,0,0,0,0,0,0,1,0,10KS0252NDEG120141 ,KR ,526 ,NONE ,4090 ,Art Foundation ,  ,  ,118,42,76,0,57,17,4,11,0,0,7,21,1,7,4,86,32,10KR4090NONE120141 ,KR ,526 ,PHD ,0169 ,Art Education ,  ,  ,13,6,7,0,6,0,0,0,0,0,0,7,0,0,0,5,8,10KS0169PHD120141 ,KR ,526 ,PHD ,0250 ,Art History ,  ,  ,17,2,15,0,9,0,0,2,0,0,0,5,1,1,0,2,15,10KS0250PHD120141 ,KR ,569 ,BLA ,0156 ,Landscape Architecture ,  ,  ,54,23,31,0,28,4,2,4,0,0,0,16,0,2,0,36,18,10KR0156BLA120141 ,KR ,569 ,MLA ,0156 ,Landscape Architecture ,  ,  ,24,7,17,0,7,0,0,0,0,0,0,17,0,0,0,7,17,10KS0156MLA120141 ,KR ,569 ,PHD ,0156 ,Landscape Architecture ,  ,  ,15,7,8,0,6,0,1,0,0,0,0,7,1,1,0,5,10,10KS0156PHD120141 ,KR ,733 ,BA ,0155 ,Urban Planning ,  ,  ,83,40,43,0,35,5,5,9,0,0,1,28,0,6,1,45,38,10KR0155BA120141 ,KR ,733 ,MUP ,0155 ,Urban Planning ,  ,  ,37,21,16,0,18,3,1,3,0,0,1,10,1,2,0,11,26,10KS0155MUP120141 ,KR ,733 ,PHD ,0274 ,Regional Planning ,  ,  ,20,12,8,0,4,2,0,0,0,0,2,11,1,2,0,4,16,10KS0274PHD120141 ,KR ,767 ,BS ,0146 ,Architectural Studies ,  ,  ,414,229,185,0,209,45,11,35,1,2,8,101,2,13,6,289,125,10KR0146BS120141 ,KR ,767 ,MARCH ,0249 ,Architecture ,0247 ,Architecture - 2 Yr ,125,79,46,0,75,8,1,9,0,0,2,29,1,1,2,83,42,10KS0247MARC120141 ,KR ,767 ,MARCH ,0249 ,Architecture ,0248 ,Architecture Track 3 ,32,22,10,0,16,4,3,0,0,0,0,7,2,3,0,20,12,10KS0248MARC120141 ,KR ,767 ,MS ,4091 ,Architectural Studies ,  ,  ,1,1,0,0,1,0,0,0,0,0,0,0,0,0,0,0,1,10KS4091MS120141 ,KR ,767 ,PHD ,0249 ,Architecture ,  ,  ,10,4,6,0,3,0,0,1,0,0,0,6,0,0,0,1,9,10KS0249PHD120141 ,KR ,801 ,BFA ,0261 ,Dance ,  ,  ,54,9,45,0,36,3,9,5,0,0,0,0,1,10,0,42,12,10KR0261BFA120141 ,KR ,801 ,MFA ,0261 ,Dance ,  ,  ,12,3,9,0,8,0,2,0,0,0,1,1,0,3,1,2,10,10KS0261MFA120141 ,KR ,883 ,BFA ,0162 ,Theatre ,3980 ,Stage Management ,4,1,3,0,2,0,0,1,0,0,1,0,0,0,0,2,2,10KR3980BFA120141 ,KR ,883 ,BFA ,0162 ,Theatre ,3985 ,Theatre Studies ,21,7,14,0,15,1,1,3,0,0,1,0,0,1,0,20,1,10KR3985BFA120141 ,KR ,883 ,BFA ,0162 ,Theatre ,4081 ,Acting ,34,14,20,0,21,1,7,4,0,0,0,0,1,8,0,32,2,10KR4081BFA120141 ,KR ,883 ,BFA ,0162 ,Theatre ,4082 ,Costume Design and Technology ,1,0,1,0,1,0,0,0,0,0,0,0,0,0,0,0,1,10KR4082BFA120141 ,KR ,883 ,BFA ,0162 ,Theatre ,4083 ,Scenic Technology ,1,1,0,0,1,0,0,0,0,0,0,0,0,0,0,1,0,10KR4083BFA120141 ,KR ,883 ,BFA ,0162 ,Theatre ,4084 ,Lighting Design ,3,1,2,0,3,0,0,0,0,0,0,0,0,0,0,3,0,10KR4084BFA120141 ,KR ,883 ,BFA ,0162 ,Theatre ,4085 ,Sound Design and Technology ,3,3,0,0,1,0,2,0,0,0,0,0,0,2,0,3,0,10KR4085BFA120141 ,KR ,883 ,BFA ,0162 ,Theatre ,4086 ,Scenic Design ,3,0,3,0,2,0,0,0,0,0,1,0,0,0,0,3,0,10KR4086BFA120141 ,KR ,883 ,MA ,0162 ,Theatre ,  ,  ,3,1,2,0,1,0,0,0,0,0,0,1,1,0,0,0,3,10KS0162MA120141 ,KR ,883 ,MFA ,0162 ,Theatre ,0271 ,Design and Technology ,36,15,21,0,27,0,0,4,0,0,1,4,0,0,1,9,27,10KS0271MFA120141 ,KR ,883 ,MFA ,0162 ,Theatre ,0272 ,Acting ,9,6,3,0,6,0,0,2,0,0,1,0,0,2,1,2,7,10KS0272MFA120141 ,KR ,883 ,NONE ,0162 ,Theatre ,4080 ,Theatre Foundations ,29,20,9,0,22,0,3,3,0,0,1,0,0,3,0,27,2,10KR4080NONE120141 ,KR ,883 ,PHD ,0162 ,Theatre ,  ,  ,15,7,8,0,9,1,0,0,1,0,1,3,0,0,2,4,11,10KS0162PHD120141 ,KR ,  ,  ,  ,Fine & Applied Arts ,  ,***College total*** ,2233,1030,1203,0,1220,189,88,152,4,2,52,502,24,115,27,1366,867,  ,,,,,,,,,,,,,,,,,,,,,,,,, ,,,,,,,,,,,,,,,,,,,,,,,,,120141 ,KS ,  ,  ,  ,Graduate College ,  ,  ,  ,  ,  ,  ,  ,  ,  ,  ,  ,  ,  ,  ,  ,  ,  ,  ,  , 120141 ,KS ,486 ,NDEG ,0067 ,Nondegree ,  ,  ,47,23,24,0,35,7,2,2,0,1,0,0,0,2,0,33,14,10KS0067NDEG120141 ,KS ,913 ,PHD ,5094 ,Informatics ,  ,  ,18,18,0,0,8,2,0,0,0,0,1,7,0,0,0,9,9,10KS5094PHD120141 ,KS ,  ,  ,  ,Graduate College ,  ,***College total*** ,65,41,24,0,43,9,2,2,0,1,1,7,0,2,0,42,23,  ,,,,,,,,,,,,,,,,,,,,,,,,, ,,,,,,,,,,,,,,,,,,,,,,,,,120141 ,KT ,  ,  ,  ,Media ,  ,  ,  ,  ,  ,  ,  ,  ,  ,  ,  ,  ,  ,  ,  ,  ,  ,  ,  , 120141 ,KT ,238 ,PHD ,0279 ,Communications ,  ,  ,21,5,16,0,1,2,3,4,0,0,0,10,1,4,2,5,16,10KS0279PHD120141 ,KT ,238 ,PHD ,5202 ,Communications and Media ,  ,  ,27,10,17,0,6,0,2,2,0,0,2,15,0,3,2,3,24,10KS5202PHD120141 ,KT ,408 ,BS ,0277 ,Advertising ,  ,  ,609,175,434,0,422,50,26,39,0,1,21,46,4,33,4,533,76,10KT0277BS120141 ,KT ,408 ,MS ,0277 ,Advertising ,  ,  ,18,5,13,0,2,2,1,0,0,0,0,12,1,1,0,3,15,10KS0277MS120141 ,KT ,436 ,BS ,5201 ,Media and Cinema Studies ,  ,  ,9,5,4,0,3,1,1,3,0,0,0,1,0,1,0,6,3,10KT5201BS120141 ,KT ,436 ,BS ,5201 ,Media and Cinema Studies ,3869 ,Cinema Studies ,41,21,20,0,22,6,2,4,0,0,2,5,0,3,0,34,7,10KT5201BS120141 ,KT ,436 ,BS ,5201 ,Media and Cinema Studies ,5205 ,Media Studies ,46,20,25,1,24,6,2,2,0,0,1,10,1,2,0,31,15,10KT5201BS120141 ,KT ,642 ,BSJ ,0380 ,News-Editorial ,  ,  ,143,46,97,0,97,11,10,13,0,0,6,6,0,11,2,126,17,10KT0380BSJ120141 ,KT ,642 ,BSJ ,0381 ,Broadcast Journalism ,  ,  ,171,54,117,0,91,13,34,17,0,0,5,9,2,37,1,142,29,10KT0381BSJ120141 ,KT ,642 ,MS ,0278 ,Journalism ,  ,  ,12,4,8,0,7,0,0,1,0,0,1,2,1,1,1,9,3,10KS0278MS120141 ,KT ,646 ,BS ,5284 ,Agricultural Communications ,  ,  ,3,0,3,0,2,0,1,0,0,0,0,0,0,1,0,3,0,10KT5284BS120141 ,KT ,646 ,BS ,5284 ,Agricultural Communications ,5287 ,Advertising ,19,4,15,0,16,1,1,1,0,0,0,0,0,1,0,19,0,10KT5284BS120141 ,KT ,646 ,BS ,5284 ,Agricultural Communications ,5288 ,Broadcast Journalism ,3,0,3,0,3,0,0,0,0,0,0,0,0,0,0,3,0,10KT5284BS120141 ,KT ,646 ,BS ,5284 ,Agricultural Communications ,5289 ,News-Editorial Journalism ,1,0,1,0,1,0,0,0,0,0,0,0,0,0,0,1,0,10KT5284BS120141 ,KT ,934 ,NDEG ,0067 ,Nondegree ,  ,  ,18,11,7,0,5,0,0,3,0,0,0,8,2,0,0,8,10,10KT0067NDEG120141 ,KT ,  ,  ,  ,Media ,  ,***College total*** ,1141,360,780,1,702,92,83,89,0,1,38,124,12,98,12,926,215,  ,,,,,,,,,,,,,,,,,,,,,,,,, ,,,,,,,,,,,,,,,,,,,,,,,,,120141 ,KU ,  ,  ,  ,Law ,  ,  ,  ,  ,  ,  ,  ,  ,  ,  ,  ,  ,  ,  ,  ,  ,  ,  ,  , 120141 ,KU ,853 ,JD ,0385 ,Law ,  ,  ,530,295,235,0,301,51,46,61,0,1,12,39,19,54,9,318,212,10KU0385JD120141 ,KU ,853 ,JSD ,0281 ,Law ,  ,  ,11,4,7,0,0,0,0,1,0,0,0,10,0,0,0,0,11,10KS0281JSD120141 ,KU ,853 ,LLM ,0281 ,Law ,  ,  ,105,30,75,0,0,1,0,0,0,0,0,104,0,0,0,1,104,10KS0281LLM120141 ,KU ,853 ,NDEG ,0281 ,Law ,  ,  ,11,4,7,0,0,0,0,0,0,0,0,11,0,0,0,0,11,10KS0281NDEG120141 ,KU ,  ,  ,  ,Law ,  ,***College total*** ,657,333,324,0,301,52,46,62,0,1,12,164,19,54,9,319,338,  ,,,,,,,,,,,,,,,,,,,,,,,,, ,,,,,,,,,,,,,,,,,,,,,,,,,120141 ,KV ,  ,  ,  ,Liberal Arts & Sci ,  ,  ,  ,  ,  ,  ,  ,  ,  ,  ,  ,  ,  ,  ,  ,  ,  ,  ,  , 120141 ,KV ,241 ,BALAS ,0340 ,Anthropology ,  ,  ,114,38,76,0,66,11,11,20,0,1,3,1,1,12,1,109,5,10KV0340BALA120141 ,KV ,241 ,BALAS ,0340 ,Anthropology ,  ,  ,12,0,12,0,11,1,0,0,0,0,0,0,0,0,0,11,1,10KV8037BALA120141 ,KV ,241 ,BALAS ,0340 ,Anthropology ,5043 ,Socioculturl & Linguistic Anth ,6,1,5,0,4,1,0,1,0,0,0,0,0,0,0,6,0,10KV5043BALA120141 ,KV ,241 ,BSLAS ,5348 ,Computer Sci & Anthropology ,  ,  ,2,1,1,0,0,0,0,0,0,0,0,2,0,0,0,0,2,10KV5348BSLA120141 ,KV ,241 ,MA ,0340 ,Anthropology ,  ,  ,3,1,2,0,2,0,0,1,0,0,0,0,0,0,1,2,1,10KS0340MA120141 ,KV ,241 ,PHD ,0340 ,Anthropology ,  ,  ,54,16,38,0,29,3,2,2,1,1,1,13,2,3,1,13,41,10KS0340PHD120141 ,KV ,253 ,BSLAS ,0334 ,Atmospheric Sciences ,  ,  ,67,46,21,0,54,4,0,6,0,0,2,1,0,1,0,65,2,10KV0334BSLA120141 ,KV ,253 ,BSLAS ,0334 ,Atmospheric Sciences ,  ,  ,2,1,1,0,1,0,0,1,0,0,0,0,0,0,0,2,0,10KV8037BSLA120141 ,KV ,253 ,MS ,0334 ,Atmospheric Sciences ,  ,  ,15,10,5,0,13,0,0,0,0,0,0,1,1,0,0,7,8,10KS0334MS120141 ,KV ,253 ,PHD ,0334 ,Atmospheric Sciences ,  ,  ,29,15,14,0,17,1,0,0,0,0,0,11,0,0,0,5,24,10KS0334PHD120141 ,KV ,257 ,BALAS ,0439 ,Mathematics ,  ,  ,1,1,0,0,0,0,0,0,0,0,0,1,0,0,0,0,1,10KV8037BALA120141 ,KV ,257 ,BSLAS ,0439 ,Mathematics ,  ,  ,46,32,14,0,20,3,0,7,0,0,0,15,1,0,0,31,15,10KV0439BSLA120141 ,KV ,257 ,BSLAS ,0439 ,Mathematics ,  ,  ,30,18,12,0,11,0,0,0,1,0,0,18,0,0,1,12,18,10KV8037BSLA120141 ,KV ,257 ,BSLAS ,0439 ,Mathematics ,3894 ,Operations Research ,4,3,1,0,1,1,0,0,0,0,0,2,0,0,0,2,2,10KV3894BSLA120141 ,KV ,257 ,BSLAS ,0439 ,Mathematics ,3894 ,Operations Research ,7,3,4,0,1,0,0,0,0,0,0,6,0,0,0,0,7,10KV8037BSLA120141 ,KV ,257 ,BSLAS ,0439 ,Mathematics ,3895 ,Applied Mathematics ,31,22,9,0,5,3,0,2,0,0,0,21,0,0,0,10,21,10KV3895BSLA120141 ,KV ,257 ,BSLAS ,0439 ,Mathematics ,3895 ,Applied Mathematics ,13,8,5,0,1,0,0,0,0,0,0,12,0,0,0,1,12,10KV8037BSLA120141 ,KV ,257 ,BSLAS ,0439 ,Mathematics ,3896 ,Graduate Preparation ,7,6,1,0,2,2,0,1,0,0,0,2,0,0,0,4,3,10KV3896BSLA120141 ,KV ,257 ,BSLAS ,0439 ,Mathematics ,3896 ,Graduate Preparation ,3,2,1,0,1,0,0,0,0,0,0,2,0,0,0,1,2,10KV8037BSLA120141 ,KV ,257 ,BSLAS ,0439 ,Mathematics ,3897 ,Mathematics Teaching Option ,34,14,20,0,27,2,0,3,1,0,0,0,1,0,1,34,0,10KV3897BSLA120141 ,KV ,257 ,BSLAS ,0461 ,Actuarial Science ,  ,  ,289,171,118,0,122,46,3,12,0,1,4,99,2,3,0,173,116,10KV0461BSLA120141 ,KV ,257 ,BSLAS ,0461 ,Actuarial Science ,  ,  ,31,12,19,0,6,7,1,1,0,0,0,16,0,1,0,11,20,10KV8037BSLA120141 ,KV ,257 ,BSLAS ,1438 ,Math & Computer Science ,  ,  ,154,124,30,0,62,35,2,7,0,0,5,42,1,3,0,73,81,10KV1438BSLA120141 ,KV ,257 ,BSLAS ,1438 ,Math & Computer Science ,  ,  ,2,2,0,0,2,0,0,0,0,0,0,0,0,0,0,2,0,10KV8037BSLA120141 ,KV ,257 ,MS ,0290 ,Teaching of Mathematics ,  ,  ,3,2,1,0,2,0,0,0,0,0,0,1,0,0,0,1,2,10KS0290MS120141 ,KV ,257 ,MS ,0327 ,Applied Mathematics ,  ,  ,10,5,5,0,1,0,1,0,0,0,0,8,0,1,0,1,9,10KS0327MS120141 ,KV ,257 ,MS ,0327 ,Applied Mathematics ,0328 ,Actuarial Science ,21,11,10,0,2,2,0,0,0,0,0,17,0,0,0,2,19,10KS0328MS120141 ,KV ,257 ,MS ,0439 ,Mathematics ,  ,  ,12,8,4,0,3,1,1,0,0,0,0,7,0,1,0,2,10,10KS0439MS120141 ,KV ,257 ,NONE ,0439 ,Mathematics ,  ,  ,332,203,129,0,97,40,7,11,0,0,5,171,1,8,0,145,187,10KV0439NONE120141 ,KV ,257 ,PHD ,0439 ,Mathematics ,  ,  ,165,107,58,0,61,5,0,7,0,0,4,88,0,3,1,12,153,10KS0439PHD120141 ,KV ,265 ,BSLAS ,5086 ,"Earth Systems, Env, & Society ",5103 ,Society and the Environment ,3,1,2,0,3,0,0,0,0,0,0,0,0,0,0,3,0,10KV5086BSLA120141 ,KV ,265 ,BSLAS ,5086 ,"Earth Systems, Env, & Society ",5104 ,Science of the Earth System ,3,1,2,0,1,0,0,1,0,0,1,0,0,0,0,3,0,10KV5086BSLA120141 ,KV ,265 ,BSLAS ,5086 ,"Earth Systems, Env, & Society ",5104 ,Science of the Earth System ,1,0,1,0,1,0,0,0,0,0,0,0,0,0,0,1,0,10KV8037BSLA120141 ,KV ,265 ,BSLAS ,5281 ,"Earth, Society, & Environment ",  ,  ,1,0,1,0,1,0,0,0,0,0,0,0,0,0,0,1,0,10KV5281BSLA120141 ,KV ,265 ,BSLAS ,5281 ,"Earth, Society, & Environment ",  ,  ,2,0,2,0,1,0,0,0,0,0,0,1,0,0,0,1,1,10KV8037BSLA120141 ,KV ,265 ,BSLAS ,5281 ,"Earth, Society, & Environment ",5103 ,Society and the Environment ,13,6,7,0,11,0,1,0,0,0,1,0,0,1,0,13,0,10KV5281BSLA120141 ,KV ,265 ,BSLAS ,5281 ,"Earth, Society, & Environment ",5103 ,Society and the Environment ,3,1,2,0,3,0,0,0,0,0,0,0,0,0,0,3,0,10KV8037BSLA120141 ,KV ,265 ,BSLAS ,5281 ,"Earth, Society, & Environment ",5104 ,Science of the Earth System ,3,1,2,0,1,1,0,1,0,0,0,0,0,0,0,3,0,10KV5281BSLA120141 ,KV ,265 ,BSLAS ,5281 ,"Earth, Society, & Environment ",5104 ,Science of the Earth System ,2,1,1,0,2,0,0,0,0,0,0,0,0,0,0,2,0,10KV8037BSLA120141 ,KV ,265 ,BSLAS ,5313 ,"Earth, Soc, Env Sustainability ",  ,  ,38,19,19,0,24,3,1,2,0,0,1,7,0,1,0,31,7,10KV5313BSLA120141 ,KV ,265 ,BSLAS ,5313 ,"Earth, Soc, Env Sustainability ",  ,  ,7,1,6,0,6,1,0,0,0,0,0,0,0,0,0,4,3,10KV5313BSLU120141 ,KV ,265 ,BSLAS ,5313 ,"Earth, Soc, Env Sustainability ",  ,  ,1,0,1,0,1,0,0,0,0,0,0,0,0,0,0,1,0,10KV8037BSLA120141 ,KV ,265 ,BSLAS ,5313 ,"Earth, Soc, Env Sustainability ",5103 ,Society and the Environment ,45,22,23,0,34,2,1,6,0,0,1,0,1,1,0,43,2,10KV5313BSLA120141 ,KV ,265 ,BSLAS ,5313 ,"Earth, Soc, Env Sustainability ",5103 ,Society and the Environment ,10,5,5,0,8,0,0,2,0,0,0,0,0,0,0,7,3,10KV5313BSLU120141 ,KV ,265 ,BSLAS ,5313 ,"Earth, Soc, Env Sustainability ",5103 ,Society and the Environment ,2,2,0,0,2,0,0,0,0,0,0,0,0,0,0,2,0,10KV8037BSLA120141 ,KV ,265 ,BSLAS ,5313 ,"Earth, Soc, Env Sustainability ",5104 ,Science of the Earth System ,27,16,11,0,15,5,2,4,0,0,0,1,0,2,0,25,2,10KV5313BSLA120141 ,KV ,265 ,BSLAS ,5313 ,"Earth, Soc, Env Sustainability ",5104 ,Science of the Earth System ,5,3,2,0,4,0,1,0,0,0,0,0,0,1,0,4,1,10KV5313BSLU120141 ,KV ,265 ,BSLAS ,5313 ,"Earth, Soc, Env Sustainability ",5104 ,Science of the Earth System ,1,0,1,0,1,0,0,0,0,0,0,0,0,0,0,0,1,10KV8037BSLA120141 ,KV ,299 ,BALAS ,0338 ,Psychology ,  ,  ,1,0,1,0,1,0,0,0,0,0,0,0,0,0,0,1,0,10KV0338BALA120141 ,KV ,299 ,BALAS ,0338 ,Psychology ,  ,  ,1,0,1,0,1,0,0,0,0,0,0,0,0,0,0,1,0,10KV8037BALA120141 ,KV ,299 ,BSLAS ,0338 ,Psychology ,  ,  ,1109,345,764,0,580,165,101,132,0,2,30,94,5,115,11,958,151,10KV0338BSLA120141 ,KV ,299 ,BSLAS ,0338 ,Psychology ,  ,  ,121,32,88,1,76,14,8,9,0,0,1,12,1,9,0,104,17,10KV8037BSLA120141 ,KV ,299 ,PHD ,0338 ,Psychology ,  ,  ,139,56,83,0,75,12,5,7,0,1,2,37,0,5,4,23,116,10KS0338PHD120141 ,KV ,303 ,BALAS ,1008 ,African American Studies ,  ,  ,5,2,3,0,0,0,5,0,0,0,0,0,0,5,0,5,0,10KV1008BALA120141 ,KV ,303 ,BALAS ,1008 ,African American Studies ,  ,  ,1,1,0,0,0,0,1,0,0,0,0,0,0,1,0,1,0,10KV8037BALA120141 ,KV ,324 ,BALAS ,0344 ,Sociology ,  ,  ,184,75,109,0,64,21,41,22,0,0,9,26,1,50,8,149,35,10KV0344BALA120141 ,KV ,324 ,BALAS ,0344 ,Sociology ,  ,  ,25,10,15,0,9,5,3,5,0,0,0,3,0,4,1,21,4,10KV8037BALA120141 ,KV ,324 ,PHD ,0344 ,Sociology ,  ,  ,49,19,30,0,21,7,3,4,0,0,0,12,2,3,0,15,34,10KS0344PHD120141 ,KV ,361 ,MS ,0324 ,Entomology ,  ,  ,13,7,6,0,10,0,0,2,0,0,0,0,1,0,0,6,7,10KS0324MS120141 ,KV ,361 ,PHD ,0324 ,Entomology ,  ,  ,29,13,16,0,17,1,0,1,0,0,0,9,1,0,0,1,28,10KS0324PHD120141 ,KV ,362 ,BALAS ,0285 ,E Asian Languages & Cultures ,  ,  ,58,25,33,0,24,16,2,7,0,0,3,6,0,2,0,49,9,10KV0285BALA120141 ,KV ,362 ,BALAS ,0285 ,E Asian Languages & Cultures ,  ,  ,2,2,0,0,1,1,0,0,0,0,0,0,0,0,0,2,0,10KV8037BALA120141 ,KV ,362 ,MA ,0284 ,Asian Studies ,  ,  ,1,1,0,0,1,0,0,0,0,0,0,0,0,0,0,0,1,10KS0284MA120141 ,KV ,362 ,MA ,5311 ,East Asian Studies ,  ,  ,10,2,8,0,1,1,0,0,0,0,0,8,0,0,0,1,9,10KS5311MA120141 ,KV ,362 ,PHD ,0285 ,E Asian Languages & Cultures ,  ,  ,23,4,19,0,2,3,0,0,0,0,0,18,0,0,0,1,22,10KS0285PHD120141 ,KV ,377 ,MS ,0320 ,Plant Biology ,  ,  ,8,5,3,0,8,0,0,0,0,0,0,0,0,0,0,6,2,10KS0320MS120141 ,KV ,377 ,MS ,0320 ,Plant Biology ,5166 ,Professional Science Masters ,5,4,1,0,2,0,0,1,0,0,0,2,0,1,0,3,2,1PKS0320MS120141 ,KV ,377 ,PHD ,0320 ,Plant Biology ,  ,  ,32,16,16,0,20,2,0,3,0,0,0,6,1,1,0,10,22,10KS0320PHD120141 ,KV ,383 ,BSLAS ,0438 ,Integrative Biology ,  ,  ,390,166,224,0,250,49,26,41,0,3,8,11,2,30,2,369,21,10KV0438BSLA120141 ,KV ,383 ,BSLAS ,0438 ,Integrative Biology ,  ,  ,11,4,7,0,9,0,1,0,0,0,1,0,0,1,0,10,1,10KV8037BSLA120141 ,KV ,383 ,BSLAS ,0438 ,Integrative Biology ,5028 ,Honors Integrative Biology ,34,8,26,0,23,6,0,3,0,0,0,1,1,0,0,31,3,10KV5028BSLA120141 ,KV ,383 ,BSLAS ,0438 ,Integrative Biology ,5028 ,Honors Integrative Biology ,3,0,3,0,3,0,0,0,0,0,0,0,0,0,0,3,0,10KV8037BSLA120141 ,KV ,383 ,MS ,0314 ,Biology ,  ,  ,9,7,2,0,5,4,0,0,0,0,0,0,0,0,0,7,2,10KS0314MS120141 ,KV ,383 ,MS ,0314 ,Biology ,0315 ,"Ecology, Ethology, Evolution ",5,3,2,0,5,0,0,0,0,0,0,0,0,0,0,0,5,10KS0315MS120141 ,KV ,383 ,MS ,5107 ,"Ecol, Evol, Conservation Biol ",  ,  ,1,0,1,0,1,0,0,0,0,0,0,0,0,0,0,0,1,10KS5107MS120141 ,KV ,383 ,MS ,5278 ,Teaching of Biological Science ,  ,  ,13,5,8,0,11,0,0,0,0,0,0,0,2,0,0,11,2,10KS5278MSU120141 ,KV ,383 ,PHD ,0314 ,Biology ,  ,  ,1,1,0,0,1,0,0,0,0,0,0,0,0,0,0,1,0,10KS0315PHD120141 ,KV ,383 ,PHD ,0314 ,Biology ,0315 ,"Ecology, Ethology, Evolution ",9,6,3,0,7,0,0,1,0,0,1,0,0,0,1,1,8,10KS0315PHD120141 ,KV ,383 ,PHD ,0314 ,Biology ,0316 ,Ecology & Evolutionary Biology ,1,0,1,0,0,0,0,0,0,0,1,0,0,0,1,1,0,10KS0316PHD120141 ,KV ,383 ,PHD ,5107 ,"Ecol, Evol, Conservation Biol ",  ,  ,28,12,16,0,21,2,0,2,1,0,1,1,0,0,1,8,20,10KS5107PHD120141 ,KV ,397 ,BALAS ,0314 ,Biology ,  ,  ,2,1,1,0,2,0,0,0,0,0,0,0,0,0,0,2,0,10KV0314BALA120141 ,KV ,397 ,BSLAS ,0314 ,Biology ,  ,  ,1,0,1,0,0,0,0,0,0,0,1,0,0,1,0,1,0,10KV8037BSLA120141 ,KV ,397 ,BSLAS ,0314 ,Biology ,3993 ,Biology Teacher Educ Option ,6,3,3,0,3,1,0,0,0,0,2,0,0,0,2,6,0,10KV3993BSLA120141 ,KV ,397 ,NONE ,0314 ,Biology ,  ,  ,500,222,278,0,213,150,42,52,0,1,13,25,4,46,6,454,46,10KV0314NONE120141 ,KV ,405 ,BALAS ,0074 ,Economics ,  ,  ,714,520,194,0,257,106,14,28,0,1,12,292,4,19,1,378,336,10KV0074BALA120141 ,KV ,405 ,BALAS ,0074 ,Economics ,  ,  ,103,67,36,0,45,14,3,0,0,0,1,39,1,3,0,58,45,10KV8037BALA120141 ,KV ,405 ,MS ,0074 ,Economics ,3925 ,Policy Economics ,107,58,49,0,3,3,1,1,0,0,1,98,0,1,0,2,105,10KS3925MS120141 ,KV ,405 ,PHD ,0074 ,Economics ,  ,  ,104,68,36,0,9,6,1,3,0,0,1,83,1,1,0,4,100,10KS0074PHD120141 ,KV ,413 ,BS ,0335 ,Chemistry ,  ,  ,130,80,50,0,68,25,4,6,0,0,3,23,1,4,1,99,31,10KV0335BS120141 ,KV ,413 ,BS ,0335 ,Chemistry ,5023 ,Environmental Chemistry ,8,6,2,0,3,3,0,1,0,0,0,1,0,0,0,7,1,10KV5023BS120141 ,KV ,413 ,BSLAS ,0335 ,Chemistry ,  ,  ,315,202,113,0,129,64,18,26,0,0,8,67,3,21,1,221,94,10KV0335BSLA120141 ,KV ,413 ,BSLAS ,0335 ,Chemistry ,  ,  ,17,7,10,0,14,2,0,0,0,0,0,1,0,0,0,16,1,10KV8037BSLA120141 ,KV ,413 ,BSLAS ,0335 ,Chemistry ,3918 ,Chemistry Teaching Option ,9,5,4,0,8,0,1,0,0,0,0,0,0,1,0,8,1,10KV3918BSLA120141 ,KV ,413 ,BSLAS ,5350 ,Computer Sci & Chemistry ,  ,  ,1,0,1,0,1,0,0,0,0,0,0,0,0,0,0,1,0,10KV5350BSLA120141 ,KV ,413 ,MS ,0294 ,Teaching of Chemistry ,  ,  ,2,1,1,0,2,0,0,0,0,0,0,0,0,0,0,0,2,10KS0294MS120141 ,KV ,413 ,MS ,0335 ,Chemistry ,  ,  ,1,0,1,0,1,0,0,0,0,0,0,0,0,0,0,0,1,10KS0335MS120141 ,KV ,413 ,PHD ,0335 ,Chemistry ,  ,  ,290,179,111,0,151,20,1,9,3,0,6,93,7,1,4,16,274,10KS0335PHD120141 ,KV ,413 ,PHD ,0337 ,Chemical Physics ,  ,  ,7,6,1,0,4,1,1,0,0,0,0,1,0,1,0,0,7,10KS0337PHD120141 ,KV ,415 ,BSLAS ,0433 ,Molecular and Cellular Biology ,  ,  ,974,509,465,0,503,276,43,72,1,4,22,50,3,49,7,892,82,10KV0433BSLA120141 ,KV ,415 ,BSLAS ,0433 ,Molecular and Cellular Biology ,  ,  ,102,45,57,0,49,38,2,6,0,0,2,5,0,2,0,92,10,10KV8037BSLA120141 ,KV ,415 ,BSLAS ,0433 ,Molecular and Cellular Biology ,5121 ,Honors ,45,17,28,0,28,10,1,1,0,0,1,3,1,2,0,42,3,10KV0433BSLA120141 ,KV ,415 ,BSLAS ,0433 ,Molecular and Cellular Biology ,5121 ,Honors ,9,5,4,0,3,3,0,0,0,0,0,2,1,0,0,7,2,10KV8037BSLA120141 ,KV ,415 ,NONE ,3854 ,Molecular&Cell Bio-undeclared ,  ,  ,24,12,12,0,8,2,0,2,0,0,0,12,0,0,0,6,18,10KS3854NONE120141 ,KV ,415 ,PHD ,0319 ,Biophysics & Computnl Biology ,  ,  ,52,39,13,0,12,4,0,2,0,0,1,33,0,0,0,4,48,10KS0319PHD120141 ,KV ,415 ,PHD ,0323 ,Neuroscience ,  ,  ,50,24,26,0,29,8,1,3,0,1,1,7,0,2,1,12,38,10KS0323PHD120141 ,KV ,430 ,BALAS ,0333 ,Astronomy ,  ,  ,1,1,0,0,1,0,0,0,0,0,0,0,0,0,0,1,0,10KV0333BALA120141 ,KV ,430 ,BSLAS ,0333 ,Astronomy ,  ,  ,42,29,13,0,21,11,1,2,0,0,2,5,0,1,0,28,14,10KV0333BSLA120141 ,KV ,430 ,BSLAS ,0333 ,Astronomy ,  ,  ,1,1,0,0,1,0,0,0,0,0,0,0,0,0,0,1,0,10KV8037BSLA120141 ,KV ,430 ,BSLAS ,5349 ,Computer Sci & Astronomy ,  ,  ,1,1,0,0,1,0,0,0,0,0,0,0,0,0,0,1,0,10KV5349BSLA120141 ,KV ,430 ,MS ,0333 ,Astronomy ,  ,  ,2,1,1,0,2,0,0,0,0,0,0,0,0,0,0,1,1,10KS0333MS120141 ,KV ,430 ,PHD ,0333 ,Astronomy ,  ,  ,20,9,11,0,6,1,0,1,0,0,1,11,0,1,0,2,18,10KS0333PHD120141 ,KV ,438 ,BS ,0318 ,Biochemistry ,  ,  ,128,89,39,0,50,46,1,5,0,0,3,23,0,1,0,89,39,10KV0318BS120141 ,KV ,438 ,PHD ,0318 ,Biochemistry ,  ,  ,64,35,29,0,23,8,0,3,0,0,0,30,0,0,0,13,51,10KS0318PHD120141 ,KV ,451 ,BALAS ,0342 ,History ,  ,  ,207,133,72,2,145,13,6,26,0,0,3,12,2,6,2,188,19,10KV0342BALA120141 ,KV ,451 ,BALAS ,0342 ,History ,  ,  ,27,17,10,0,22,0,0,5,0,0,0,0,0,0,0,27,0,10KV8037BALA120141 ,KV ,451 ,BALAS ,0342 ,History ,5280 ,Social Science: History Tchng ,50,21,29,0,47,0,0,3,0,0,0,0,0,0,0,49,1,10KV0342BALA120141 ,KV ,451 ,PHD ,0342 ,History ,  ,  ,88,47,41,0,55,3,3,8,0,0,6,11,2,5,1,11,77,10KS0342PHD120141 ,KV ,461 ,MA ,0283 ,African Studies ,  ,  ,2,1,1,0,0,0,0,0,0,0,0,2,0,0,0,0,2,10KS0283MA120141 ,KV ,489 ,BALAS ,5164 ,Communication ,  ,  ,747,318,428,1,442,57,99,66,1,0,16,59,7,109,7,642,105,10KV5164BALA120141 ,KV ,489 ,BALAS ,5164 ,Communication ,  ,  ,33,9,24,0,22,1,1,6,0,0,1,2,0,1,0,29,4,10KV8037BALA120141 ,KV ,489 ,MA ,5164 ,Communication ,  ,  ,18,4,14,0,13,0,0,2,0,0,0,3,0,0,0,4,14,10KS5164MA120141 ,KV ,489 ,PHD ,0313 ,Speech Communication ,  ,  ,3,3,0,0,2,0,0,1,0,0,0,0,0,0,0,1,2,10KS0313PHD120141 ,KV ,489 ,PHD ,5164 ,Communication ,  ,  ,36,12,24,0,26,0,2,0,0,0,0,7,1,2,0,10,26,10KS5164PHD120141 ,KV ,490 ,BALAS ,5197 ,Religion ,  ,  ,11,9,2,0,5,2,2,1,0,0,1,0,0,3,0,11,0,10KV5197BALA120141 ,KV ,490 ,BALAS ,5197 ,Religion ,  ,  ,1,0,1,0,1,0,0,0,0,0,0,0,0,0,0,1,0,10KV8037BALA120141 ,KV ,490 ,MA ,5197 ,Religion ,  ,  ,12,9,3,0,10,2,0,0,0,0,0,0,0,0,0,6,6,10KS5197MA120141 ,KV ,499 ,BALAS ,0311 ,English ,  ,  ,299,92,207,0,190,39,27,28,1,0,8,6,0,30,3,285,14,10KV0311BALA120141 ,KV ,499 ,BALAS ,0311 ,English ,  ,  ,43,6,37,0,32,5,2,1,0,0,3,0,0,2,0,43,0,10KV8037BALA120141 ,KV ,499 ,BALAS ,0311 ,English ,3916 ,English Teaching Option ,56,13,43,0,46,2,2,5,0,0,1,0,0,3,1,56,0,10KV3916BALA120141 ,KV ,499 ,BALAS ,0420 ,Rhetoric ,  ,  ,4,3,1,0,4,0,0,0,0,0,0,0,0,0,0,4,0,10KV0420BALA120141 ,KV ,499 ,BALAS ,0420 ,Rhetoric ,3892 ,Creative Writing ,41,11,30,0,24,2,6,7,0,0,1,1,0,7,0,40,1,10KV3892BALA120141 ,KV ,499 ,BALAS ,0420 ,Rhetoric ,3892 ,Creative Writing ,8,2,6,0,7,1,0,0,0,0,0,0,0,0,0,8,0,10KV8037BALA120141 ,KV ,499 ,BALAS ,5347 ,Creative Writing ,  ,  ,26,13,13,0,16,3,4,3,0,0,0,0,0,4,0,26,0,10KV5347BALA120141 ,KV ,499 ,BALAS ,5347 ,Creative Writing ,  ,  ,6,2,4,0,5,0,1,0,0,0,0,0,0,1,0,6,0,10KV8037BALA120141 ,KV ,499 ,MA ,0311 ,English ,  ,  ,19,10,9,0,17,0,0,2,0,0,0,0,0,0,0,5,14,10KS0311MA120141 ,KV ,499 ,MFA ,1136 ,Creative Writing ,  ,  ,18,6,12,0,13,1,2,0,0,0,1,0,1,2,1,4,14,10KS1136MFA120141 ,KV ,499 ,NDEG ,0311 ,English ,  ,  ,2,1,1,0,1,0,0,0,0,0,0,1,0,0,0,1,1,10KS0311NDEG120141 ,KV ,499 ,PHD ,0311 ,English ,  ,  ,91,25,66,0,58,9,2,11,1,0,1,8,1,2,1,18,73,10KS0311PHD120141 ,KV ,499 ,PHD ,0311 ,English ,5080 ,Medieval Studies ,1,0,1,0,1,0,0,0,0,0,0,0,0,0,0,0,1,10KS0311PHD120141 ,KV ,499 ,PHD ,0311 ,English ,5139 ,Writing Studies ,1,0,1,0,1,0,0,0,0,0,0,0,0,0,0,0,1,10KS0311PHD120141 ,KV ,514 ,BA ,0345 ,Teaching of Latin ,  ,  ,1,1,0,0,1,0,0,0,0,0,0,0,0,0,0,1,0,10KV0345BA120141 ,KV ,514 ,BALAS ,0308 ,Classics ,  ,  ,9,7,2,0,7,0,0,1,0,0,0,0,1,0,0,9,0,10KV0308BALA120141 ,KV ,514 ,BALAS ,0308 ,Classics ,3878 ,Classical Civilization ,3,1,2,0,3,0,0,0,0,0,0,0,0,0,0,3,0,10KV3878BALA120141 ,KV ,514 ,MA ,0308 ,Classics ,  ,  ,8,5,3,0,4,1,0,0,0,0,1,2,0,1,0,1,7,10KS0308MA120141 ,KV ,514 ,MA ,0345 ,Teaching of Latin ,  ,  ,1,0,1,0,1,0,0,0,0,0,0,0,0,0,0,1,0,10KS0345MA120141 ,KV ,514 ,PHD ,0347 ,Classical Philology ,  ,  ,8,6,2,0,6,0,0,1,0,0,0,1,0,0,0,1,7,10KS0347PHD120141 ,KV ,553 ,BALAS ,0287 ,Russian & E European Studies ,  ,  ,1,0,1,0,1,0,0,0,0,0,0,0,0,0,0,1,0,10KV0287BALA120141 ,KV ,553 ,BALAS ,4097 ,"Russian, E Eur, Eurasian St ",  ,  ,4,2,2,0,4,0,0,0,0,0,0,0,0,0,0,4,0,10KV4097BALA120141 ,KV ,553 ,MA ,4097 ,"Russian, E Eur, Eurasian St ",  ,  ,6,3,3,0,6,0,0,0,0,0,0,0,0,0,0,1,5,10KS4097MA120141 ,KV ,580 ,BALAS ,0150 ,History of Art ,  ,  ,26,1,25,0,18,1,1,1,0,0,0,5,0,1,0,21,5,10KV0150BALA120141 ,KV ,580 ,BALAS ,0150 ,History of Art ,  ,  ,2,0,2,0,1,0,0,0,0,0,0,1,0,0,0,1,1,10KV8037BALA120141 ,KV ,580 ,BALAS ,0401 ,International Studies ,  ,  ,1,1,0,0,0,0,0,0,0,0,0,1,0,0,0,0,1,10KV0401BALA120141 ,KV ,580 ,BALAS ,0463 ,Individual Plans of Study ,  ,  ,2,1,1,0,1,0,0,1,0,0,0,0,0,0,0,2,0,10KV0463BALA120141 ,KV ,580 ,BALAS ,3865 ,Interdisciplinary ,  ,  ,1,0,1,0,0,0,0,0,0,0,0,1,0,0,0,0,1,10KV3865BALA120141 ,KV ,580 ,BALAS ,3865 ,Interdisciplinary ,3866 ,Medieval Civilization ,1,0,1,0,1,0,0,0,0,0,0,0,0,0,0,1,0,10KV3866BALA120141 ,KV ,580 ,BALAS ,3865 ,Interdisciplinary ,5353 ,Jewish Studies ,1,0,1,0,1,0,0,0,0,0,0,0,0,0,0,1,0,10KV5353BALA120141 ,KV ,580 ,BALAS ,5206 ,Global Studies ,  ,  ,188,54,134,0,94,32,17,16,0,0,7,22,0,21,1,160,28,10KV5206BALA120141 ,KV ,580 ,BALAS ,5206 ,Global Studies ,  ,  ,50,9,41,0,27,8,0,11,0,0,1,3,0,1,0,44,6,10KV8037BALA120141 ,KV ,580 ,BS ,0240 ,Physics ,  ,  ,126,114,12,0,69,21,1,2,0,0,2,31,0,1,3,75,51,10KV0240BS120141 ,KV ,580 ,BSLAS ,0240 ,Physics ,  ,  ,161,142,19,0,68,16,3,2,0,1,3,67,1,3,1,75,86,10KV0240BSLA120141 ,KV ,580 ,BSLAS ,0240 ,Physics ,  ,  ,11,11,0,0,8,1,0,0,0,0,0,2,0,0,0,8,3,10KV8037BSLA120141 ,KV ,580 ,BSLAS ,0240 ,Physics ,3919 ,Physics Teaching Option ,7,6,1,0,6,0,0,1,0,0,0,0,0,0,0,7,0,10KV3919BSLA120141 ,KV ,580 ,BSLAS ,0463 ,Individual Plans of Study ,  ,  ,6,1,5,0,5,1,0,0,0,0,0,0,0,0,0,6,0,10KV0463BSLA120141 ,KV ,580 ,NDEG ,0067 ,Nondegree ,  ,  ,159,75,84,0,56,11,0,6,0,0,3,76,7,0,1,71,88,10KV0067NDEG120141 ,KV ,580 ,NONE ,0390 ,General Curriculum ,  ,  ,193,102,91,0,54,39,47,40,0,0,4,9,0,52,1,177,16,10KV0390NONE120141 ,KV ,580 ,NONE ,5246 ,LAS - Undeclared ,  ,  ,124,45,79,0,3,8,79,29,0,0,4,0,1,85,2,117,7,10KV5246NONE120141 ,KV ,583 ,BALAS ,0329 ,Statistics ,  ,  ,1,1,0,0,0,1,0,0,0,0,0,0,0,0,0,1,0,10KV8037BALA120141 ,KV ,583 ,BSLAS ,0329 ,Statistics ,  ,  ,125,89,36,0,47,18,2,8,0,0,8,42,0,3,1,77,48,10KV0329BSLA120141 ,KV ,583 ,BSLAS ,0329 ,Statistics ,  ,  ,20,13,7,0,7,1,0,0,0,0,0,12,0,0,0,7,13,10KV8037BSLA120141 ,KV ,583 ,BSLAS ,0464 ,Statistics & Computer Science ,  ,  ,35,29,6,0,8,11,1,4,0,0,1,10,0,1,0,17,18,10KV0464BSLA120141 ,KV ,583 ,BSLAS ,0464 ,Statistics & Computer Science ,  ,  ,2,1,1,0,2,0,0,0,0,0,0,0,0,0,0,2,0,10KV8037BSLA120141 ,KV ,583 ,MS ,0329 ,Statistics ,  ,  ,49,22,27,0,6,4,0,1,0,0,1,37,0,1,0,11,38,10KS0329MS120141 ,KV ,583 ,MS ,0329 ,Statistics ,  ,  ,8,4,4,0,2,1,0,1,0,0,0,3,1,0,0,4,4,10KS5165MS120141 ,KV ,583 ,MS ,0329 ,Statistics ,5165 ,Analytics ,8,5,3,0,2,0,0,0,0,0,0,6,0,0,0,2,6,10KS5165MS120141 ,KV ,583 ,PHD ,0329 ,Statistics ,  ,  ,34,22,12,0,7,3,1,1,0,0,0,22,0,1,0,5,29,10KS0329PHD120141 ,KV ,584 ,PHD ,4094 ,Cell and Developmental Biology ,  ,  ,55,25,30,0,9,6,0,1,0,0,0,39,0,0,0,4,51,10KS4094PHD120141 ,KV ,585 ,BA ,0297 ,Teaching of Spanish ,  ,  ,20,3,17,0,12,0,0,8,0,0,0,0,0,0,0,20,0,10KV0297BA120141 ,KV ,585 ,BALAS ,0305 ,Italian ,  ,  ,4,3,1,0,3,0,0,1,0,0,0,0,0,0,0,4,0,10KV0305BALA120141 ,KV ,585 ,BALAS ,0305 ,Italian ,  ,  ,1,0,1,0,1,0,0,0,0,0,0,0,0,0,0,1,0,10KV8037BALA120141 ,KV ,585 ,BALAS ,0306 ,Portuguese ,  ,  ,2,1,1,0,0,1,0,1,0,0,0,0,0,0,0,1,1,10KV0306BALA120141 ,KV ,585 ,BALAS ,0307 ,Spanish ,  ,  ,102,27,75,0,56,4,10,28,0,0,3,0,1,13,2,101,1,10KV0307BALA120141 ,KV ,585 ,BALAS ,0307 ,Spanish ,  ,  ,23,5,18,0,18,1,0,4,0,0,0,0,0,0,1,21,2,10KV8037BALA120141 ,KV ,585 ,MA ,0306 ,Portuguese ,  ,  ,2,0,2,0,0,0,0,0,0,0,0,2,0,0,0,0,2,10KS0306MA120141 ,KV ,585 ,MA ,0307 ,Spanish ,  ,  ,14,5,9,0,7,0,0,2,0,0,1,4,0,1,0,4,10,10KS0307MA120141 ,KV ,585 ,MA ,0307 ,Spanish ,5122 ,Spanish Linguistics ,8,2,6,0,4,0,0,0,0,0,0,4,0,0,0,2,6,10KS0307MA120141 ,KV ,585 ,MA ,0307 ,Spanish ,5363 ,Spanish Literatures & Cultures ,3,0,3,0,3,0,0,0,0,0,0,0,0,0,0,2,1,10KS0307MA120141 ,KV ,585 ,PHD ,0305 ,Italian ,  ,  ,1,0,1,0,1,0,0,0,0,0,0,0,0,0,0,0,1,10KS0305PHD120141 ,KV ,585 ,PHD ,0305 ,Italian ,5080 ,Medieval Studies ,1,1,0,0,1,0,0,0,0,0,0,0,0,0,0,0,1,10KS0305PHD120141 ,KV ,585 ,PHD ,0307 ,Spanish ,  ,  ,19,5,14,0,7,0,0,5,0,0,0,7,0,1,0,2,17,10KS0307PHD120141 ,KV ,585 ,PHD ,0307 ,Spanish ,5352 ,Romance Linguistics ,1,1,0,0,1,0,0,0,0,0,0,0,0,0,0,1,0,10KS0307PHD120141 ,KV ,604 ,PHD ,0325 ,Molecular & Integrative Physi ,  ,  ,26,11,15,0,14,3,1,0,0,0,0,8,0,1,0,10,16,10KS0325PHD120141 ,KV ,625 ,MA ,5346 ,Translation and Interpreting ,  ,  ,5,1,4,0,3,0,0,1,0,0,0,1,0,0,0,3,2,10KS5346MA120141 ,KV ,655 ,BS ,0336 ,Geology ,  ,  ,30,23,7,0,21,1,1,3,0,0,2,1,1,1,0,29,1,10KV0336BS120141 ,KV ,655 ,BS ,0336 ,Geology ,3880 ,Geophysics ,6,3,3,0,3,1,0,2,0,0,0,0,0,0,0,4,2,10KV3880BS120141 ,KV ,655 ,BS ,0336 ,Geology ,3881 ,Environmental Geology ,2,2,0,0,1,1,0,0,0,0,0,0,0,0,0,1,1,10KV3881BS120141 ,KV ,655 ,BSLAS ,0336 ,Geology ,  ,  ,25,17,8,0,19,1,1,2,0,0,0,1,1,1,0,23,2,10KV0336BSLA120141 ,KV ,655 ,BSLAS ,0336 ,Geology ,3882 ,Earth & Environmental Sciences ,6,3,3,0,4,0,1,0,0,0,0,1,0,1,0,5,1,10KV3882BSLA120141 ,KV ,655 ,MS ,0336 ,Geology ,  ,  ,16,10,6,0,12,0,0,3,0,0,0,1,0,0,0,10,6,10KS0336MS120141 ,KV ,655 ,PHD ,0336 ,Geology ,  ,  ,19,10,9,0,12,1,0,0,0,0,0,6,0,0,0,3,16,10KS0336PHD120141 ,KV ,670 ,MA ,5203 ,European Union Studies ,  ,  ,9,4,5,0,6,1,0,0,0,0,0,2,0,0,0,5,4,10KS5203MA120141 ,KV ,680 ,BALAS ,1279 ,Gender and Women's Studies ,  ,  ,13,1,12,0,1,0,6,4,0,0,2,0,0,7,0,13,0,10KV1279BALA120141 ,KV ,687 ,BS ,0300 ,Chemical Engineering ,  ,  ,636,447,189,0,336,142,11,41,0,0,18,85,3,14,3,472,164,10KV0300BS120141 ,KV ,687 ,BS ,0300 ,Chemical Engineering ,5029 ,Biomolecular Engineering ,11,7,4,0,5,2,0,2,0,0,0,2,0,0,0,7,4,10KV5029BS120141 ,KV ,687 ,MS ,0300 ,Chemical Engineering ,  ,  ,5,2,3,0,1,0,0,0,0,0,0,4,0,0,0,0,5,10KS0300MS120141 ,KV ,687 ,PHD ,0300 ,Chemical Engineering ,  ,  ,93,63,30,0,34,11,0,1,0,0,0,46,1,0,0,4,89,10KS0300PHD120141 ,KV ,710 ,BALAS ,0343 ,Political Science ,  ,  ,524,342,182,0,291,50,57,76,0,2,16,28,4,68,5,470,54,10KV0343BALA120141 ,KV ,710 ,BALAS ,0343 ,Political Science ,  ,  ,128,76,52,0,90,10,2,20,0,1,0,5,0,2,1,119,9,10KV8037BALA120141 ,KV ,710 ,MA ,0343 ,Political Science ,5120 ,Civic Leadership ,7,3,4,0,2,2,0,2,0,0,1,0,0,0,0,7,0,10KS0343MA120141 ,KV ,710 ,PHD ,0343 ,Political Science ,  ,  ,49,31,18,0,40,3,0,2,0,0,1,2,1,0,3,11,38,10KS0343PHD120141 ,KV ,715 ,BALAS ,0332 ,Philosophy ,  ,  ,60,43,17,0,39,6,3,7,0,0,1,4,0,4,1,54,6,10KV0332BALA120141 ,KV ,715 ,BALAS ,0332 ,Philosophy ,  ,  ,5,2,3,0,3,2,0,0,0,0,0,0,0,0,0,5,0,10KV8037BALA120141 ,KV ,715 ,PHD ,0332 ,Philosophy ,  ,  ,24,21,3,0,22,1,0,1,0,0,0,0,0,0,0,6,18,10KS0332PHD120141 ,KV ,729 ,BALAS ,0286 ,Latin American Studies ,  ,  ,4,1,3,0,1,0,0,1,0,0,1,1,0,0,2,3,1,10KV0286BALA120141 ,KV ,729 ,MA ,0286 ,Latin American Studies ,  ,  ,7,1,6,0,5,0,1,0,0,0,0,1,0,1,0,3,4,10KS0286MA120141 ,KV ,771 ,BALAS ,1120 ,Comparative Literature ,  ,  ,2,1,1,0,2,0,0,0,0,0,0,0,0,0,0,2,0,10KV1120BALA120141 ,KV ,771 ,BALAS ,1120 ,Comparative Literature ,  ,  ,1,1,0,0,1,0,0,0,0,0,0,0,0,0,0,1,0,10KV8037BALA120141 ,KV ,771 ,BALAS ,1120 ,Comparative Literature ,3905 ,World Literature ,1,1,0,0,1,0,0,0,0,0,0,0,0,0,0,1,0,10KV3905BALA120141 ,KV ,771 ,BALAS ,1120 ,Comparative Literature ,3905 ,World Literature ,1,0,1,0,0,1,0,0,0,0,0,0,0,0,0,1,0,10KV8037BALA120141 ,KV ,771 ,MA ,1120 ,Comparative Literature ,  ,  ,10,3,7,0,3,0,0,1,0,0,0,6,0,0,0,1,9,10KS1120MA120141 ,KV ,771 ,PHD ,1120 ,Comparative Literature ,  ,  ,10,4,6,0,6,1,0,0,0,0,0,3,0,0,0,0,10,10KS1120PHD120141 ,KV ,864 ,BALAS ,0301 ,Linguistics ,  ,  ,53,21,32,0,29,4,4,10,0,0,2,3,1,6,0,48,5,10KV0301BALA120141 ,KV ,864 ,BALAS ,0301 ,Linguistics ,  ,  ,7,0,7,0,6,0,1,0,0,0,0,0,0,1,0,6,1,10KV8037BALA120141 ,KV ,864 ,MA ,0299 ,Teaching of English Sec Lang ,  ,  ,55,15,40,0,23,4,0,1,0,0,3,24,0,2,0,20,35,10KS0299MA120141 ,KV ,864 ,MA ,0301 ,Linguistics ,  ,  ,16,5,11,0,9,0,0,0,0,0,1,6,0,0,0,2,14,10KS0301MA120141 ,KV ,864 ,NDEG ,0299 ,Teaching of English Sec Lang ,  ,  ,1,0,1,0,1,0,0,0,0,0,0,0,0,0,0,1,0,10KS0299NDEU120141 ,KV ,864 ,NDEG ,0301 ,Linguistics ,  ,  ,3,0,3,0,2,0,0,0,0,0,0,1,0,0,0,2,1,10KS0301NDEG120141 ,KV ,864 ,PHD ,0301 ,Linguistics ,  ,  ,28,11,17,0,8,3,0,0,0,0,0,17,0,0,0,4,24,10KS0301PHD120141 ,KV ,864 ,PHD ,0301 ,Linguistics ,5040 ,Second Language Teaching ,1,0,1,0,0,0,0,0,0,0,0,1,0,0,0,0,1,10KS0301PHD120141 ,KV ,872 ,BALAS ,0341 ,Geography ,  ,  ,2,2,0,0,2,0,0,0,0,0,0,0,0,0,0,2,0,10KV0341BALA120141 ,KV ,872 ,BALAS ,0341 ,Geography ,3886 ,Geographic Information Science ,1,1,0,0,1,0,0,0,0,0,0,0,0,0,0,1,0,10KV3886BALA120141 ,KV ,872 ,BALAS ,5330 ,Geography & Geographic Info Sc ,  ,  ,12,12,0,0,8,1,1,1,0,0,0,1,0,1,0,11,1,10KV5330BALA120141 ,KV ,872 ,BALAS ,5330 ,Geography & Geographic Info Sc ,3886 ,Geographic Information Science ,7,6,1,0,5,0,1,1,0,0,0,0,0,1,0,7,0,10KV5330BALA120141 ,KV ,872 ,MA ,0341 ,Geography ,  ,  ,3,1,2,0,2,0,0,0,0,0,0,1,0,0,0,1,2,10KS0341MA120141 ,KV ,872 ,MS ,0341 ,Geography ,  ,  ,3,2,1,0,2,0,0,0,0,0,0,1,0,0,0,0,3,10KS0341MS120141 ,KV ,872 ,PHD ,0341 ,Geography ,  ,  ,27,18,9,0,9,2,0,0,0,0,1,14,1,0,1,2,25,10KS0341PHD120141 ,KV ,927 ,BA ,0296 ,Teaching of German ,  ,  ,1,0,1,0,1,0,0,0,0,0,0,0,0,0,0,1,0,10KV0296BA120141 ,KV ,927 ,BALAS ,0412 ,Germanic Lang & Lit ,  ,  ,5,1,4,0,3,0,0,1,0,0,0,1,0,0,0,4,1,10KV0412BALA120141 ,KV ,927 ,BALAS ,0412 ,Germanic Lang & Lit ,  ,  ,1,1,0,0,1,0,0,0,0,0,0,0,0,0,0,1,0,10KV8037BALA120141 ,KV ,927 ,BALAS ,0412 ,Germanic Lang & Lit ,3887 ,German and Commercial Studies ,3,3,0,0,3,0,0,0,0,0,0,0,0,0,0,3,0,10KV3887BALA120141 ,KV ,927 ,BALAS ,0412 ,Germanic Lang & Lit ,3888 ,Language and Literature ,2,1,1,0,2,0,0,0,0,0,0,0,0,0,0,2,0,10KV3888BALA120141 ,KV ,927 ,BALAS ,0412 ,Germanic Lang & Lit ,3889 ,Language Studies ,1,0,1,0,0,0,0,0,0,0,1,0,0,0,0,1,0,10KV8037BALA120141 ,KV ,927 ,BALAS ,0412 ,Germanic Lang & Lit ,3890 ,Modern German Studies ,1,0,1,0,1,0,0,0,0,0,0,0,0,0,0,1,0,10KV3890BALA120141 ,KV ,927 ,BALAS ,0412 ,Germanic Lang & Lit ,3891 ,Scandinavian Studies ,1,1,0,0,0,0,0,1,0,0,0,0,0,0,0,1,0,10KV3891BALA120141 ,KV ,927 ,MA ,0303 ,German ,  ,  ,7,3,4,0,5,0,0,0,0,0,0,2,0,0,0,4,3,10KS0303MA120141 ,KV ,927 ,NDEG ,0303 ,German ,  ,  ,2,0,2,0,0,0,0,0,0,0,0,2,0,0,0,0,2,10KS0303NDEG120141 ,KV ,927 ,PHD ,0303 ,German ,  ,  ,9,3,6,0,5,0,0,0,0,0,0,4,0,0,0,2,7,10KS0303PHD120141 ,KV ,948 ,MS ,0322 ,Microbiology ,  ,  ,1,1,0,0,1,0,0,0,0,0,0,0,0,0,0,1,0,10KS0322MS120141 ,KV ,948 ,PHD ,0322 ,Microbiology ,  ,  ,59,23,36,0,29,3,1,4,0,0,3,18,1,2,1,15,44,10KS0322PHD120141 ,KV ,954 ,MA ,5312 ,S Asian & Middle Eastern St ,  ,  ,2,1,1,0,0,0,0,1,0,0,0,1,0,0,0,1,1,10KS5312MA120141 ,KV ,958 ,BALAS ,0411 ,Russian Lang & Literature ,  ,  ,5,4,1,0,4,0,0,0,0,0,0,1,0,0,0,3,2,10KV0411BALA120141 ,KV ,958 ,BALAS ,0411 ,Russian Lang & Literature ,  ,  ,1,0,1,0,1,0,0,0,0,0,0,0,0,0,0,1,0,10KV8037BALA120141 ,KV ,958 ,MA ,0302 ,Slavic Languages & Literature ,  ,  ,1,0,1,0,0,0,0,1,0,0,0,0,0,0,0,0,1,10KS0302MA120141 ,KV ,958 ,PHD ,0302 ,Slavic Languages & Literature ,  ,  ,15,2,13,0,7,1,1,0,0,0,0,5,1,1,0,1,14,10KS0302PHD120141 ,KV ,982 ,BALAS ,5167 ,Latina/Latino Studies ,  ,  ,3,2,1,0,0,2,0,1,0,0,0,0,0,0,0,3,0,10KV5167BALA120141 ,KV ,982 ,BALAS ,5167 ,Latina/Latino Studies ,  ,  ,2,1,1,0,0,0,0,2,0,0,0,0,0,1,0,2,0,10KV8037BALA120141 ,KV ,985 ,BA ,0295 ,Teaching of French ,  ,  ,6,0,6,0,6,0,0,0,0,0,0,0,0,0,0,6,0,10KV0295BA120141 ,KV ,985 ,BALAS ,0304 ,French ,  ,  ,12,3,9,0,7,1,2,1,0,0,0,1,0,2,1,10,2,10KV0304BALA120141 ,KV ,985 ,BALAS ,0304 ,French ,  ,  ,1,0,1,0,1,0,0,0,0,0,0,0,0,0,0,1,0,10KV8037BALA120141 ,KV ,985 ,BALAS ,0304 ,French ,3875 ,French Commercial Studies ,6,0,6,0,4,1,0,0,0,0,0,1,0,0,0,5,1,10KV3875BALA120141 ,KV ,985 ,BALAS ,0304 ,French ,3875 ,French Commercial Studies ,1,0,1,0,1,0,0,0,0,0,0,0,0,0,0,1,0,10KV8037BALA120141 ,KV ,985 ,BALAS ,0304 ,French ,3876 ,French Studies ,3,1,2,0,2,0,0,0,0,0,1,0,0,0,1,3,0,10KV3876BALA120141 ,KV ,985 ,BALAS ,0304 ,French ,3876 ,French Studies ,1,1,0,0,1,0,0,0,0,0,0,0,0,0,0,1,0,10KV8037BALA120141 ,KV ,985 ,MA ,0304 ,French ,  ,  ,7,4,3,0,3,0,0,0,0,0,0,4,0,0,0,1,6,10KS0304MA120141 ,KV ,985 ,NDEG ,0304 ,French ,  ,  ,1,0,1,0,0,0,0,0,0,0,0,1,0,0,0,0,1,10KS0304NDEG120141 ,KV ,985 ,PHD ,0304 ,French ,  ,  ,16,5,11,0,8,1,3,0,0,0,0,4,0,3,0,2,14,10KS0304PHD120141 ,KV ,  ,  ,  ,Liberal Arts & Sci ,  ,***College total*** ,13437,6942,6491,4,6677,1884,784,1106,11,20,301,2559,95,909,106,9156,4281,  ,,,,,,,,,,,,,,,,,,,,,,,,, ,,,,,,,,,,,,,,,,,,,,,,,,,120141 ,KW ,  ,  ,  ,General Studies ,  ,  ,  ,  ,  ,  ,  ,  ,  ,  ,  ,  ,  ,  ,  ,  ,  ,  ,  , 120141 ,KW ,605 ,NONE ,5083 ,Undeclared ,  ,  ,2368,1393,975,0,1142,365,177,306,2,2,67,294,13,214,28,1949,419,10KW5083NONE120141 ,KW ,  ,  ,  ,General Studies ,  ,***College total*** ,2368,1393,975,0,1142,365,177,306,2,2,67,294,13,214,28,1949,419,  ,,,,,,,,,,,,,,,,,,,,,,,,, ,,,,,,,,,,,,,,,,,,,,,,,,,120141 ,KY ,  ,  ,  ,Applied Health Sci ,  ,  ,  ,  ,  ,  ,  ,  ,  ,  ,  ,  ,  ,  ,  ,  ,  ,  ,  , 120141 ,KY ,294 ,BS ,5204 ,Health ,  ,  ,17,1,16,0,8,2,2,3,0,0,2,0,0,3,0,16,1,10KY5204BS120141 ,KY ,294 ,BS ,5204 ,Health ,5219 ,Health and Aging ,27,3,24,0,11,7,5,4,0,0,0,0,0,5,0,26,1,10KY5204BS120141 ,KY ,294 ,BS ,5204 ,Health ,5220 ,Health Behavior Change ,87,27,60,0,48,13,10,9,0,0,6,0,1,14,4,84,3,10KY5204BS120141 ,KY ,294 ,BS ,5204 ,Health ,5221 ,Health Diversity ,40,9,31,0,18,7,7,8,0,0,0,0,0,7,1,40,0,10KY5204BS120141 ,KY ,294 ,BS ,5460 ,Interdisciplinary Health Sci ,  ,  ,3,1,2,0,2,1,0,0,0,0,0,0,0,0,0,3,0,10KY5460BS120141 ,KY ,294 ,BS ,5460 ,Interdisciplinary Health Sci ,5219 ,Health and Aging ,8,2,6,0,6,0,1,1,0,0,0,0,0,1,0,8,0,10KY5460BS120141 ,KY ,294 ,BS ,5460 ,Interdisciplinary Health Sci ,5220 ,Health Behavior Change ,17,5,12,0,10,4,1,0,0,0,2,0,0,2,0,17,0,10KY5460BS120141 ,KY ,294 ,BS ,5460 ,Interdisciplinary Health Sci ,5221 ,Health Diversity ,12,3,9,0,10,1,0,1,0,0,0,0,0,1,1,12,0,10KY5460BS120141 ,KY ,581 ,BS ,0349 ,Community Health ,  ,  ,56,29,27,0,29,3,12,8,0,0,3,1,0,13,0,52,4,10KY0349BS120141 ,KY ,581 ,BS ,0349 ,Community Health ,0473 ,Health Education ,185,27,158,0,84,23,46,27,0,0,5,0,0,51,3,179,6,10KY0473BS120141 ,KY ,581 ,BS ,0349 ,Community Health ,0474 ,Health Planning & Admin ,318,99,219,0,122,91,46,47,0,0,11,1,0,56,0,309,9,10KY0474BS120141 ,KY ,581 ,BS ,0349 ,Community Health ,0495 ,Rehab & Disability Studies ,119,34,85,0,61,15,18,18,0,0,6,0,1,21,1,109,10,10KY0495BS120141 ,KY ,581 ,BS ,0351 ,Kinesiology ,  ,  ,537,218,319,0,370,54,35,54,0,0,14,8,2,39,4,502,35,10KY0351BS120141 ,KY ,581 ,BS ,0351 ,Kinesiology ,4049 ,Teacher Education K-12 ,24,13,11,0,19,1,0,3,0,0,1,0,0,1,0,24,0,10KY4049BS120141 ,KY ,581 ,BS ,5185 ,Athletic Training ,  ,  ,1,0,1,0,0,0,0,0,0,0,1,0,0,0,1,1,0,10KY5185BS120141 ,KY ,581 ,MPH ,1630 ,Public Health ,  ,  ,27,8,19,0,14,1,6,5,0,0,0,1,0,6,1,23,4,10KS1630MPH120141 ,KY ,581 ,MS ,0349 ,Community Health ,  ,  ,3,0,3,0,1,0,2,0,0,0,0,0,0,2,0,3,0,10KS0349MS120141 ,KY ,581 ,MS ,0351 ,Kinesiology ,  ,  ,15,8,7,0,10,0,2,0,0,0,0,3,0,2,0,9,6,10KS0351MS120141 ,KY ,581 ,PHD ,0349 ,Community Health ,  ,  ,34,9,25,0,11,2,9,3,0,0,1,7,1,11,1,20,14,10KS0349PHD120141 ,KY ,581 ,PHD ,0351 ,Kinesiology ,  ,  ,57,30,27,0,30,2,3,0,0,0,1,21,0,3,0,16,41,10KS0351PHD120141 ,KY ,679 ,AUD ,1053 ,Audiology ,  ,  ,19,1,18,0,16,1,1,0,0,0,1,0,0,2,0,16,3,10KS1053AUD120141 ,KY ,679 ,BS ,0354 ,Speech & Hearing Science ,  ,  ,29,2,27,0,26,1,1,1,0,0,0,0,0,1,0,28,1,10KY0354BS120141 ,KY ,679 ,BS ,0354 ,Speech & Hearing Science ,4066 ,Human Communication Science ,1,0,1,0,1,0,0,0,0,0,0,0,0,0,0,1,0,10KY4066BS120141 ,KY ,679 ,BS ,0354 ,Speech & Hearing Science ,4067 ,Audiology ,17,1,16,0,11,4,0,2,0,0,0,0,0,0,0,16,1,10KY4067BS120141 ,KY ,679 ,BS ,0354 ,Speech & Hearing Science ,4068 ,Speech-Language Pathology ,253,5,248,0,210,12,4,20,0,0,5,1,1,5,2,249,4,10KY4068BS120141 ,KY ,679 ,MA ,0354 ,Speech & Hearing Science ,  ,  ,55,6,49,0,47,2,1,2,0,0,0,1,2,1,0,46,9,10KS0354MA120141 ,KY ,679 ,PHD ,0354 ,Speech & Hearing Science ,  ,  ,8,0,8,0,5,0,1,0,0,0,0,2,0,1,0,4,4,10KS0354PHD120141 ,KY ,682 ,NDEG ,0067 ,Nondegree ,  ,  ,3,0,3,0,0,0,1,0,0,0,0,2,0,1,0,1,2,10KY0067NDEG120141 ,KY ,714 ,BS ,4043 ,"Recreation, Sport, and Tourism ",  ,  ,36,25,11,0,26,1,2,4,0,0,1,2,0,5,1,31,5,10KY4043BS120141 ,KY ,714 ,BS ,4043 ,"Recreation, Sport, and Tourism ",4044 ,Recreation Management ,40,11,29,0,35,0,2,2,0,0,1,0,0,3,0,40,0,10KY4044BS120141 ,KY ,714 ,BS ,4043 ,"Recreation, Sport, and Tourism ",4045 ,Tourism Management ,35,12,23,0,21,1,5,3,0,0,1,4,0,5,0,30,5,10KY4045BS120141 ,KY ,714 ,BS ,4043 ,"Recreation, Sport, and Tourism ",4046 ,Sports Management ,2,1,1,0,1,0,0,0,0,0,0,1,0,0,0,1,1,10KY4046BS120141 ,KY ,714 ,BS ,4043 ,"Recreation, Sport, and Tourism ",5266 ,Sport Management ,185,139,46,0,127,3,28,12,0,2,5,7,1,34,0,160,25,10KY5266BS120141 ,KY ,714 ,MS ,4043 ,"Recreation, Sport, and Tourism ",  ,  ,23,11,12,0,16,0,1,0,0,0,2,4,0,1,0,13,10,10KS4043MS120141 ,KY ,714 ,NDEG ,4043 ,"Recreation, Sport, and Tourism ",  ,  ,1,0,1,0,0,0,0,0,0,0,0,1,0,0,0,0,1,10KS4043NDEG120141 ,KY ,714 ,PHD ,4043 ,"Recreation, Sport, and Tourism ",  ,  ,21,7,14,0,9,1,1,2,0,0,0,8,0,1,0,6,15,10KS4043PHD120141 ,KY ,  ,  ,  ,Applied Health Sci ,  ,***College total*** ,2315,747,1568,0,1415,253,253,239,0,2,69,75,9,298,20,2095,220,  ,,,,,,,,,,,,,,,,,,,,,,,,, ,,,,,,,,,,,,,,,,,,,,,,,,,120141 ,LC ,  ,  ,  ,Veterinary Medicine ,  ,  ,  ,  ,  ,  ,  ,  ,  ,  ,  ,  ,  ,  ,  ,  ,  ,  ,  , 120141 ,LC ,282 ,MS ,5216 ,VMS - Pathobiology ,  ,  ,10,3,7,0,8,1,0,0,0,0,0,1,0,0,0,2,8,10KS5216MS120141 ,LC ,282 ,PHD ,0361 ,VMS - Veterinary Pathobiology ,  ,  ,3,3,0,0,2,0,0,0,0,0,0,1,0,0,0,1,2,10KS0361PHD120141 ,LC ,282 ,PHD ,5216 ,VMS - Pathobiology ,  ,  ,7,6,1,0,2,0,0,0,0,0,0,5,0,0,0,2,5,10KS5216PHD120141 ,LC ,282 ,PHD ,5216 ,VMS - Pathobiology ,5222 ,Pathobiology Research Scholars ,1,0,1,0,1,0,0,0,0,0,0,0,0,0,0,1,0,10KS5216PHD120141 ,LC ,444 ,DVM ,0480 ,Veterinary Medicine ,  ,  ,485,85,399,1,360,15,5,13,1,0,3,1,87,5,2,384,101,10LC0480DVM120141 ,LC ,444 ,DVM ,0480 ,Veterinary Medicine ,0483 ,Vet Pathobiology Res Scholars ,1,0,1,0,1,0,0,0,0,0,0,0,0,0,0,1,0,10LC0483DVM120141 ,LC ,598 ,MS ,0359 ,VMS-Veterinary Clinical Medcne ,  ,  ,29,8,21,0,23,1,0,4,0,0,0,1,0,0,0,11,18,10KS0359MS120141 ,LC ,598 ,PHD ,0359 ,VMS-Veterinary Clinical Medcne ,  ,  ,1,0,1,0,0,1,0,0,0,0,0,0,0,0,0,0,1,10KS0359PHD120141 ,LC ,873 ,MS ,5274 ,VMS - Comparative Biosciences ,  ,  ,4,1,3,0,2,1,0,0,0,0,0,1,0,0,0,3,1,10KS5274MS120141 ,LC ,873 ,PHD ,5274 ,VMS - Comparative Biosciences ,  ,  ,7,2,5,0,2,0,0,0,0,0,0,5,0,0,0,1,6,10KS5274PHD120141 ,LC ,873 ,PHD ,5274 ,VMS - Comparative Biosciences ,5272 ,Comp Biosci Research Scholars ,1,1,0,0,1,0,0,0,0,0,0,0,0,0,0,1,0,10KS5274PHD120141 ,LC ,  ,  ,  ,Veterinary Medicine ,  ,***College total*** ,549,109,439,1,402,19,5,17,1,0,3,15,87,5,2,407,142,  ,,,,,,,,,,,,,,,,,,,,,,,,, ,,,,,,,,,,,,,,,,,,,,,,,,,120141 ,LE ,  ,  ,  ,Institute of Aviation ,  ,  ,  ,  ,  ,  ,  ,  ,  ,  ,  ,  ,  ,  ,  ,  ,  ,  ,  , 120141 ,LE ,707 ,BS ,0489 ,Aviation Human Factors ,  ,  ,23,19,4,0,19,2,1,1,0,0,0,0,0,1,0,22,1,10LE0489BS120141 ,LE ,707 ,NDEG ,0067 ,Nondegree ,  ,  ,1,1,0,0,0,1,0,0,0,0,0,0,0,0,0,0,1,10LE0067NDEG120141 ,LE ,  ,  ,  ,Institute of Aviation ,  ,***College total*** ,24,20,4,0,19,3,1,1,0,0,0,0,0,1,0,22,2,  ,,,,,,,,,,,,,,,,,,,,,,,,, ,,,,,,,,,,,,,,,,,,,,,,,,,120141 ,LG ,  ,  ,  ,Labor & Empl. Rel. ,  ,  ,  ,  ,  ,  ,  ,  ,  ,  ,  ,  ,  ,  ,  ,  ,  ,  ,  , 120141 ,LG ,568 ,MHRIR ,0364 ,Human Res & Industrial Rels ,  ,  ,159,47,111,1,66,18,14,6,1,1,4,49,0,14,1,88,71,10KS0364MHRI120141 ,LG ,568 ,PHD ,0364 ,Human Res & Industrial Rels ,  ,  ,11,5,6,0,4,0,0,0,0,0,0,6,1,0,0,6,5,10KS0364PHD120141 ,LG ,  ,  ,  ,Labor & Empl. Rel. ,  ,***College total*** ,170,52,117,1,70,18,14,6,1,1,4,55,1,14,1,94,76,  ,,,,,,,,,,,,,,,,,,,,,,,,, ,,,,,,,,,,,,,,,,,,,,,,,,,120141 ,LL ,  ,  ,  ,School of Social Work ,  ,  ,  ,  ,  ,  ,  ,  ,  ,  ,  ,  ,  ,  ,  ,  ,  ,  ,  , 120141 ,LL ,783 ,BSW ,0365 ,Social Work ,  ,  ,152,17,135,0,95,9,20,20,0,1,5,1,1,24,2,148,4,10LL0365BSW120141 ,LL ,783 ,MSW ,0365 ,Social Work ,  ,  ,7,2,5,0,2,1,3,0,0,0,0,1,0,3,0,5,2,10KS0365MSW120141 ,LL ,783 ,MSW ,0365 ,Social Work ,5077 ,Health Care ,26,3,23,0,18,2,3,3,0,0,0,0,0,3,0,26,0,10KS0365MSW120141 ,LL ,783 ,MSW ,0365 ,Social Work ,5077 ,Health Care ,1,0,1,0,1,0,0,0,0,0,0,0,0,0,0,1,0,10KS0365MSWX120141 ,LL ,783 ,MSW ,0365 ,Social Work ,5078 ,Mental Health ,74,14,60,0,56,0,9,7,0,0,0,1,1,10,0,67,7,10KS0365MSW120141 ,LL ,783 ,MSW ,0365 ,Social Work ,5079 ,School Social Work ,44,2,42,0,38,1,1,3,0,0,1,0,0,3,0,41,3,10KS0365MSW120141 ,LL ,783 ,MSW ,0365 ,Social Work ,5217 ,"Advocacy, Ldrshp, Socl Change ",11,0,11,0,8,1,1,1,0,0,0,0,0,1,0,10,1,10KS0365MSW120141 ,LL ,783 ,MSW ,0365 ,Social Work ,5218 ,"Children, Youth, Family Svcs ",21,2,19,0,8,5,5,2,0,0,1,0,0,6,0,19,2,10KS0365MSW120141 ,LL ,783 ,NDEG ,0365 ,Social Work ,  ,  ,2,0,2,0,1,0,0,1,0,0,0,0,0,0,0,2,0,10LL0365NDEG120141 ,LL ,783 ,PHD ,0365 ,Social Work ,  ,  ,25,5,20,0,11,0,2,0,0,0,1,11,0,2,0,8,17,10KS0365PHD120141 ,LL ,  ,  ,  ,School of Social Work ,  ,***College total*** ,363,45,318,0,238,19,44,37,0,1,8,14,2,52,2,327,36,  ,,,,,,,,,,,,,,,,,,,,,,,,, ,,,,,,,,,,,,,,,,,,,,,,,,,120141 ,LN ,  ,  ,  ,Center Innov in Teach Learn ,  ,  ,  ,  ,  ,  ,  ,  ,  ,  ,  ,  ,  ,  ,  ,  ,  ,  ,  , 120141 ,LN ,641 ,NDEG ,1249 ,Nondegree-CE ,  ,  ,73,23,50,0,48,9,5,7,0,0,1,0,3,5,1,3,70,10LN1249NDEJ120141 ,LN ,  ,  ,  ,Center Innov in Teach Learn ,  ,***College total*** ,73,23,50,0,48,9,5,7,0,0,1,0,3,5,1,3,70,  ,,,,,,,,,,,,,,,,,,,,,,,,, ,,,,,,,,,,,,,,,,,,,,,,,,,120141 ,LP ,  ,  ,  ,Library & Info Sci ,  ,  ,  ,  ,  ,  ,  ,  ,  ,  ,  ,  ,  ,  ,  ,  ,  ,  ,  , 120141 ,LP ,992 ,CAS ,0370 ,Library & Information Science ,  ,  ,6,1,5,0,5,0,0,0,0,0,0,1,0,0,0,3,3,10KS0370CAS120141 ,LP ,992 ,MS ,0370 ,Library & Information Science ,  ,  ,203,48,155,0,159,6,11,14,0,1,6,4,2,13,3,139,64,10KS0370MS120141 ,LP ,992 ,MS ,0370 ,Library & Information Science ,  ,  ,9,2,7,0,7,0,0,1,0,0,0,1,0,1,0,9,0,10KS0370MSU120141 ,LP ,992 ,MS ,4026 ,Bioinformatics ,5098 ,Library & Information Science ,2,0,2,0,0,0,0,0,0,0,0,2,0,0,0,0,2,10KS5098MS120141 ,LP ,992 ,PHD ,0370 ,Library & Information Science ,  ,  ,56,20,36,0,29,5,5,3,0,0,0,14,0,6,0,20,36,10KS0370PHD120141 ,LP ,  ,  ,  ,Library & Info Sci ,  ,***College total*** ,276,71,205,0,200,11,16,18,0,1,6,22,2,20,3,171,105,  ,,,,,,,,,,,,,,,,,,,,,,,,, ,,,,,,,,,,,,,,,,,,,,,,,,,